"AssetId","CacheFilename","Filename","Category","Reason"
"3339","3339.png","10thMrProfile.png","Character_Avatars","Character profile/portrait/avatar filename"
"3343","3343.png","11thMrProfile.png","Character_Avatars","Character profile/portrait/avatar filename"
"3329","3329.png","1stMrProfile.png","Character_Avatars","Character profile/portrait/avatar filename"
"3488","3488.png","AaronProfile.png","Character_Avatars","Character profile/portrait/avatar filename"
"6164","6164.png","Abe-Profile.png","Character_Avatars","Character profile/portrait/avatar filename"
"7965","7965.png","AboboProfile.png","Character_Avatars","Character profile/portrait/avatar filename"
"8598","8598.png","AdmiralPegLegProfile.png","Character_Avatars","Character profile/portrait/avatar filename"
"1729","1729.png","AGayProfile.png","Character_Avatars","Character profile/portrait/avatar filename"
"3451","3451.png","AlchemistProfile.png","Character_Avatars","Character profile/portrait/avatar filename"
"5378","5378.png","Alex_Profile.png","Character_Avatars","Character profile/portrait/avatar filename"
"1353","1353.png","AlienAlienProfile.png","Character_Avatars","Character profile/portrait/avatar filename"
"1158","1158.png","AlienCapProfile.png","Character_Avatars","Character profile/portrait/avatar filename"
"1159","1159.png","AlienPonyTailProfile.png","Character_Avatars","Character profile/portrait/avatar filename"
"1199","1199.png","AliensPowerLoaderProfile.png","Character_Avatars","Character profile/portrait/avatar filename"
"4885","4885.png","AncientLoserProfile.png","Character_Avatars","Character profile/portrait/avatar filename"
"4881","4881.png","AncientWarriorProfile.png","Character_Avatars","Character profile/portrait/avatar filename"
"5896","5896.png","AndroidpilgrimProfile_1.png","Character_Avatars","Character profile/portrait/avatar filename"
"6763","6763.png","ApexProfile.png","Character_Avatars","Character profile/portrait/avatar filename"
"3697","3697.png","AquaProfile.png","Character_Avatars","Character profile/portrait/avatar filename"
"9878","9878.png","AramakiProfile.png","Character_Avatars","Character profile/portrait/avatar filename"
"1160","1160.png","ArcticBoyProfile.png","Character_Avatars","Character profile/portrait/avatar filename"
"3698","3698.png","AriesProfile.png","Character_Avatars","Character profile/portrait/avatar filename"
"3076","3076.png","ArrowGirlirlProfile.png","Character_Avatars","Character profile/portrait/avatar filename"
"1162","1162.png","AstraunauntProfile.png","Character_Avatars","Character profile/portrait/avatar filename"
"3268","3268.png","AttackDroid2Profile.png","Character_Avatars","Character profile/portrait/avatar filename"
"1934","1934.png","AttackDroidProfile.png","Character_Avatars","Character profile/portrait/avatar filename"
"10632","10632.png","AutonomousJeffersonProfile.png","Character_Avatars","Character profile/portrait/avatar filename"
"1618","1618.png","BadouProfile.png","Character_Avatars","Character profile/portrait/avatar filename"
"1163","1163.png","BaleiGirlProfile.png","Character_Avatars","Character profile/portrait/avatar filename"
"1164","1164.png","BaseballPlayerProfile.png","Character_Avatars","Character profile/portrait/avatar filename"
"7708","7708.png","BasketborgProfile.png","Character_Avatars","Character profile/portrait/avatar filename"
"9866","9866.png","BatouProfile.png","Character_Avatars","Character profile/portrait/avatar filename"
"8258","8258.png","BearTrapProfile.png","Character_Avatars","Character profile/portrait/avatar filename"
"3848","3848.png","BenSorrowProfile.png","Character_Avatars","Character profile/portrait/avatar filename"
"7400","7400.png","BetiYetiProfile.png","Character_Avatars","Character profile/portrait/avatar filename"
"1153","1153.png","BigBabyProfile.png","Character_Avatars","Character profile/portrait/avatar filename"
"1683","1683.png","BigIronRobotProfile.png","Character_Avatars","Character profile/portrait/avatar filename"
"1719","1719.png","BIgMamaProfile.png","Character_Avatars","Character profile/portrait/avatar filename"
"1908","1908.png","BigRobot2Profile.png","Character_Avatars","Character profile/portrait/avatar filename"
"9510","9510.png","BillieFoxProfile.png","Character_Avatars","Character profile/portrait/avatar filename"
"7956","7956.png","BillyLeeProfile.png","Character_Avatars","Character profile/portrait/avatar filename"
"10606","10606.png","BirbProfile.png","Character_Avatars","Character profile/portrait/avatar filename"
"7232","7232.png","Blackbeard-profile.png","Character_Avatars","Character profile/portrait/avatar filename"
"1165","1165.png","BlackFemaleCrewProfile.png","Character_Avatars","Character profile/portrait/avatar filename"
"1166","1166.png","BlackMaleCrewProfile.png","Character_Avatars","Character profile/portrait/avatar filename"
"4961","4961.png","Bliss_The_Media_Manipulator_Profile.png","Character_Avatars","Character profile/portrait/avatar filename"
"5150","5150.png","BlueFemaleCrewProfile.png","Character_Avatars","Character profile/portrait/avatar filename"
"6619","6619.png","BluescreenProfile.png","Character_Avatars","Character profile/portrait/avatar filename"
"8549","8549.png","Blueshirtguy_profile.png","Character_Avatars","Character profile/portrait/avatar filename"
"3596","3596.png","BoratProfile.png","Character_Avatars","Character profile/portrait/avatar filename"
"6751","6751.png","BountyBritoProfile.png","Character_Avatars","Character profile/portrait/avatar filename"
"7386","7386.png","BP15_DarkMatterDiver_profile.png","Character_Avatars","Character profile/portrait/avatar filename"
"7406","7406.png","BP16_Beanie_Profile.png","Character_Avatars","Character profile/portrait/avatar filename"
"10450","10450.png","BP34 Character_profile.png","Character_Avatars","Character profile/portrait/avatar filename"
"6879","6879.png","bp-8-placard-profile.png","Character_Avatars","Character profile/portrait/avatar filename"
"6787","6787.png","Bpass_S6_Cat_Lv1_Profile.png","Character_Avatars","Character profile/portrait/avatar filename"
"6788","6788.png","Bpass_S6_Cat_Lv2_Profile.png","Character_Avatars","Character profile/portrait/avatar filename"
"7130","7130.png","Bpass-S11-Venus-Profile.png","Character_Avatars","Character profile/portrait/avatar filename"
"8454","8454.png","Bpass-s24-bodyequip-profile.png.png","Character_Avatars","Character profile/portrait/avatar filename"
"8455","8455.png","Bpass-s24-legequip-profile.png.png","Character_Avatars","Character profile/portrait/avatar filename"
"8582","8582.png","Bpass-S25-EGG Finder MKIV Profile.png","Character_Avatars","Character profile/portrait/avatar filename"
"8583","8583.png","Bpass-S25-Warren WardenProfile.png","Character_Avatars","Character profile/portrait/avatar filename"
"8593","8593.png","Bpass-S26-CleaningFistProfile.png","Character_Avatars","Character profile/portrait/avatar filename"
"8739","8739.png","Bpass-s26-MysteryMeatPackProfile.png","Character_Avatars","Character profile/portrait/avatar filename"
"8594","8594.png","Bpass-S26-Tenantsbeerslabprofile.png","Character_Avatars","Character profile/portrait/avatar filename"
"10607","10607.png","BreadProfile.png","Character_Avatars","Character profile/portrait/avatar filename"
"6890","6890.png","BrendaLinuxerProfile.png","Character_Avatars","Character profile/portrait/avatar filename"
"1429","1429.png","BrieProfile.png","Character_Avatars","Character profile/portrait/avatar filename"
"6263","6263.png","BrightvoidProfile.png","Character_Avatars","Character profile/portrait/avatar filename"
"6231","6231.png","BritoBotProfile.png","Character_Avatars","Character profile/portrait/avatar filename"
"7283","7283.png","BuckarooProfile.png","Character_Avatars","Character profile/portrait/avatar filename"
"7239","7239.png","BughunterProfile.png","Character_Avatars","Character profile/portrait/avatar filename"
"3398","3398.png","BugMaleProfile.png","Character_Avatars","Character profile/portrait/avatar filename"
"4592","4592.png","ButteredToastCatProfile.png","Character_Avatars","Character profile/portrait/avatar filename"
"4146","4146.png","CameronProfileCHSver.png","Character_Avatars","Character profile/portrait/avatar filename"
"1327","1327.png","CaocaoProfile.png","Character_Avatars","Character profile/portrait/avatar filename"
"3700","3700.png","CapricornProfile.png","Character_Avatars","Character profile/portrait/avatar filename"
"5703","5703.png","CapSnakeProfile.png","Character_Avatars","Character profile/portrait/avatar filename"
"8539","8539.png","CaptainPegbuttProfile.png","Character_Avatars","Character profile/portrait/avatar filename"
"4633","4633.png","CaptainSantaProfile.png","Character_Avatars","Character profile/portrait/avatar filename"
"1930","1930.png","CaribbeanGirlProfile.png","Character_Avatars","Character profile/portrait/avatar filename"
"1196","1196.png","CatboyProfile.png","Character_Avatars","Character profile/portrait/avatar filename"
"6786","6786.png","CatEarProfile.png","Character_Avatars","Character profile/portrait/avatar filename"
"3603","3603.png","CatthuluProfile.png","Character_Avatars","Character profile/portrait/avatar filename"
"5888","5888.png","CharlesProfile.png","Character_Avatars","Character profile/portrait/avatar filename"
"5003","5003.png","ChineseOnigiriProfile.png","Character_Avatars","Character profile/portrait/avatar filename"
"8550","8550.png","Chipchapley_profile.png","Character_Avatars","Character profile/portrait/avatar filename"
"6142","6142.png","ChocoBunnyProfile.png","Character_Avatars","Character profile/portrait/avatar filename"
"3969","3969.png","ChristianProfile.png","Character_Avatars","Character profile/portrait/avatar filename"
"3852","3852.png","CibattaProfile.png","Character_Avatars","Character profile/portrait/avatar filename"
"1167","1167.png","CockrochProfile.png","Character_Avatars","Character profile/portrait/avatar filename"
"3879","3879.png","CommenderNovaProfile.png","Character_Avatars","Character profile/portrait/avatar filename"
"5856","5856.png","Conjoint-Gray-Archon-Profile.png","Character_Avatars","Character profile/portrait/avatar filename"
"9503","9503.png","CoolFrogProfile.png","Character_Avatars","Character profile/portrait/avatar filename"
"6609","6609.png","CortexProfile.png","Character_Avatars","Character profile/portrait/avatar filename"
"5050","5050.png","CowherdProfile.png","Character_Avatars","Character profile/portrait/avatar filename"
"3495","3495.png","crawbarProfile.png","Character_Avatars","Character profile/portrait/avatar filename"
"7372","7372.png","Crew-Nova-profile.png","Character_Avatars","Character profile/portrait/avatar filename"
"3588","3588.png","CrowProfile.png","Character_Avatars","Character profile/portrait/avatar filename"
"6329","6329.png","CrystalBooksProfile.png","Character_Avatars","Character profile/portrait/avatar filename"
"6343","6343.png","CrystalPetProfile.png","Character_Avatars","Character profile/portrait/avatar filename"
"5374","5374.png","CupidTrooperProfile.png","Character_Avatars","Character profile/portrait/avatar filename"
"5204","5204.png","CyberDuckProfile.png","Character_Avatars","Character profile/portrait/avatar filename"
"5832","5832.png","cyclist_Profile.png","Character_Avatars","Character profile/portrait/avatar filename"
"9472","9472.png","DadProfile.png","Character_Avatars","Character profile/portrait/avatar filename"
"1186","1186.png","DanProfile.png","Character_Avatars","Character profile/portrait/avatar filename"
"1329","1329.png","DaqiaoProfile.png","Character_Avatars","Character profile/portrait/avatar filename"
"6333","6333.png","DarkCrystalCrewProfile.png","Character_Avatars","Character profile/portrait/avatar filename"
"5094","5094.png","DarkCrystalProfile.png","Character_Avatars","Character profile/portrait/avatar filename"
"1935","1935.png","DefenceDroidProfile.png","Character_Avatars","Character profile/portrait/avatar filename"
"10480","10480.png","DeloisProfile.png","Character_Avatars","Character profile/portrait/avatar filename"
"5699","5699.png","DirkDarmatterProfile.png","Character_Avatars","Character profile/portrait/avatar filename"
"6683","6683.png","DivingFlippersProfile.png","Character_Avatars","Character profile/portrait/avatar filename"
"1649","1649.png","DoctorWhoooProfile.png","Character_Avatars","Character profile/portrait/avatar filename"
"1156","1156.png","DogeProfile.png","Character_Avatars","Character profile/portrait/avatar filename"
"1323","1323.png","DongzhuoProfile.png","Character_Avatars","Character profile/portrait/avatar filename"
"6197","6197.png","Dove_reward_Goldfish_Profile.png","Character_Avatars","Character profile/portrait/avatar filename"
"1169","1169.png","Dr_SeraProfile.png","Character_Avatars","Character profile/portrait/avatar filename"
"7584","7584.png","DracoknightProfile.png","Character_Avatars","Character profile/portrait/avatar filename"
"1614","1614.png","DragonCrew2Profile.png","Character_Avatars","Character profile/portrait/avatar filename"
"1549","1549.png","DragonCrewProfile.png","Character_Avatars","Character profile/portrait/avatar filename"
"1790","1790.png","DragonCrewProfile_3.png","Character_Avatars","Character profile/portrait/avatar filename"
"7590","7590.png","DragonTalonProfile.png","Character_Avatars","Character profile/portrait/avatar filename"
"4478","4478.png","DrakianInfectedProfile.png","Character_Avatars","Character profile/portrait/avatar filename"
"5651","5651.png","DramaLamaProfile.png","Character_Avatars","Character profile/portrait/avatar filename"
"4614","4614.png","DrCatProfile.png","Character_Avatars","Character profile/portrait/avatar filename"
"1555","1555.png","DrunkenBoganProfile.png","Character_Avatars","Character profile/portrait/avatar filename"
"1211","1211.png","EasterBunnyProfile.png","Character_Avatars","Character profile/portrait/avatar filename"
"1210","1210.png","EasterEggProfile.png","Character_Avatars","Character profile/portrait/avatar filename"
"5694","5694.png","ElderHydraProfile.png","Character_Avatars","Character profile/portrait/avatar filename"
"3612","3612.png","ElephantGodProfile.png","Character_Avatars","Character profile/portrait/avatar filename"
"5903","5903.png","EliteFedCrewProfile_1.png","Character_Avatars","Character profile/portrait/avatar filename"
"5904","5904.png","EliteFedCrewProfile_2.png","Character_Avatars","Character profile/portrait/avatar filename"
"5905","5905.png","EliteFedCrewProfile_3.png","Character_Avatars","Character profile/portrait/avatar filename"
"5906","5906.png","ElitePirateCrewProfile_1.png","Character_Avatars","Character profile/portrait/avatar filename"
"5907","5907.png","ElitePirateCrewProfile_2.png","Character_Avatars","Character profile/portrait/avatar filename"
"5911","5911.png","ElitePirateCrewProfile_3.png","Character_Avatars","Character profile/portrait/avatar filename"
"5908","5908.png","EliteQtaCrewProfile_1.png","Character_Avatars","Character profile/portrait/avatar filename"
"5909","5909.png","EliteQtaCrewProfile_2.png","Character_Avatars","Character profile/portrait/avatar filename"
"5910","5910.png","EliteQtaCrewProfile_3.png","Character_Avatars","Character profile/portrait/avatar filename"
"3456","3456.png","ElonMuskProfile.png","Character_Avatars","Character profile/portrait/avatar filename"
"5704","5704.png","EmberEmpressProfile.png","Character_Avatars","Character profile/portrait/avatar filename"
"1198","1198.png","EmilyProfile.png","Character_Avatars","Character profile/portrait/avatar filename"
"1321","1321.png","EngineerBobProfile.png","Character_Avatars","Character profile/portrait/avatar filename"
"6708","6708.png","Epic-Gray-Crew-profile.png","Character_Avatars","Character profile/portrait/avatar filename"
"5152","5152.png","EricProfile.png","Character_Avatars","Character profile/portrait/avatar filename"
"4631","4631.png","EricTheServerGuyProfile.png","Character_Avatars","Character profile/portrait/avatar filename"
"4945","4945.png","Err_NeutralProfile.png","Character_Avatars","Character profile/portrait/avatar filename"
"3091","3091.png","ESPGirlProfile.png","Character_Avatars","Character profile/portrait/avatar filename"
"1170","1170.png","EvilBoyProfile.png","Character_Avatars","Character profile/portrait/avatar filename"
"6727","6727.png","ExplorerBrendaProfile.png","Character_Avatars","Character profile/portrait/avatar filename"
"7789","7789.png","FatboyProfile.png","Character_Avatars","Character profile/portrait/avatar filename"
"3890","3890.png","FedAsianFemaleCap_Profile2.png","Character_Avatars","Character profile/portrait/avatar filename"
"4449","4449.png","FedAsianFemaleCrewProfile.png","Character_Avatars","Character profile/portrait/avatar filename"
"4447","4447.png","FedAsianFmaleCrewProfile.png","Character_Avatars","Character profile/portrait/avatar filename"
"3803","3803.png","FedAsianMaleCap_Profile.png","Character_Avatars","Character profile/portrait/avatar filename"
"3889","3889.png","FedAsianMaleCap_Profile2.png","Character_Avatars","Character profile/portrait/avatar filename"
"4446","4446.png","FedAsianMaleCrewProfile.png","Character_Avatars","Character profile/portrait/avatar filename"
"3892","3892.png","FedBlackfemaleCap_Profile.png","Character_Avatars","Character profile/portrait/avatar filename"
"4451","4451.png","FedBlackFemaleCrewProfile.png","Character_Avatars","Character profile/portrait/avatar filename"
"3891","3891.png","FedBlackMaleCap_Profile2.png","Character_Avatars","Character profile/portrait/avatar filename"
"4450","4450.png","FedBlackMaleCrewProfile.png","Character_Avatars","Character profile/portrait/avatar filename"
"6711","6711.png","FedCleatsProfile.png","Character_Avatars","Character profile/portrait/avatar filename"
"4982","4982.png","FederationLucyProfile.png","Character_Avatars","Character profile/portrait/avatar filename"
"6407","6407.png","FedProjectorProfile.png","Character_Avatars","Character profile/portrait/avatar filename"
"1149","1149.png","FemaleCrewProfile.png","Character_Avatars","Character profile/portrait/avatar filename"
"3369","3369.png","FiremanSuitProfile.png","Character_Avatars","Character profile/portrait/avatar filename"
"5175","5175.png","FireTurkeyProfile.png","Character_Avatars","Character profile/portrait/avatar filename"
"6867","6867.png","FlagProfile.png","Character_Avatars","Character profile/portrait/avatar filename"
"3367","3367.png","FlashySuit_Profile.png","Character_Avatars","Character profile/portrait/avatar filename"
"6665","6665.png","FlopsyProfile.png","Character_Avatars","Character profile/portrait/avatar filename"
"7172","7172.png","FloraProfile.png","Character_Avatars","Character profile/portrait/avatar filename"
"4785","4785.png","FlyingPigProfile.png","Character_Avatars","Character profile/portrait/avatar filename"
"1197","1197.png","FoxyGirlProfile.png","Character_Avatars","Character profile/portrait/avatar filename"
"1730","1730.png","FrogProfile.png","Character_Avatars","Character profile/portrait/avatar filename"
"6911","6911.png","FrostyProfile.png","Character_Avatars","Character profile/portrait/avatar filename"
"4250","4250.png","GalaticPirateProfile.png","Character_Avatars","Character profile/portrait/avatar filename"
"5595","5595.png","GalaxyBobProfile.png","Character_Avatars","Character profile/portrait/avatar filename"
"3701","3701.png","GeminiProfile.png","Character_Avatars","Character profile/portrait/avatar filename"
"5983","5983.png","General_Yi_Profile.png","Character_Avatars","Character profile/portrait/avatar filename"
"1332","1332.png","GentlemanProfile.png","Character_Avatars","Character profile/portrait/avatar filename"
"6168","6168.png","George-Profile.png","Character_Avatars","Character profile/portrait/avatar filename"
"6124","6124.png","GhostlyDroidProfile.png","Character_Avatars","Character profile/portrait/avatar filename"
"6612","6612.png","GlitcherProfile.png","Character_Avatars","Character profile/portrait/avatar filename"
"1173","1173.png","GoldTrooperProfile.png","Character_Avatars","Character profile/portrait/avatar filename"
"1147","1147.png","GolemProfile.png","Character_Avatars","Character profile/portrait/avatar filename"
"1187","1187.png","GrandpaProfile.png","Character_Avatars","Character profile/portrait/avatar filename"
"7113","7113.png","GrayConductorProfile.png","Character_Avatars","Character profile/portrait/avatar filename"
"6740","6740.png","GrayTiaraProfile.png","Character_Avatars","Character profile/portrait/avatar filename"
"8554","8554.png","Greenshirt_profile.png","Character_Avatars","Character profile/portrait/avatar filename"
"1155","1155.png","GreenSoliderProfile.png","Character_Avatars","Character profile/portrait/avatar filename"
"4590","4590.png","GreyAlienProfile.png","Character_Avatars","Character profile/portrait/avatar filename"
"4597","4597.png","GreyCrew1Profile.png","Character_Avatars","Character profile/portrait/avatar filename"
"6479","6479.png","GrynthProfile.png","Character_Avatars","Character profile/portrait/avatar filename"
"1354","1354.png","GuanYuProfile.png","Character_Avatars","Character profile/portrait/avatar filename"
"4880","4880.png","HarmonyDragonPinkProfile.png","Character_Avatars","Character profile/portrait/avatar filename"
"4023","4023.png","HealingAngelProfile.png","Character_Avatars","Character profile/portrait/avatar filename"
"3074","3074.png","HefnerProfile.png","Character_Avatars","Character profile/portrait/avatar filename"
"4125","4125.png","HillaryClintonProfile_ZH.png","Character_Avatars","Character profile/portrait/avatar filename"
"7364","7364.png","HivizVestProfile.png","Character_Avatars","Character profile/portrait/avatar filename"
"5716","5716.png","HongGilDongProfile.png","Character_Avatars","Character profile/portrait/avatar filename"
"3362","3362.png","HorseFreakProfile.png","Character_Avatars","Character profile/portrait/avatar filename"
"3248","3248.png","HorseManProfile.png","Character_Avatars","Character profile/portrait/avatar filename"
"7644","7644.png","HumTProfile.png","Character_Avatars","Character profile/portrait/avatar filename"
"1626","1626.png","HuntressProfile.png","Character_Avatars","Character profile/portrait/avatar filename"
"1824","1824.png","HydraManProfile.png","Character_Avatars","Character profile/portrait/avatar filename"
"4566","4566.png","IceDragonProfile.png","Character_Avatars","Character profile/portrait/avatar filename"
"7410","7410.png","IceSicleProfile.png","Character_Avatars","Character profile/portrait/avatar filename"
"4878","4878.png","IchiroProfile.png","Character_Avatars","Character profile/portrait/avatar filename"
"9511","9511.png","ImaDevilProfile.png","Character_Avatars","Character profile/portrait/avatar filename"
"1174","1174.png","IndianProfile.png","Character_Avatars","Character profile/portrait/avatar filename"
"6337","6337.png","InfecteddyProfile.png","Character_Avatars","Character profile/portrait/avatar filename"
"5724","5724.png","InfectedQtaProfile.png","Character_Avatars","Character profile/portrait/avatar filename"
"7309","7309.png","InnkeeperProfile.png","Character_Avatars","Character profile/portrait/avatar filename"
"1234","1234.png","InvaderProfile.png","Character_Avatars","Character profile/portrait/avatar filename"
"3414","3414.png","ironmaskLv2Profile.png","Character_Avatars","Character profile/portrait/avatar filename"
"3413","3413.png","ironmaskProfile.png","Character_Avatars","Character profile/portrait/avatar filename"
"4954","4954.png","ItsuraProfile.png","Character_Avatars","Character profile/portrait/avatar filename"
"5865","5865.png","Jack_Olantern_Profile.png","Character_Avatars","Character profile/portrait/avatar filename"
"5884","5884.png","JackProfile.png","Character_Avatars","Character profile/portrait/avatar filename"
"1175","1175.png","JacobProfile.png","Character_Avatars","Character profile/portrait/avatar filename"
"5157","5157.png","JemimaProfile.png","Character_Avatars","Character profile/portrait/avatar filename"
"1216","1216.png","JessicaProfile.png","Character_Avatars","Character profile/portrait/avatar filename"
"6834","6834.png","JesterHatProfile.png","Character_Avatars","Character profile/portrait/avatar filename"
"6824","6824.png","jester-profile.png","Character_Avatars","Character profile/portrait/avatar filename"
"7957","7957.png","JimmyLeeProfile.png","Character_Avatars","Character profile/portrait/avatar filename"
"6755","6755.png","JohnAtoms_Profile.png","Character_Avatars","Character profile/portrait/avatar filename"
"8067","8067.png","JupiterProfile.png","Character_Avatars","Character profile/portrait/avatar filename"
"7147","7147.png","KaneRizzelProfile.png","Character_Avatars","Character profile/portrait/avatar filename"
"7367","7367.png","KatzinskiProfile.png","Character_Avatars","Character profile/portrait/avatar filename"
"5153","5153.png","KentProfile.png","Character_Avatars","Character profile/portrait/avatar filename"
"1176","1176.png","KimProfile.png","Character_Avatars","Character profile/portrait/avatar filename"
"4150","4150.png","KimProfile_ZH.png","Character_Avatars","Character profile/portrait/avatar filename"
"5975","5975.png","King-sejong-Profile.png","Character_Avatars","Character profile/portrait/avatar filename"
"3463","3463.png","KisckstarterAlienProfile.png","Character_Avatars","Character profile/portrait/avatar filename"
"9944","9944.png","KittyKultistProfile.png","Character_Avatars","Character profile/portrait/avatar filename"
"10608","10608.png","KojoProfile.png","Character_Avatars","Character profile/portrait/avatar filename"
"1209","1209.png","KongfuGirlProfile.png","Character_Avatars","Character profile/portrait/avatar filename"
"1579","1579.png","KongProfile.png","Character_Avatars","Character profile/portrait/avatar filename"
"6476","6476.png","KrampusProfile.png","Character_Avatars","Character profile/portrait/avatar filename"
"1786","1786.png","LamaProfile.png","Character_Avatars","Character profile/portrait/avatar filename"
"1343","1343.png","LegendProfile.png","Character_Avatars","Character profile/portrait/avatar filename"
"3702","3702.png","LeoProfile.png","Character_Avatars","Character profile/portrait/avatar filename"
"3703","3703.png","LibraProfile.png","Character_Avatars","Character profile/portrait/avatar filename"
"3516","3516.png","LionWarriorProfile.png","Character_Avatars","Character profile/portrait/avatar filename"
"3511","3511.png","LittleDragonProfile.png","Character_Avatars","Character profile/portrait/avatar filename"
"4829","4829.png","LiuBeiProfile.png","Character_Avatars","Character profile/portrait/avatar filename"
"6849","6849.png","LucidProfile.png","Character_Avatars","Character profile/portrait/avatar filename"
"5994","5994.png","LuckyRed-15TProfile.png","Character_Avatars","Character profile/portrait/avatar filename"
"6379","6379.png","LunaProfile.png","Character_Avatars","Character profile/portrait/avatar filename"
"8540","8540.png","LunkProfile.png","Character_Avatars","Character profile/portrait/avatar filename"
"1339","1339.png","LyuBuProfile.png","Character_Avatars","Character profile/portrait/avatar filename"
"5267","5267.png","MachaoProfile.png","Character_Avatars","Character profile/portrait/avatar filename"
"1232","1232.png","MachaProfile.png","Character_Avatars","Character profile/portrait/avatar filename"
"6447","6447.png","MacKenzieProfile.png","Character_Avatars","Character profile/portrait/avatar filename"
"4153","4153.png","MaiziProfile_ZH.png","Character_Avatars","Character profile/portrait/avatar filename"
"1148","1148.png","MaleCrewProfile.png","Character_Avatars","Character profile/portrait/avatar filename"
"1188","1188.png","MaleNurseProfile.png","Character_Avatars","Character profile/portrait/avatar filename"
"7964","7964.png","MarianProfile.png","Character_Avatars","Character profile/portrait/avatar filename"
"6394","6394.png","MarinerSaturnProfile.png","Character_Avatars","Character profile/portrait/avatar filename"
"6122","6122.png","mars rover profile.png","Character_Avatars","Character profile/portrait/avatar filename"
"7344","7344.png","MarsProfile.png","Character_Avatars","Character profile/portrait/avatar filename"
"3095","3095.png","MartialGirlProfile.png","Character_Avatars","Character profile/portrait/avatar filename"
"3078","3078.png","MaskGirlProfile.png","Character_Avatars","Character profile/portrait/avatar filename"
"3945","3945.png","MaskyAssassinProfile.png","Character_Avatars","Character profile/portrait/avatar filename"
"3968","3968.png","MaskyGeneralProfile.png","Character_Avatars","Character profile/portrait/avatar filename"
"3953","3953.png","MaskyWarriorProfile.png","Character_Avatars","Character profile/portrait/avatar filename"
"6638","6638.png","MaxGasProfile.png","Character_Avatars","Character profile/portrait/avatar filename"
"6299","6299.png","McdonaldsOlympicProfile.png","Character_Avatars","Character profile/portrait/avatar filename"
"5263","5263.png","MenghuoProfile.png","Character_Avatars","Character profile/portrait/avatar filename"
"1178","1178.png","MengProfile.png","Character_Avatars","Character profile/portrait/avatar filename"
"1269","1269.png","MeowProfile.png","Character_Avatars","Character profile/portrait/avatar filename"
"6809","6809.png","MercuryProfile.png","Character_Avatars","Character profile/portrait/avatar filename"
"1356","1356.png","MerdusaProfile.png","Character_Avatars","Character profile/portrait/avatar filename"
"5433","5433.png","MermaidProfile.png","Character_Avatars","Character profile/portrait/avatar filename"
"3595","3595.png","MessiahProfile.png","Character_Avatars","Character profile/portrait/avatar filename"
"1221","1221.png","MichaelJordanProfile.png","Character_Avatars","Character profile/portrait/avatar filename"
"1361","1361.png","MichaelMornierProfile.png","Character_Avatars","Character profile/portrait/avatar filename"
"10609","10609.png","MimiProfile.png","Character_Avatars","Character profile/portrait/avatar filename"
"6316","6316.png","MiningBeaconProfile.png","Character_Avatars","Character profile/portrait/avatar filename"
"4924","4924.png","MiniSwampAProfile.png","Character_Avatars","Character profile/portrait/avatar filename"
"4926","4926.png","MiniSwampBProfile.png","Character_Avatars","Character profile/portrait/avatar filename"
"4925","4925.png","MiniSwampCProfile.png","Character_Avatars","Character profile/portrait/avatar filename"
"3040","3040.png","MissionDialogueProfile.png","Character_Avatars","Character profile/portrait/avatar filename"
"3935","3935.png","MIsticballProfile.png","Character_Avatars","Character profile/portrait/avatar filename"
"5156","5156.png","monkeyking profile.png","Character_Avatars","Character profile/portrait/avatar filename"
"5151","5151.png","MonkProfile.png","Character_Avatars","Character profile/portrait/avatar filename"
"5080","5080.png","MoonBunnyProfile.png","Character_Avatars","Character profile/portrait/avatar filename"
"6377","6377.png","MoonMarinerProfile.png","Character_Avatars","Character profile/portrait/avatar filename"
"9519","9519.png","MortProfile.png","Character_Avatars","Character profile/portrait/avatar filename"
"9862","9862.png","MotokoKusanagiProfile.png","Character_Avatars","Character profile/portrait/avatar filename"
"1617","1617.png","MotokoProfile.png","Character_Avatars","Character profile/portrait/avatar filename"
"1551","1551.png","MrBlueProfile.png","Character_Avatars","Character profile/portrait/avatar filename"
"1328","1328.png","MrCoconutProfile.png","Character_Avatars","Character profile/portrait/avatar filename"
"1324","1324.png","MummyProfile.png","Character_Avatars","Character profile/portrait/avatar filename"
"6315","6315.png","MunitionsProfile.png","Character_Avatars","Character profile/portrait/avatar filename"
"7097","7097.png","MyoProfile.png","Character_Avatars","Character profile/portrait/avatar filename"
"5111","5111.png","NamithProfile.png","Character_Avatars","Character profile/portrait/avatar filename"
"1217","1217.png","NativeAmericanProfile.png","Character_Avatars","Character profile/portrait/avatar filename"
"6192","6192.png","New_droid_Brick_Profile.png","Character_Avatars","Character profile/portrait/avatar filename"
"6183","6183.png","New_droid_OneEyePhil_Profile.png","Character_Avatars","Character profile/portrait/avatar filename"
"6175","6175.png","New_droid_Rusty_Profile.png","Character_Avatars","Character profile/portrait/avatar filename"
"6179","6179.png","New_droid_Square_Profile.png","Character_Avatars","Character profile/portrait/avatar filename"
"5336","5336.png","NeZhaProfile.png","Character_Avatars","Character profile/portrait/avatar filename"
"4588","4588.png","NickyFurryProfile.png","Character_Avatars","Character profile/portrait/avatar filename"
"9608","9608.png","NikolaTeslaProfile.png","Character_Avatars","Character profile/portrait/avatar filename"
"1177","1177.png","NinjaboyProfile.png","Character_Avatars","Character profile/portrait/avatar filename"
"7571","7571.png","noah-profile.png","Character_Avatars","Character profile/portrait/avatar filename"
"3375","3375.png","NolanProfile.png","Character_Avatars","Character profile/portrait/avatar filename"
"1511","1511.png","NYChickenProfile.png","Character_Avatars","Character profile/portrait/avatar filename"
"4127","4127.png","ObamaProfile_ZH.png","Character_Avatars","Character profile/portrait/avatar filename"
"1418","1418.png","OldDriverProfile.png","Character_Avatars","Character profile/portrait/avatar filename"
"1523","1523.png","OlderDriver2Profile.png","Character_Avatars","Character profile/portrait/avatar filename"
"7860","7860.png","OlympianJaiden-profile.png","Character_Avatars","Character profile/portrait/avatar filename"
"7864","7864.png","Olympian-ronaldo-profile.png","Character_Avatars","Character profile/portrait/avatar filename"
"8577","8577.png","OmeggaEggsRayProfile.png","Character_Avatars","Character profile/portrait/avatar filename"
"9266","9266.png","OozeProfile.png","Character_Avatars","Character profile/portrait/avatar filename"
"4260","4260.png","OphProfile.png","Character_Avatars","Character profile/portrait/avatar filename"
"4548","4548.png","OrangeBunProfile.png","Character_Avatars","Character profile/portrait/avatar filename"
"5148","5148.png","OrenMarcusProfile.png","Character_Avatars","Character profile/portrait/avatar filename"
"6303","6303.png","PaganBurgerOlympicProfile.png","Character_Avatars","Character profile/portrait/avatar filename"
"8268","8268.png","PalikittusProfile.png","Character_Avatars","Character profile/portrait/avatar filename"
"3586","3586.png","PandaProfile.png","Character_Avatars","Character profile/portrait/avatar filename"
"5892","5892.png","PaulaProfile.png","Character_Avatars","Character profile/portrait/avatar filename"
"7839","7839.png","PaulVoltaireProfile.png","Character_Avatars","Character profile/portrait/avatar filename"
"6341","6341.png","PercolatorProfile.png","Character_Avatars","Character profile/portrait/avatar filename"
"4849","4849.png","PetRabbitProfile.png","Character_Avatars","Character profile/portrait/avatar filename"
"4890","4890.png","PetSnakeProfile.png","Character_Avatars","Character profile/portrait/avatar filename"
"1531","1531.png","PhoenixProfile.png","Character_Avatars","Character profile/portrait/avatar filename"
"5711","5711.png","PhongrilProfile.png","Character_Avatars","Character profile/portrait/avatar filename"
"6273","6273.png","PianistProfile.png","Character_Avatars","Character profile/portrait/avatar filename"
"10610","10610.png","PikoProfile.png","Character_Avatars","Character profile/portrait/avatar filename"
"8255","8255.png","PilgrimAndroid2Profile.png","Character_Avatars","Character profile/portrait/avatar filename"
"5407","5407.png","PilotCatProfile.png","Character_Avatars","Character profile/portrait/avatar filename"
"3077","3077.png","PilotGirlProfile.png","Character_Avatars","Character profile/portrait/avatar filename"
"3086","3086.png","PinkGazillaProfile.png","Character_Avatars","Character profile/portrait/avatar filename"
"5440","5440.png","PinkPetRabbitProfile.png","Character_Avatars","Character profile/portrait/avatar filename"
"3798","3798.png","PirateAsianFemaleCap_Profile.png","Character_Avatars","Character profile/portrait/avatar filename"
"3896","3896.png","PirateAsianFemaleCap_Profile2.png","Character_Avatars","Character profile/portrait/avatar filename"
"3796","3796.png","PirateAsianMaleCap_Profile.png","Character_Avatars","Character profile/portrait/avatar filename"
"3895","3895.png","PirateAsianMaleCap_Profile2.png","Character_Avatars","Character profile/portrait/avatar filename"
"3799","3799.png","PirateBlackFemaleCap_Profile.png","Character_Avatars","Character profile/portrait/avatar filename"
"3898","3898.png","PirateBlackFemaleCap_Profile2.png","Character_Avatars","Character profile/portrait/avatar filename"
"3797","3797.png","PirateBlackMaleCap_Profile.png","Character_Avatars","Character profile/portrait/avatar filename"
"3897","3897.png","PirateBlackMaleCap_Profile2.png","Character_Avatars","Character profile/portrait/avatar filename"
"5119","5119.png","PirateMiyokoProfile.png","Character_Avatars","Character profile/portrait/avatar filename"
"6408","6408.png","PirateParrotProfile.png","Character_Avatars","Character profile/portrait/avatar filename"
"3801","3801.png","PirateWhiteFemaleCap_Profile.png","Character_Avatars","Character profile/portrait/avatar filename"
"3900","3900.png","PirateWhiteFemaleCap_Profile2.png","Character_Avatars","Character profile/portrait/avatar filename"
"3704","3704.png","PiscesProfile.png","Character_Avatars","Character profile/portrait/avatar filename"
"10612","10612.png","Poku2Profile.png","Character_Avatars","Character profile/portrait/avatar filename"
"10611","10611.png","PokuProfile.png","Character_Avatars","Character profile/portrait/avatar filename"
"3587","3587.png","PolarBearProfile.png","Character_Avatars","Character profile/portrait/avatar filename"
"7710","7710.png","PortableHoopProfile.png","Character_Avatars","Character profile/portrait/avatar filename"
"7166","7166.png","PotPlantSkinProfile.png","Character_Avatars","Character profile/portrait/avatar filename"
"6767","6767.png","PrincessPadfootProfile.png","Character_Avatars","Character profile/portrait/avatar filename"
"3718","3718.png","PrivateRyanProfile.png","Character_Avatars","Character profile/portrait/avatar filename"
"1231","1231.png","ProfessorBrendaProfile.png","Character_Avatars","Character profile/portrait/avatar filename"
"1333","1333.png","ProfessorProfile.png","Character_Avatars","Character profile/portrait/avatar filename"
"4941","4941.png","Profile.png","Character_Avatars","Character profile/portrait/avatar filename"
"5690","5690.png","ProjectErebusProfile.png","Character_Avatars","Character profile/portrait/avatar filename"
"7648","7648.png","ProtonPeepProfile.png","Character_Avatars","Character profile/portrait/avatar filename"
"7659","7659.png","PSS-Bpass-S18-Bodyequip-profile.png","Character_Avatars","Character profile/portrait/avatar filename"
"7715","7715.png","PSS-Bpass-S19-Bodyequip-profile.png","Character_Avatars","Character profile/portrait/avatar filename"
"7714","7714.png","PSS-Bpass-S19-Legequip-profile.png","Character_Avatars","Character profile/portrait/avatar filename"
"7852","7852.png","PSS-Bpass-S20-headequip-profile.png","Character_Avatars","Character profile/portrait/avatar filename"
"9282","9282.png","PSS-Bpass-S27-bodyequip-profile.png","Character_Avatars","Character profile/portrait/avatar filename"
"9291","9291.png","PSS-Bpass-S27-headequip-profile.png","Character_Avatars","Character profile/portrait/avatar filename"
"4128","4128.png","PudinProfile_ZH.png","Character_Avatars","Character profile/portrait/avatar filename"
"9874","9874.png","PurinProfile.png","Character_Avatars","Character profile/portrait/avatar filename"
"8561","8561.png","Purpleshirtedeyestabber_profile.png","Character_Avatars","Character profile/portrait/avatar filename"
"5230","5230.png","PythonianProfile.png","Character_Avatars","Character profile/portrait/avatar filename"
"3759","3759.png","QtaAsianFemaleCap_Profile.png","Character_Avatars","Character profile/portrait/avatar filename"
"3905","3905.png","QtaAsianFemaleCap_Profile2.png","Character_Avatars","Character profile/portrait/avatar filename"
"4504","4504.png","QtaAsianFemaleCrewProfile.png","Character_Avatars","Character profile/portrait/avatar filename"
"3904","3904.png","QtaAsianMale_Profile2.png","Character_Avatars","Character profile/portrait/avatar filename"
"3754","3754.png","QtaAsianMaleCap_Profile.png","Character_Avatars","Character profile/portrait/avatar filename"
"4501","4501.png","QtaAsianMaleCrewProfile.png","Character_Avatars","Character profile/portrait/avatar filename"
"3758","3758.png","QtaBlackFemaleCap_Profile.png","Character_Avatars","Character profile/portrait/avatar filename"
"3908","3908.png","QtaBlackFemaleCap_Profile2.png","Character_Avatars","Character profile/portrait/avatar filename"
"4505","4505.png","QtaBlackFemaleCrewProfile.png","Character_Avatars","Character profile/portrait/avatar filename"
"3906","3906.png","QtaBlackMale_Profile2.png","Character_Avatars","Character profile/portrait/avatar filename"
"3757","3757.png","QtaBlackMaleCap_Profile.png","Character_Avatars","Character profile/portrait/avatar filename"
"4502","4502.png","QtaBlackMaleCrewProfile.png","Character_Avatars","Character profile/portrait/avatar filename"
"6712","6712.png","QtaMarkerProfile.png","Character_Avatars","Character profile/portrait/avatar filename"
"6409","6409.png","QtaToolkitProfile.png","Character_Avatars","Character profile/portrait/avatar filename"
"3756","3756.png","QtaWhiteFemale_Profile.png","Character_Avatars","Character profile/portrait/avatar filename"
"3907","3907.png","QtaWhiteFemale_Profile2.png","Character_Avatars","Character profile/portrait/avatar filename"
"4503","4503.png","QtaWhiteFemaleCrewProfile.png","Character_Avatars","Character profile/portrait/avatar filename"
"9501","9501.png","QuestionHoundProfile.png","Character_Avatars","Character profile/portrait/avatar filename"
"1338","1338.png","ReaperProfile.png","Character_Avatars","Character profile/portrait/avatar filename"
"5719","5719.png","RedMaskProfile.png","Character_Avatars","Character profile/portrait/avatar filename"
"3082","3082.png","RedNinjaProfile.png","Character_Avatars","Character profile/portrait/avatar filename"
"3532","3532.png","RedSausageProfile.png","Character_Avatars","Character profile/portrait/avatar filename"
"6854","6854.png","RefereeProfile.png","Character_Avatars","Character profile/portrait/avatar filename"
"9267","9267.png","ReforgerProfile.png","Character_Avatars","Character profile/portrait/avatar filename"
"1966","1966.png","RepairDroid_Lv5Profile.png","Character_Avatars","Character profile/portrait/avatar filename"
"1933","1933.png","RepairDroidProfile.png","Character_Avatars","Character profile/portrait/avatar filename"
"6436","6436.png","RepairKitBoxProfile.png","Character_Avatars","Character profile/portrait/avatar filename"
"696","696.png","ResearchProfilePic.png","Character_Avatars","Character profile/portrait/avatar filename"
"1181","1181.png","RobocoProfile.png","Character_Avatars","Character profile/portrait/avatar filename"
"3555","3555.png","RobotAssistantSilverProfile.png","Character_Avatars","Character profile/portrait/avatar filename"
"1268","1268.png","RobotGuardProfile.png","Character_Avatars","Character profile/portrait/avatar filename"
"1225","1225.png","RonaldoProfile.png","Character_Avatars","Character profile/portrait/avatar filename"
"5218","5218.png","RudolfProfile.png","Character_Avatars","Character profile/portrait/avatar filename"
"6868","6868.png","RunnersProfile.png","Character_Avatars","Character profile/portrait/avatar filename"
"6381","6381.png","RushBuildProfile.png","Character_Avatars","Character profile/portrait/avatar filename"
"3705","3705.png","SagitProfile.png","Character_Avatars","Character profile/portrait/avatar filename"
"1330","1330.png","SakuraProfile.png","Character_Avatars","Character profile/portrait/avatar filename"
"1419","1419.png","SantaProfile.png","Character_Avatars","Character profile/portrait/avatar filename"
"5135","5135.png","sapce_alibaba_profile.png","Character_Avatars","Character profile/portrait/avatar filename"
"1203","1203.png","SapceOrcProfile.png","Character_Avatars","Character profile/portrait/avatar filename"
"1932","1932.png","SaudiBoyProfile.png","Character_Avatars","Character profile/portrait/avatar filename"
"3872","3872.png","Savy_office_mouse_profile.png","Character_Avatars","Character profile/portrait/avatar filename"
"1360","1360.png","SavysodamManProfile.png","Character_Avatars","Character profile/portrait/avatar filename"
"3924","3924.png","SchrodingerCatProfile.png","Character_Avatars","Character profile/portrait/avatar filename"
"3458","3458.png","ScienceOfficerProfile.png","Character_Avatars","Character profile/portrait/avatar filename"
"3706","3706.png","ScorpioProfile.png","Character_Avatars","Character profile/portrait/avatar filename"
"6789","6789.png","scracth_post_profile.png","Character_Avatars","Character profile/portrait/avatar filename"
"4839","4839.png","ScreenStaticProfile.png","Character_Avatars","Character profile/portrait/avatar filename"
"3048","3048.png","ScrougeType1Profile.png","Character_Avatars","Character profile/portrait/avatar filename"
"1184","1184.png","SergeEricProfile.png","Character_Avatars","Character profile/portrait/avatar filename"
"8538","8538.png","SharkRadProfile.png","Character_Avatars","Character profile/portrait/avatar filename"
"9318","9318.png","SharkVortexProfile.png","Character_Avatars","Character profile/portrait/avatar filename"
"5059","5059.png","SherryProfile.png","Character_Avatars","Character profile/portrait/avatar filename"
"7999","7999.png","SilkLeggingsProfile.png","Character_Avatars","Character profile/portrait/avatar filename"
"3075","3075.png","SilverAdmiralProfile.png","Character_Avatars","Character profile/portrait/avatar filename"
"1226","1226.png","SilverKnightProfile.png","Character_Avatars","Character profile/portrait/avatar filename"
"1179","1179.png","SlimeProfile.png","Character_Avatars","Character profile/portrait/avatar filename"
"6459","6459.png","Slimey-Profile.png","Character_Avatars","Character profile/portrait/avatar filename"
"8464","8464.png","SlithersProfile.png","Character_Avatars","Character profile/portrait/avatar filename"
"4589","4589.png","SnowBoyProfile.png","Character_Avatars","Character profile/portrait/avatar filename"
"5640","5640.png","SnowQueenCrewProfile.png","Character_Avatars","Character profile/portrait/avatar filename"
"6915","6915.png","SnowSprinklerProfile.png","Character_Avatars","Character profile/portrait/avatar filename"
"3926","3926.png","SoccerJerseysProfile.png","Character_Avatars","Character profile/portrait/avatar filename"
"9477","9477.png","SocksProfile.png","Character_Avatars","Character profile/portrait/avatar filename"
"6385","6385.png","SpaceExplorer_profile.png","Character_Avatars","Character profile/portrait/avatar filename"
"1990","1990.png","SpecialAndroidHeadProfile.png","Character_Avatars","Character profile/portrait/avatar filename"
"1939","1939.png","SpecialAndroidProfile.png","Character_Avatars","Character profile/portrait/avatar filename"
"5840","5840.png","SpectreProfile.png","Character_Avatars","Character profile/portrait/avatar filename"
"3616","3616.png","sphinxProfile.png","Character_Avatars","Character profile/portrait/avatar filename"
"5092","5092.png","SpiritDeerProfile.png","Character_Avatars","Character profile/portrait/avatar filename"
"3415","3415.png","sportmaskProfile.png","Character_Avatars","Character profile/portrait/avatar filename"
"1272","1272.png","SquidAlienProfile.png","Character_Avatars","Character profile/portrait/avatar filename"
"1823","1823.png","SquidAlienRedProfile.png","Character_Avatars","Character profile/portrait/avatar filename"
"1580","1580.png","St_PatrickProfile.png","Character_Avatars","Character profile/portrait/avatar filename"
"3524","3524.png","steampunk-suit_Profile.png","Character_Avatars","Character profile/portrait/avatar filename"
"1220","1220.png","StephenHawkingProfile.png","Character_Avatars","Character profile/portrait/avatar filename"
"1430","1430.png","SteveIrwinProfile.png","Character_Avatars","Character profile/portrait/avatar filename"
"8122","8122.png","StickBeaconProfile.png","Character_Avatars","Character profile/portrait/avatar filename"
"6272","6272.png","SuccubusProfile.png","Character_Avatars","Character profile/portrait/avatar filename"
"6797","6797.png","SunscreamProfile.png","Character_Avatars","Character profile/portrait/avatar filename"
"9882","9882.png","TachikomaProfile.png","Character_Avatars","Character profile/portrait/avatar filename"
"9518","9518.png","TammyProfile.png","Character_Avatars","Character profile/portrait/avatar filename"
"1612","1612.png","TaurenProfile.png","Character_Avatars","Character profile/portrait/avatar filename"
"5698","5698.png","TechbarrProfile.png","Character_Avatars","Character profile/portrait/avatar filename"
"8562","8562.png","Tedbear_profile.png","Character_Avatars","Character profile/portrait/avatar filename"
"1218","1218.png","TeddyProfile.png","Character_Avatars","Character profile/portrait/avatar filename"
"5971","5971.png","TheRedBaronProfile.png","Character_Avatars","Character profile/portrait/avatar filename"
"1795","1795.png","TiffanyProfile.png","Character_Avatars","Character profile/portrait/avatar filename"
"4930","4930.png","TigerWoopsProfile.png","Character_Avatars","Character profile/portrait/avatar filename"
"3370","3370.png","TinBodyProfile.png","Character_Avatars","Character profile/portrait/avatar filename"
"3236","3236.png","TinHeadProfile.png","Character_Avatars","Character profile/portrait/avatar filename"
"9870","9870.png","TogusaProfile.png","Character_Avatars","Character profile/portrait/avatar filename"
"5370","5370.png","Tom2020Profile.png","Character_Avatars","Character profile/portrait/avatar filename"
"1747","1747.png","TomProfile.png","Character_Avatars","Character profile/portrait/avatar filename"
"4244","4244.png","TomTheWriterProfile.png","Character_Avatars","Character profile/portrait/avatar filename"
"6201","6201.png","Tour_reward_Octopus_Profile.png","Character_Avatars","Character profile/portrait/avatar filename"
"1180","1180.png","TrooperProfile.png","Character_Avatars","Character profile/portrait/avatar filename"
"4139","4139.png","TrumpProfile_ZH.png","Character_Avatars","Character profile/portrait/avatar filename"
"4017","4017.png","TungProfile.png","Character_Avatars","Character profile/portrait/avatar filename"
"1372","1372.png","TurkishProfile.png","Character_Avatars","Character profile/portrait/avatar filename"
"7143","7143.png","tylord-profile.png","Character_Avatars","Character profile/portrait/avatar filename"
"9312","9312.png","UnityProfile.png","Character_Avatars","Character profile/portrait/avatar filename"
"6277","6277.png","UniverseWillProfile.png","Character_Avatars","Character profile/portrait/avatar filename"
"9476","9476.png","VenusMarinerProfile.png","Character_Avatars","Character profile/portrait/avatar filename"
"1152","1152.png","VerunusProfile.png","Character_Avatars","Character profile/portrait/avatar filename"
"1737","1737.png","VincentMarkTwoProfile.png","Character_Avatars","Character profile/portrait/avatar filename"
"1731","1731.png","VincentProfile.png","Character_Avatars","Character profile/portrait/avatar filename"
"3708","3708.png","VirgoProfile.png","Character_Avatars","Character profile/portrait/avatar filename"
"4479","4479.png","VivienProfile.png","Character_Avatars","Character profile/portrait/avatar filename"
"1154","1154.png","WalkingSkeletonProfile.png","Character_Avatars","Character profile/portrait/avatar filename"
"8262","8262.png","WarhalkProfile.png","Character_Avatars","Character profile/portrait/avatar filename"
"5051","5051.png","WeaverGirlProfile.png","Character_Avatars","Character profile/portrait/avatar filename"
"3397","3397.png","WhaleManProfile.png","Character_Avatars","Character profile/portrait/avatar filename"
"8587","8587.png","WhiteDeathProfile.png","Character_Avatars","Character profile/portrait/avatar filename"
"1189","1189.png","WhiteFemaleCrewProfile.png","Character_Avatars","Character profile/portrait/avatar filename"
"7989","7989.png","WidowProfile.png","Character_Avatars","Character profile/portrait/avatar filename"
"1191","1191.png","WitchProfile.png","Character_Avatars","Character profile/portrait/avatar filename"
"4036","4036.png","wolfClawProfile.png","Character_Avatars","Character profile/portrait/avatar filename"
"1416","1416.png","WolfManProfile.png","Character_Avatars","Character profile/portrait/avatar filename"
"4064","4064.png","X32ClawProfile.png","Character_Avatars","Character profile/portrait/avatar filename"
"5028","5028.png","XeonProfile.png","Character_Avatars","Character profile/portrait/avatar filename"
"5259","5259.png","XiahoudunProfile.png","Character_Avatars","Character profile/portrait/avatar filename"
"1336","1336.png","XiaoQiaoProfile.png","Character_Avatars","Character profile/portrait/avatar filename"
"2003","2003.png","XinBoyProfile.png","Character_Avatars","Character profile/portrait/avatar filename"
"1748","1748.png","XinProfile.png","Character_Avatars","Character profile/portrait/avatar filename"
"4121","4121.png","XiProfile_ZH.png","Character_Avatars","Character profile/portrait/avatar filename"
"3304","3304.png","XmasElf_BoyProfile.png","Character_Avatars","Character profile/portrait/avatar filename"
"3305","3305.png","XmasElf_GirlProfile.png","Character_Avatars","Character profile/portrait/avatar filename"
"8365","8365.png","XmasTreeManProfile.png","Character_Avatars","Character profile/portrait/avatar filename"
"3994","3994.png","XuanProfile.png","Character_Avatars","Character profile/portrait/avatar filename"
"5979","5979.png","Yi-Hwang_Profile.png","Character_Avatars","Character profile/portrait/avatar filename"
"1326","1326.png","YusiProfile.png","Character_Avatars","Character profile/portrait/avatar filename"
"3742","3742.png","ZakiDragonProfile.png","Character_Avatars","Character profile/portrait/avatar filename"
"4818","4818.png","ZakiWarriorProfile.png","Character_Avatars","Character profile/portrait/avatar filename"
"4828","4828.png","ZhangFeiProfile.png","Character_Avatars","Character profile/portrait/avatar filename"
"5155","5155.png","ZhaoyunProfile.png","Character_Avatars","Character profile/portrait/avatar filename"
"1369","1369.png","ZhugeliangProfile.png","Character_Avatars","Character profile/portrait/avatar filename"
"4485","4485.png","ZombieCatProfile.png","Character_Avatars","Character profile/portrait/avatar filename"
"3916","3916.png","ZombieGiantProfile.png","Character_Avatars","Character profile/portrait/avatar filename"
"1318","1318.png","ZombieMaleProfile.png","Character_Avatars","Character profile/portrait/avatar filename"
"1319","1319.png","ZombiFemaleProfile.png","Character_Avatars","Character profile/portrait/avatar filename"
"5608","5608.png","_PSS_Galaxy_KS_Skin_icon.png","Character_Sprites","Character/sprite filename"
"3337","3337.png","10thMrBody.png","Character_Sprites","Character-part filename/design"
"3336","3336.png","10thMrHead.png","Character_Sprites","Character-part filename/design"
"3338","3338.png","10thMrLeg.png","Character_Sprites","Character-part filename/design"
"9752","9752.png","10YearCrewPods.png","Character_Sprites","Character/sprite filename"
"3341","3341.png","11thMrBody.png","Character_Sprites","Character-part filename/design"
"3340","3340.png","11thMrHead.png","Character_Sprites","Character-part filename/design"
"3342","3342.png","11thMrLeg.png","Character_Sprites","Character-part filename/design"
"3345","3345.png","13thMrBody.png","Character_Sprites","Character-part filename/design"
"3344","3344.png","13thMrHead.png","Character_Sprites","Character-part filename/design"
"3346","3346.png","13thMrLeg.png","Character_Sprites","Character-part filename/design"
"3327","3327.png","1stMrBody.png","Character_Sprites","Character-part filename/design"
"3326","3326.png","1stMrHead.png","Character_Sprites","Character-part filename/design"
"3328","3328.png","1stMrLeg.png","Character_Sprites","Character-part filename/design"
"5225","5225.png","2019DecReward_Leg.png","Character_Sprites","Character-part filename/design"
"5226","5226.png","2019DecReward_LegAlter.png","Character_Sprites","Character/sprite filename"
"5963","5963.png","2020DecReward_Beacon20Gold.png","Character_Sprites","Character/sprite filename"
"5964","5964.png","2020DecReward_Beacon20Gold_exterior.png","Character_Sprites","Character/sprite filename"
"5960","5960.png","2020DecReward_Beacon20GoldCrown.png","Character_Sprites","Character/sprite filename"
"5961","5961.png","2020DecReward_Beacon20GoldCrown_exterior.png","Character_Sprites","Character/sprite filename"
"5958","5958.png","2020DecReward_Beacon20Silver.png","Character_Sprites","Character/sprite filename"
"5959","5959.png","2020DecReward_Beacon20Silver_exterior.png","Character_Sprites","Character/sprite filename"
"5965","5965.png","2020DecReward_Beacon20SilverCrown.png","Character_Sprites","Character/sprite filename"
"5966","5966.png","2020DecReward_Beacon20SilverCrown_exterior.png","Character_Sprites","Character/sprite filename"
"6000","6000.png","2021_CNY_skin_icon.png","Character_Sprites","Character/sprite filename"
"5999","5999.png","2021_CNY_skin_paricle.png","Character_Sprites","Character/sprite filename"
"5997","5997.png","2021_CNY_skin_ver2.png","Character_Sprites","Character/sprite filename"
"7070","7070.png","2023-tour-gear-legs-a.png","Character_Sprites","Character/sprite filename"
"7080","7080.png","2023-tour-gear-legs-Amethyst.png","Character_Sprites","Character/sprite filename"
"7065","7065.png","2023-tour-gear-legs-b.png","Character_Sprites","Character/sprite filename"
"7060","7060.png","2023-tour-gear-legs-c.png","Character_Sprites","Character/sprite filename"
"7055","7055.png","2023-tour-gear-legs-d.png","Character_Sprites","Character/sprite filename"
"7075","7075.png","2023-tour-gear-legs-s.png","Character_Sprites","Character/sprite filename"
"7503","7503.png","2024-tour-amethyst-legs.png","Character_Sprites","Character/sprite filename"
"7504","7504.png","2024-tour-class-a-legs-lv1.png","Character_Sprites","Character/sprite filename"
"7505","7505.png","2024-tour-class-a-legs-lv2.png","Character_Sprites","Character/sprite filename"
"7506","7506.png","2024-tour-class-a-legs-lv3.png","Character_Sprites","Character/sprite filename"
"7507","7507.png","2024-tour-class-b-legs-lv1.png","Character_Sprites","Character/sprite filename"
"7508","7508.png","2024-tour-class-b-legs-lv2.png","Character_Sprites","Character/sprite filename"
"7509","7509.png","2024-tour-class-b-legs-lv3.png","Character_Sprites","Character/sprite filename"
"7510","7510.png","2024-tour-class-c-legs-lv1.png","Character_Sprites","Character/sprite filename"
"7511","7511.png","2024-tour-class-c-legs-lv2.png","Character_Sprites","Character/sprite filename"
"7512","7512.png","2024-tour-class-d-legs-lv1.png","Character_Sprites","Character/sprite filename"
"7513","7513.png","2024-tour-class-s-legs-lv1.png","Character_Sprites","Character/sprite filename"
"7514","7514.png","2024-tour-class-s-legs-lv2.png","Character_Sprites","Character/sprite filename"
"7515","7515.png","2024-tour-class-s-legs-lv3.png","Character_Sprites","Character/sprite filename"
"7516","7516.png","2024-tour-special-legs.png","Character_Sprites","Character/sprite filename"
"8438","8438.png","2025-tour-class-a-leg-lv1.png","Character_Sprites","Character/sprite filename"
"8439","8439.png","2025-tour-class-a-leg-lv2.png","Character_Sprites","Character/sprite filename"
"8440","8440.png","2025-tour-class-a-leg-lv3.png","Character_Sprites","Character/sprite filename"
"8441","8441.png","2025-tour-class-amethyst-leg.png","Character_Sprites","Character-part filename/design"
"8442","8442.png","2025-tour-class-b-leg-lv1.png","Character_Sprites","Character/sprite filename"
"8443","8443.png","2025-tour-class-b-leg-lv2.png","Character_Sprites","Character/sprite filename"
"8444","8444.png","2025-tour-class-b-leg-lv3.png","Character_Sprites","Character/sprite filename"
"8445","8445.png","2025-tour-class-c-leg-lv1.png","Character_Sprites","Character/sprite filename"
"8446","8446.png","2025-tour-class-c-leg-lv2.png","Character_Sprites","Character/sprite filename"
"8447","8447.png","2025-tour-class-d-leg-lv1.png","Character_Sprites","Character/sprite filename"
"8448","8448.png","2025-tour-class-s-leg-lv1.png","Character_Sprites","Character/sprite filename"
"8449","8449.png","2025-tour-class-s-leg-lv2.png","Character_Sprites","Character/sprite filename"
"8450","8450.png","2025-tour-class-s-leg-lv3.png","Character_Sprites","Character/sprite filename"
"8451","8451.png","2025-tour-class-special-leg.png","Character_Sprites","Character-part filename/design"
"8405","8405.png","2025-tour-profile-leg.png","Character_Sprites","Character-part filename/design"
"9759","9759.png","2026-tour-class-a-legs-lv1.png","Character_Sprites","Character/sprite filename"
"9760","9760.png","2026-tour-class-a-legs-lv2.png","Character_Sprites","Character/sprite filename"
"9761","9761.png","2026-tour-class-a-legs-lv3.png","Character_Sprites","Character/sprite filename"
"9764","9764.png","2026-tour-class-amethyst-legs-lv3.png","Character_Sprites","Character/sprite filename"
"9773","9773.png","2026-tour-class-b-legs-lv1.png","Character_Sprites","Character/sprite filename"
"9774","9774.png","2026-tour-class-b-legs-lv2.png","Character_Sprites","Character/sprite filename"
"9775","9775.png","2026-tour-class-b-legs-lv3.png","Character_Sprites","Character/sprite filename"
"9793","9793.png","2026-tour-class-c-legs-lv1.png","Character_Sprites","Character/sprite filename"
"9794","9794.png","2026-tour-class-c-legs-lv2.png","Character_Sprites","Character/sprite filename"
"9797","9797.png","2026-tour-class-d-legs-lv1.png","Character_Sprites","Character/sprite filename"
"9807","9807.png","2026-tour-class-s-legs-lv1.png","Character_Sprites","Character/sprite filename"
"9808","9808.png","2026-tour-class-s-legs-lv2.png","Character_Sprites","Character/sprite filename"
"9809","9809.png","2026-tour-class-s-legs-lv3.png","Character_Sprites","Character/sprite filename"
"6236","6236.png","4thofJuly_skin_final.png","Character_Sprites","Character/sprite filename"
"6237","6237.png","4thofJuly_skin_icon.png","Character_Sprites","Character/sprite filename"
"6166","6166.png","Abe_body.png","Character_Sprites","Character-part filename/design"
"6165","6165.png","Abe_head.png","Character_Sprites","Character-part filename/design"
"6167","6167.png","Abe_Leg.png","Character_Sprites","Character-part filename/design"
"7962","7962.png","AboboBody.png","Character_Sprites","Character-part filename/design"
"7961","7961.png","AboboHead.png","Character_Sprites","Character-part filename/design"
"7963","7963.png","AboboLeg.png","Character_Sprites","Character-part filename/design"
"8600","8600.png","AdmiralPegLeg.png","Character_Sprites","Character-part filename/design"
"748","748.png","AlexHead.png","Character_Sprites","Character-part filename/design"
"5376","5376.png","AlexSteam_Body.png","Character_Sprites","Character-part filename/design"
"5375","5375.png","AlexSteam_Head.png","Character_Sprites","Character-part filename/design"
"5377","5377.png","AlexSteam_Leg.png","Character_Sprites","Character-part filename/design"
"629","629.png","alien4handsBody.png","Character_Sprites","Character-part filename/design"
"628","628.png","alien4handsHead.png","Character_Sprites","Character-part filename/design"
"630","630.png","alien4handsLeg.png","Character_Sprites","Character-part filename/design"
"1351","1351.png","AlienAlienBody.png","Character_Sprites","Character-part filename/design"
"1350","1350.png","AlienAlienHead.png","Character_Sprites","Character-part filename/design"
"1352","1352.png","AlienAlienLeg.png","Character_Sprites","Character-part filename/design"
"473","473.png","AlienEnermyBody.png","Character_Sprites","Character-part filename/design"
"472","472.png","AlienEnermyHead.png","Character_Sprites","Character-part filename/design"
"474","474.png","AlienEnermyLeg.png","Character_Sprites","Character-part filename/design"
"635","635.png","AlienPonytailBody.png","Character_Sprites","Character-part filename/design"
"634","634.png","AlienPonytailHead.png","Character_Sprites","Character-part filename/design"
"636","636.png","AlienPonytailLeg.png","Character_Sprites","Character-part filename/design"
"1223","1223.png","AlienPowerLoaderBody.png","Character_Sprites","Character-part filename/design"
"1222","1222.png","AlienPowerLoaderHead.png","Character_Sprites","Character-part filename/design"
"1224","1224.png","AlienPowerLoaderLeg.png","Character_Sprites","Character-part filename/design"
"475","475.png","AlienSnakeEnermyHead.png","Character_Sprites","Character-part filename/design"
"476","476.png","AlienSnakeEnermyLeg.png","Character_Sprites","Character-part filename/design"
"4887","4887.png","AncientLoserBody.png","Character_Sprites","Character-part filename/design"
"4886","4886.png","AncientLoserHead.png","Character_Sprites","Character-part filename/design"
"4888","4888.png","AncientLoserLeg.png","Character_Sprites","Character-part filename/design"
"4883","4883.png","AncientWarriorBody.png","Character_Sprites","Character-part filename/design"
"4882","4882.png","AncientWarriorHead.png","Character_Sprites","Character-part filename/design"
"4884","4884.png","AncientWarriorLeg.png","Character_Sprites","Character-part filename/design"
"5894","5894.png","AndroidPilgrimBody.png","Character_Sprites","Character-part filename/design"
"5893","5893.png","AndroidPilgrimHead.png","Character_Sprites","Character-part filename/design"
"5895","5895.png","AndroidPilgrimLeg.png","Character_Sprites","Character-part filename/design"
"1508","1508.png","AnonymousHead.png","Character_Sprites","Character-part filename/design"
"6761","6761.png","ApexBody.png","Character_Sprites","Character-part filename/design"
"6760","6760.png","ApexHead.png","Character_Sprites","Character-part filename/design"
"6762","6762.png","ApexLeg.png","Character_Sprites","Character-part filename/design"
"3674","3674.png","AquaBody.png","Character_Sprites","Character-part filename/design"
"3673","3673.png","AquaHead.png","Character_Sprites","Character-part filename/design"
"3675","3675.png","AquaLeg.png","Character_Sprites","Character-part filename/design"
"9876","9876.png","AramakiBody.png","Character_Sprites","Character-part filename/design"
"9875","9875.png","AramakiHead.png","Character_Sprites","Character-part filename/design"
"9877","9877.png","AramakiLeg.png","Character_Sprites","Character-part filename/design"
"739","739.png","ArcticPoleBoyBody.png","Character_Sprites","Character-part filename/design"
"738","738.png","ArcticPoleBoyHead.png","Character_Sprites","Character-part filename/design"
"740","740.png","ArcticPoleBoyLeg.png","Character_Sprites","Character-part filename/design"
"4604","4604.png","ArdentArcherBody.png","Character_Sprites","Character-part filename/design"
"4603","4603.png","ArdentArcherHead.png","Character_Sprites","Character-part filename/design"
"4606","4606.png","ArdentArcherLeg.png","Character_Sprites","Character-part filename/design"
"7793","7793.png","ArdentTemplar_pride_body.png","Character_Sprites","Character-part filename/design"
"7794","7794.png","ArdentTemplar_pride_head.png","Character_Sprites","Character-part filename/design"
"7795","7795.png","ArdentTemplar_pride_leg.png","Character_Sprites","Character-part filename/design"
"4616","4616.png","ArdentWarriorBody.png","Character_Sprites","Character-part filename/design"
"4615","4615.png","ArdentWarriorHead.png","Character_Sprites","Character-part filename/design"
"4617","4617.png","ArdentWarriorLeg.png","Character_Sprites","Character-part filename/design"
"637","637.png","area51AlienHead.png","Character_Sprites","Character-part filename/design"
"3713","3713.png","AriesBody.png","Character_Sprites","Character-part filename/design"
"3712","3712.png","AriesHead.png","Character_Sprites","Character-part filename/design"
"3714","3714.png","AriesLeg.png","Character_Sprites","Character-part filename/design"
"3486","3486.png","AronBody.png","Character_Sprites","Character-part filename/design"
"3485","3485.png","AronHead.png","Character_Sprites","Character-part filename/design"
"3487","3487.png","AronLeg.png","Character_Sprites","Character-part filename/design"
"3060","3060.png","ArrowGirlBody.png","Character_Sprites","Character-part filename/design"
"3059","3059.png","ArrowGirlHead.png","Character_Sprites","Character-part filename/design"
"3061","3061.png","ArrowGirlLeg.png","Character_Sprites","Character-part filename/design"
"202","202.png","asianFemaleBody.png","Character_Sprites","Character-part filename/design"
"623","623.png","asianFemaleHead.png","Character_Sprites","Character-part filename/design"
"201","201.png","asianFemaleHeadCap.png","Character_Sprites","Character/sprite filename"
"203","203.png","asianFemaleLeg.png","Character_Sprites","Character-part filename/design"
"190","190.png","asianMaleBody.png","Character_Sprites","Character-part filename/design"
"622","622.png","asianMaleHead.png","Character_Sprites","Character-part filename/design"
"186","186.png","asianMaleHeadCap.png","Character_Sprites","Character/sprite filename"
"191","191.png","asianMaleLeg.png","Character_Sprites","Character-part filename/design"
"10560","10560.png","AssassinDroid_lv1Body.png","Character_Sprites","Character-part filename/design"
"10561","10561.png","AssassinDroid_lv1Head.png","Character_Sprites","Character-part filename/design"
"10562","10562.png","AssassinDroid_lv1Leg.png","Character_Sprites","Character-part filename/design"
"10563","10563.png","AssassinDroid_lv2Body.png","Character_Sprites","Character-part filename/design"
"10564","10564.png","AssassinDroid_lv2Head.png","Character_Sprites","Character-part filename/design"
"10565","10565.png","AssassinDroid_lv2Leg.png","Character_Sprites","Character-part filename/design"
"10566","10566.png","AssassinDroid_lv3Body.png","Character_Sprites","Character-part filename/design"
"10567","10567.png","AssassinDroid_lv3Head.png","Character_Sprites","Character-part filename/design"
"10568","10568.png","AssassinDroid_lv3Leg.png","Character_Sprites","Character-part filename/design"
"742","742.png","AstronautBody.png","Character_Sprites","Character-part filename/design"
"741","741.png","AstronautHead.png","Character_Sprites","Character-part filename/design"
"743","743.png","AstronautLeg.png","Character_Sprites","Character-part filename/design"
"1925","1925.png","AttackDroid_Lv1Body.png","Character_Sprites","Character-part filename/design"
"1924","1924.png","AttackDroid_Lv1Head.png","Character_Sprites","Character-part filename/design"
"1926","1926.png","AttackDroid_Lv1Leg.png","Character_Sprites","Character-part filename/design"
"1920","1920.png","AttackDroid_Lv2Body.png","Character_Sprites","Character-part filename/design"
"1918","1918.png","AttackDroid_Lv2Head.png","Character_Sprites","Character-part filename/design"
"1919","1919.png","AttackDroid_Lv2Leg.png","Character_Sprites","Character-part filename/design"
"1955","1955.png","AttackDroid_Lv3Body.png","Character_Sprites","Character-part filename/design"
"1954","1954.png","AttackDroid_Lv3Head.png","Character_Sprites","Character-part filename/design"
"1956","1956.png","AttackDroid_Lv3Leg.png","Character_Sprites","Character-part filename/design"
"1958","1958.png","AttackDroid_Lv4Body.png","Character_Sprites","Character-part filename/design"
"1957","1957.png","AttackDroid_Lv4Head.png","Character_Sprites","Character-part filename/design"
"1959","1959.png","AttackDroid_Lv4Leg.png","Character_Sprites","Character-part filename/design"
"10549","10549.png","AttackDroid_lv7Body.png","Character_Sprites","Character-part filename/design"
"10548","10548.png","AttackDroid_lv7Head.png","Character_Sprites","Character-part filename/design"
"10550","10550.png","AttackDroid_lv7Leg.png","Character_Sprites","Character-part filename/design"
"3261","3261.png","AttackDroid2_Body.png","Character_Sprites","Character-part filename/design"
"3260","3260.png","AttackDroid2_Head.png","Character_Sprites","Character-part filename/design"
"3262","3262.png","AttackDroid2_Leg.png","Character_Sprites","Character-part filename/design"
"3264","3264.png","AttackDroid2Lv2_Body.png","Character_Sprites","Character-part filename/design"
"3263","3263.png","AttackDroid2Lv2_Head.png","Character_Sprites","Character-part filename/design"
"3265","3265.png","AttackDroid2Lv2_Leg.png","Character_Sprites","Character-part filename/design"
"3498","3498.png","AttackDroid2Lv3_Body.png","Character_Sprites","Character-part filename/design"
"3497","3497.png","AttackDroid2Lv3_Head.png","Character_Sprites","Character-part filename/design"
"3499","3499.png","AttackDroid2Lv3_LEG.png","Character_Sprites","Character-part filename/design"
"5868","5868.png","AttackDroidLv6_Body.png","Character_Sprites","Character-part filename/design"
"5867","5867.png","AttackDroidLv6_Head.png","Character_Sprites","Character-part filename/design"
"5869","5869.png","AttackDroidLv6_Leg.png","Character_Sprites","Character-part filename/design"
"10629","10629.png","AutonomousJeffersonBody.png","Character_Sprites","Character-part filename/design"
"10630","10630.png","AutonomousJeffersonHead.png","Character_Sprites","Character-part filename/design"
"10631","10631.png","AutonomousJeffersonLeg.png","Character_Sprites","Character-part filename/design"
"783","783.png","BaleiGrialBody.png","Character_Sprites","Character-part filename/design"
"768","768.png","BaleiGrialHead.png","Character_Sprites","Character-part filename/design"
"769","769.png","BaleiGrialLeg.png","Character_Sprites","Character-part filename/design"
"730","730.png","BaseballPlayerBody.png","Character_Sprites","Character-part filename/design"
"729","729.png","BaseballPlayerHead.png","Character_Sprites","Character-part filename/design"
"731","731.png","BaseballPlayerLeg.png","Character_Sprites","Character-part filename/design"
"7706","7706.png","BasketborgBody.png","Character_Sprites","Character-part filename/design"
"7705","7705.png","BasketborgHead.png","Character_Sprites","Character-part filename/design"
"7707","7707.png","BasketborgLeg.png","Character_Sprites","Character-part filename/design"
"1142","1142.png","BatGirlBody.png","Character_Sprites","Character-part filename/design"
"1141","1141.png","BatGirlHead.png","Character_Sprites","Character-part filename/design"
"1143","1143.png","BatGirlLeg.png","Character_Sprites","Character-part filename/design"
"1589","1589.png","BatouBody.png","Character_Sprites","Character-part filename/design"
"1588","1588.png","BatouHead.png","Character_Sprites","Character-part filename/design"
"1590","1590.png","BatouLeg.png","Character_Sprites","Character-part filename/design"
"1303","1303.png","BattleAmorBodyBronze.png","Character_Sprites","Character/sprite filename"
"1377","1377.png","BattleAmorBodyGold.png","Character_Sprites","Character/sprite filename"
"1376","1376.png","BattleAmorBodySilver.png","Character_Sprites","Character/sprite filename"
"1434","1434.png","BattleAmorHelmetFootballLeg.png","Character_Sprites","Character-part filename/design"
"1304","1304.png","BattleAmorLegBronze.png","Character_Sprites","Character/sprite filename"
"1386","1386.png","BattleAmorLegGold.png","Character_Sprites","Character/sprite filename"
"1385","1385.png","BattleAmorLegPlatinum__1385.png","Character_Sprites","Character/sprite filename"
"1387","1387.png","BattleAmorLegPlatinum__1387.png","Character_Sprites","Character/sprite filename"
"1287","1287.png","BattleArmor_Type2_Red_Leg.png","Character_Sprites","Character-part filename/design"
"3846","3846.png","BenSorrowBody.png","Character_Sprites","Character-part filename/design"
"3845","3845.png","BenSorrowHead.png","Character_Sprites","Character-part filename/design"
"3847","3847.png","BenSorrowLeg.png","Character_Sprites","Character-part filename/design"
"7398","7398.png","BetiYetiBody.png","Character_Sprites","Character-part filename/design"
"7397","7397.png","BetiYetiHead.png","Character_Sprites","Character-part filename/design"
"7399","7399.png","BetiYetiLeg.png","Character_Sprites","Character-part filename/design"
"676","676.png","BigBabyBody.png","Character_Sprites","Character-part filename/design"
"675","675.png","BigBabyHead.png","Character_Sprites","Character-part filename/design"
"677","677.png","BigBabyLeg.png","Character_Sprites","Character-part filename/design"
"347","347.png","bigFootballFanBody.png","Character_Sprites","Character-part filename/design"
"346","346.png","bigFootballFanHead.png","Character_Sprites","Character-part filename/design"
"348","348.png","bigFootballFanLeg.png","Character_Sprites","Character-part filename/design"
"1662","1662.png","BigIronRobotBody.png","Character_Sprites","Character-part filename/design"
"1661","1661.png","BigIronRobotHead.png","Character_Sprites","Character-part filename/design"
"1663","1663.png","BigIronRobotLeg.png","Character_Sprites","Character-part filename/design"
"1715","1715.png","BigMamaBody.png","Character_Sprites","Character-part filename/design"
"1714","1714.png","BigMamaHead.png","Character_Sprites","Character-part filename/design"
"1716","1716.png","BigMamaLeg.png","Character_Sprites","Character-part filename/design"
"1906","1906.png","BigRobot2Body.png","Character_Sprites","Character-part filename/design"
"1905","1905.png","BigRobot2Head.png","Character_Sprites","Character-part filename/design"
"1907","1907.png","BigRobot2Leg.png","Character_Sprites","Character-part filename/design"
"9508","9508.png","BillieFoxBody.png","Character_Sprites","Character-part filename/design"
"9507","9507.png","BillieFoxHead.png","Character_Sprites","Character-part filename/design"
"9509","9509.png","BillieFoxLeg.png","Character_Sprites","Character-part filename/design"
"7951","7951.png","BillyLeeBody.png","Character_Sprites","Character-part filename/design"
"7950","7950.png","BillyLeeHead.png","Character_Sprites","Character-part filename/design"
"7952","7952.png","BillyLeeLeg.png","Character_Sprites","Character-part filename/design"
"10588","10588.png","BirbBody.png","Character_Sprites","Character-part filename/design"
"10589","10589.png","BirbHead.png","Character_Sprites","Character-part filename/design"
"10590","10590.png","BirbLeg.png","Character_Sprites","Character-part filename/design"
"7234","7234.png","Blackbeard_body.png","Character_Sprites","Character-part filename/design"
"7233","7233.png","Blackbeard_Head.png","Character_Sprites","Character-part filename/design"
"7235","7235.png","Blackbeard_leg.png","Character_Sprites","Character-part filename/design"
"214","214.png","blackFemaleBody.png","Character_Sprites","Character-part filename/design"
"625","625.png","blackFemaleHead.png","Character_Sprites","Character-part filename/design"
"213","213.png","blackFemaleHeadCap.png","Character_Sprites","Character/sprite filename"
"215","215.png","blackFemaleLeg.png","Character_Sprites","Character-part filename/design"
"211","211.png","blackMaleBody.png","Character_Sprites","Character-part filename/design"
"624","624.png","blackMaleHead.png","Character_Sprites","Character-part filename/design"
"210","210.png","blackMaleHeadCap.png","Character_Sprites","Character/sprite filename"
"212","212.png","blackMaleLeg.png","Character_Sprites","Character-part filename/design"
"6877","6877.png","BlasterLaserAnimation_middle_Gold.png","Character_Sprites","Character/sprite filename"
"4959","4959.png","BlissBody.png","Character_Sprites","Character-part filename/design"
"4958","4958.png","BlissHead.png","Character_Sprites","Character-part filename/design"
"4960","4960.png","BlissLeg.png","Character_Sprites","Character-part filename/design"
"3207","3207.png","BlueBoyBody.png","Character_Sprites","Character-part filename/design"
"3208","3208.png","BlueBoyLeg.png","Character_Sprites","Character-part filename/design"
"8546","8546.png","Blueshirtguy_body.png","Character_Sprites","Character-part filename/design"
"8547","8547.png","Blueshirtguy_head.png","Character_Sprites","Character-part filename/design"
"8548","8548.png","Blueshirtguy_leg.png","Character_Sprites","Character-part filename/design"
"495","495.png","Body-explorsion.png","Character_Sprites","Character/sprite filename"
"3598","3598.png","BoratBody.png","Character_Sprites","Character-part filename/design"
"3597","3597.png","BoratHead.png","Character_Sprites","Character-part filename/design"
"3599","3599.png","BoratLeg.png","Character_Sprites","Character-part filename/design"
"6753","6753.png","BountyBritoBody.png","Character_Sprites","Character-part filename/design"
"6752","6752.png","BountyBritoHead.png","Character_Sprites","Character-part filename/design"
"6754","6754.png","BountyBritoLeg.png","Character_Sprites","Character-part filename/design"
"7448","7448.png","box-UGC-skinkit.png","Character_Sprites","Character/sprite filename"
"7340","7340.png","BP14_EliterhosenLegEquip.png","Character_Sprites","Character/sprite filename"
"7339","7339.png","BP14_LederhosenLegEquip.png","Character_Sprites","Character/sprite filename"
"6667","6667.png","bp4-water-skin.png","Character_Sprites","Character/sprite filename"
"6668","6668.png","bp4-water-skin-icon.png","Character_Sprites","Character/sprite filename"
"7132","7132.png","Bpass-S11-Venus-body.png","Character_Sprites","Character-part filename/design"
"7131","7131.png","Bpass-S11-Venus-head.png","Character_Sprites","Character-part filename/design"
"7133","7133.png","Bpass-S11-Venus-leg.png","Character_Sprites","Character-part filename/design"
"10585","10585.png","BreadBody.png","Character_Sprites","Character-part filename/design"
"10586","10586.png","BreadHead.png","Character_Sprites","Character-part filename/design"
"10587","10587.png","BreadLeg.png","Character_Sprites","Character-part filename/design"
"3054","3054.png","BrendaMengaHead.png","Character_Sprites","Character-part filename/design"
"6194","6194.png","Brick_body.png","Character_Sprites","Character-part filename/design"
"6193","6193.png","Brick_Head.png","Character_Sprites","Character-part filename/design"
"6195","6195.png","Brick_leg.png","Character_Sprites","Character-part filename/design"
"1424","1424.png","BrieBody.png","Character_Sprites","Character-part filename/design"
"1423","1423.png","BrieHead.png","Character_Sprites","Character-part filename/design"
"6265","6265.png","BrightvoidBody.png","Character_Sprites","Character-part filename/design"
"6264","6264.png","BrightvoidHead.png","Character_Sprites","Character-part filename/design"
"6266","6266.png","BrightvoidLeg.png","Character_Sprites","Character-part filename/design"
"6229","6229.png","BritoBotBody.png","Character_Sprites","Character-part filename/design"
"6228","6228.png","BritoBotHead.png","Character_Sprites","Character-part filename/design"
"6230","6230.png","BritoBotLeg.png","Character_Sprites","Character-part filename/design"
"6845","6845.png","bubble-head.png","Character_Sprites","Character-part filename/design"
"7285","7285.png","BuckarooBody.png","Character_Sprites","Character-part filename/design"
"7284","7284.png","BuckarooHead.png","Character_Sprites","Character-part filename/design"
"7286","7286.png","BuckarooLeg.png","Character_Sprites","Character-part filename/design"
"3388","3388.png","BugFemale_Body.png","Character_Sprites","Character-part filename/design"
"3387","3387.png","BugFemale_Head.png","Character_Sprites","Character-part filename/design"
"3389","3389.png","BugFemale_Leg.png","Character_Sprites","Character-part filename/design"
"7237","7237.png","BughunterBody.png","Character_Sprites","Character-part filename/design"
"7236","7236.png","BughunterHead.png","Character_Sprites","Character-part filename/design"
"7238","7238.png","BughunterLeg.png","Character_Sprites","Character-part filename/design"
"3385","3385.png","BugMale_Body.png","Character_Sprites","Character-part filename/design"
"3384","3384.png","BugMale_Head.png","Character_Sprites","Character-part filename/design"
"3386","3386.png","BugMale_Leg.png","Character_Sprites","Character-part filename/design"
"857","857.png","CameronBody.png","Character_Sprites","Character-part filename/design"
"856","856.png","CameronHead.png","Character_Sprites","Character-part filename/design"
"858","858.png","CameronLeg.png","Character_Sprites","Character-part filename/design"
"3723","3723.png","CancerBody.png","Character_Sprites","Character-part filename/design"
"3722","3722.png","CancerHead.png","Character_Sprites","Character-part filename/design"
"3724","3724.png","CancerLeg.png","Character_Sprites","Character-part filename/design"
"785","785.png","CandyHead.png","Character_Sprites","Character-part filename/design"
"899","899.png","CaocaoBody.png","Character_Sprites","Character-part filename/design"
"898","898.png","CaocaoHead.png","Character_Sprites","Character-part filename/design"
"900","900.png","CaocaoLeg.png","Character_Sprites","Character-part filename/design"
"3677","3677.png","CapricornBody.png","Character_Sprites","Character-part filename/design"
"3676","3676.png","CapricornHead.png","Character_Sprites","Character-part filename/design"
"3678","3678.png","CapricornLeg.png","Character_Sprites","Character-part filename/design"
"5701","5701.png","CapSnakeBody.png","Character_Sprites","Character-part filename/design"
"5700","5700.png","CapSnakeHead.png","Character_Sprites","Character-part filename/design"
"5702","5702.png","CapSnakeLeg.png","Character_Sprites","Character-part filename/design"
"8533","8533.png","CaptainPegbuttBody.png","Character_Sprites","Character-part filename/design"
"8532","8532.png","CaptainPegbuttHead.png","Character_Sprites","Character-part filename/design"
"8534","8534.png","CaptainPegbuttLeg.png","Character_Sprites","Character-part filename/design"
"8599","8599.png","CaptainPegLeg.png","Character_Sprites","Character-part filename/design"
"4635","4635.png","CaptainSantaBody.png","Character_Sprites","Character-part filename/design"
"4634","4634.png","CaptainSantaHead.png","Character_Sprites","Character-part filename/design"
"4636","4636.png","CaptainSantaLeg.png","Character_Sprites","Character-part filename/design"
"6784","6784.png","CarEarHeadband.png","Character_Sprites","Character/sprite filename"
"6785","6785.png","CarEarHeadphone.png","Character_Sprites","Character/sprite filename"
"1872","1872.png","CaribbeanGirlBody.png","Character_Sprites","Character-part filename/design"
"1871","1871.png","CaribbeanGirlHead.png","Character_Sprites","Character-part filename/design"
"1873","1873.png","CaribbeanGirlLeg.png","Character_Sprites","Character-part filename/design"
"1099","1099.png","CatBoyBody.png","Character_Sprites","Character-part filename/design"
"1098","1098.png","CatBoyHead.png","Character_Sprites","Character-part filename/design"
"1100","1100.png","CatBoyLeg.png","Character_Sprites","Character-part filename/design"
"3601","3601.png","CatthuluBody.png","Character_Sprites","Character-part filename/design"
"3600","3600.png","CatthuluHead.png","Character_Sprites","Character-part filename/design"
"3602","3602.png","CatthuluLeg.png","Character_Sprites","Character-part filename/design"
"1425","1425.png","CCLeg.png","Character_Sprites","Character-part filename/design"
"1655","1655.png","CCsGuyBody.png","Character_Sprites","Character-part filename/design"
"1654","1654.png","CCsGuyHead.png","Character_Sprites","Character-part filename/design"
"1656","1656.png","CCsGuyLeg.png","Character_Sprites","Character-part filename/design"
"965","965.png","character-battle-bg-ground.png","Character_Sprites","Character/sprite filename"
"963","963.png","CharacterCollectableEnergy.png","Character_Sprites","Character/sprite filename"
"1150","1150.png","Character-combine-animation1.png","Character_Sprites","Character/sprite filename"
"4169","4169.png","CharacterDrawing_bg.png","Character_Sprites","Character/sprite filename"
"4164","4164.png","CharacterDrawing_front.png","Character_Sprites","Character/sprite filename"
"6907","6907.png","CharacterDrawing_front_AR.png","Character_Sprites","Character/sprite filename"
"6900","6900.png","CharacterDrawing_front_DE.png","Character_Sprites","Character/sprite filename"
"6904","6904.png","CharacterDrawing_front_ES.png","Character_Sprites","Character/sprite filename"
"6903","6903.png","CharacterDrawing_front_FR.png","Character_Sprites","Character/sprite filename"
"6905","6905.png","CharacterDrawing_front_ID.png","Character_Sprites","Character/sprite filename"
"6906","6906.png","CharacterDrawing_front_JA.png","Character_Sprites","Character/sprite filename"
"6908","6908.png","CharacterDrawing_front_KO.png","Character_Sprites","Character/sprite filename"
"6902","6902.png","CharacterDrawing_front_PT.png","Character_Sprites","Character/sprite filename"
"5412","5412.png","CharacterDrawing_front_RU.png","Character_Sprites","Character/sprite filename"
"6901","6901.png","CharacterDrawing_front_TR.png","Character_Sprites","Character/sprite filename"
"6899","6899.png","CharacterDrawing_front_VI.png","Character_Sprites","Character/sprite filename"
"4165","4165.png","CharacterDrawing_front_ZH.png","Character_Sprites","Character/sprite filename"
"5422","5422.png","CharacterDrawing_front_ZHT.png","Character_Sprites","Character/sprite filename"
"3594","3594.png","CharacterHaloAnimation.png","Character_Sprites","Character/sprite filename"
"226","226.png","characterIntroBG.png","Character_Sprites","Character/sprite filename"
"220","220.png","characterIntroLight.png","Character_Sprites","Character/sprite filename"
"221","221.png","characterIntroLightSpot.png","Character_Sprites","Character/sprite filename"
"3604","3604.png","Characters_bg.png","Character_Sprites","Character/sprite filename"
"1151","1151.png","characters-combine-animation2.png","Character_Sprites","Character/sprite filename"
"962","962.png","CharacterShield.png","Character_Sprites","Character/sprite filename"
"477","477.png","charactersUpgradeEffect.png","Character_Sprites","Character/sprite filename"
"5886","5886.png","CharlesBody.png","Character_Sprites","Character-part filename/design"
"5885","5885.png","CharlesHead.png","Character_Sprites","Character-part filename/design"
"5887","5887.png","CharlesLeg.png","Character_Sprites","Character-part filename/design"
"759","759.png","ChineseGirlBody.png","Character_Sprites","Character-part filename/design"
"758","758.png","ChineseGirlHead.png","Character_Sprites","Character-part filename/design"
"760","760.png","ChineseGirlLeg.png","Character_Sprites","Character-part filename/design"
"5005","5005.png","ChineseOnigirIBody.png","Character_Sprites","Character-part filename/design"
"5004","5004.png","ChineseOnigirIHead.png","Character_Sprites","Character-part filename/design"
"5006","5006.png","ChineseOnigirILeg.png","Character_Sprites","Character-part filename/design"
"8551","8551.png","Chipchapleysprite_body.png","Character_Sprites","Character-part filename/design"
"8553","8553.png","Chipchapleysprite_head.png","Character_Sprites","Character-part filename/design"
"8552","8552.png","Chipchapleysprite_leg.png","Character_Sprites","Character-part filename/design"
"6140","6140.png","ChocoBunnyBody.png","Character_Sprites","Character-part filename/design"
"6139","6139.png","ChocoBunnyHead.png","Character_Sprites","Character-part filename/design"
"6141","6141.png","ChocoBunnyLeg.png","Character_Sprites","Character-part filename/design"
"3971","3971.png","ChristianBody.png","Character_Sprites","Character-part filename/design"
"3970","3970.png","ChristianHead.png","Character_Sprites","Character-part filename/design"
"3972","3972.png","ChristianLeg.png","Character_Sprites","Character-part filename/design"
"3850","3850.png","CibattaBody.png","Character_Sprites","Character-part filename/design"
"3849","3849.png","CibattaHead.png","Character_Sprites","Character-part filename/design"
"3851","3851.png","CibattaLeg.png","Character_Sprites","Character-part filename/design"
"835","835.png","CockroachBody.png","Character_Sprites","Character-part filename/design"
"834","834.png","CockroachHead.png","Character_Sprites","Character-part filename/design"
"836","836.png","CockroachLeg.png","Character_Sprites","Character-part filename/design"
"747","747.png","CollinsHead.png","Character_Sprites","Character-part filename/design"
"7846","7846.png","ConfettiSkinCard.png","Character_Sprites","Character/sprite filename"
"5855","5855.png","ConjointArchonBody.png","Character_Sprites","Character-part filename/design"
"5854","5854.png","ConjointArchonHead.png","Character_Sprites","Character-part filename/design"
"5857","5857.png","ConjointArchonLeg.png","Character_Sprites","Character-part filename/design"
"9505","9505.png","CoolFrogBody.png","Character_Sprites","Character-part filename/design"
"9504","9504.png","CoolFrogHead.png","Character_Sprites","Character-part filename/design"
"9506","9506.png","CoolFrogLeg.png","Character_Sprites","Character-part filename/design"
"7276","7276.png","co-pilot_leg.png","Character_Sprites","Character-part filename/design"
"6607","6607.png","CortexBody.png","Character_Sprites","Character-part filename/design"
"6606","6606.png","CortexHead.png","Character_Sprites","Character-part filename/design"
"6608","6608.png","CortexLeg.png","Character_Sprites","Character-part filename/design"
"5045","5045.png","CowherdBody.png","Character_Sprites","Character-part filename/design"
"5044","5044.png","CowherdHead.png","Character_Sprites","Character-part filename/design"
"5046","5046.png","CowherdLeg.png","Character_Sprites","Character-part filename/design"
"6702","6702.png","CrewPackIcon.png","Character_Sprites","Character/sprite filename"
"6701","6701.png","CrewPackPromo.png","Character_Sprites","Character/sprite filename"
"6351","6351.png","crystal wrap skin icon.png","Character_Sprites","Character/sprite filename"
"5372","5372.png","CupidTrooperBody.png","Character_Sprites","Character-part filename/design"
"5371","5371.png","CupidTrooperHead.png","Character_Sprites","Character-part filename/design"
"5373","5373.png","CupidTrooperLeg.png","Character_Sprites","Character-part filename/design"
"5202","5202.png","CyberDuckBody.png","Character_Sprites","Character-part filename/design"
"5201","5201.png","CyberDuckHead.png","Character_Sprites","Character-part filename/design"
"5203","5203.png","CyberDuckLeg.png","Character_Sprites","Character-part filename/design"
"5835","5835.png","Cyclist_Leg.png","Character_Sprites","Character-part filename/design"
"5833","5833.png","CyclistBody.png","Character_Sprites","Character-part filename/design"
"5831","5831.png","CyclistHead.png","Character_Sprites","Character-part filename/design"
"9470","9470.png","DadBody.png","Character_Sprites","Character-part filename/design"
"9469","9469.png","DadHead.png","Character_Sprites","Character-part filename/design"
"9471","9471.png","DadLeg.png","Character_Sprites","Character-part filename/design"
"641","641.png","DanHead.png","Character_Sprites","Character-part filename/design"
"911","911.png","DaQiaoBody.png","Character_Sprites","Character-part filename/design"
"910","910.png","DaQiaoHead.png","Character_Sprites","Character-part filename/design"
"5096","5096.png","DarkCrystalBody.png","Character_Sprites","Character-part filename/design"
"6331","6331.png","DarkCrystalCrew_body.png","Character_Sprites","Character-part filename/design"
"6330","6330.png","DarkCrystalCrew_Head.png","Character_Sprites","Character-part filename/design"
"6332","6332.png","DarkCrystalCrew_leg.png","Character_Sprites","Character-part filename/design"
"5095","5095.png","DarkCrystalHead.png","Character_Sprites","Character-part filename/design"
"5097","5097.png","DarkCrystalLeg.png","Character_Sprites","Character-part filename/design"
"3618","3618.png","DarthCatBody.png","Character_Sprites","Character-part filename/design"
"3617","3617.png","DarthCatHead.png","Character_Sprites","Character-part filename/design"
"3619","3619.png","DarthCatLeg.png","Character_Sprites","Character-part filename/design"
"1928","1928.png","DefenceDroid_Lv1Body.png","Character_Sprites","Character-part filename/design"
"1927","1927.png","DefenceDroid_Lv1Head.png","Character_Sprites","Character-part filename/design"
"1929","1929.png","DefenceDroid_Lv1Leg.png","Character_Sprites","Character-part filename/design"
"1943","1943.png","DefenceDroid_Lv2Body.png","Character_Sprites","Character-part filename/design"
"1942","1942.png","DefenceDroid_Lv2Head.png","Character_Sprites","Character-part filename/design"
"1944","1944.png","DefenceDroid_Lv2Leg.png","Character_Sprites","Character-part filename/design"
"1961","1961.png","DefenceDroid_Lv3Body.png","Character_Sprites","Character-part filename/design"
"1960","1960.png","DefenceDroid_Lv3Head.png","Character_Sprites","Character-part filename/design"
"1962","1962.png","DefenceDroid_Lv3Leg.png","Character_Sprites","Character-part filename/design"
"1964","1964.png","DefenceDroid_Lv4Body.png","Character_Sprites","Character-part filename/design"
"1963","1963.png","DefenceDroid_Lv4Head.png","Character_Sprites","Character-part filename/design"
"1965","1965.png","DefenceDroid_Lv4Leg.png","Character_Sprites","Character-part filename/design"
"5871","5871.png","DefenceDroidLv6_Body.png","Character_Sprites","Character-part filename/design"
"5870","5870.png","DefenceDroidLv6_Head.png","Character_Sprites","Character-part filename/design"
"5872","5872.png","DefenceDroidLv6_Leg.png","Character_Sprites","Character-part filename/design"
"10546","10546.png","DefenseDroid_lv7Body.png","Character_Sprites","Character-part filename/design"
"10545","10545.png","DefenseDroid_lv7Head.png","Character_Sprites","Character-part filename/design"
"10547","10547.png","DefenseDroid_lv7Leg.png","Character_Sprites","Character-part filename/design"
"10478","10478.png","DeloisBody.png","Character_Sprites","Character-part filename/design"
"10479","10479.png","DeloisHead.png","Character_Sprites","Character-part filename/design"
"10477","10477.png","DeloisLeg.png","Character_Sprites","Character-part filename/design"
"1592","1592.png","DemanHunterBody.png","Character_Sprites","Character-part filename/design"
"1591","1591.png","DemanHunterHead.png","Character_Sprites","Character-part filename/design"
"1593","1593.png","DemanHunterLeg.png","Character_Sprites","Character-part filename/design"
"643","643.png","DevilBoyBody.png","Character_Sprites","Character-part filename/design"
"642","642.png","DevilBoyHead.png","Character_Sprites","Character-part filename/design"
"644","644.png","DevilBoyLeg.png","Character_Sprites","Character-part filename/design"
"5684","5684.png","DirkDarmatterBody.png","Character_Sprites","Character-part filename/design"
"5686","5686.png","DirkDarmatterHead.png","Character_Sprites","Character-part filename/design"
"5685","5685.png","DirkDarmatterLeg.png","Character_Sprites","Character-part filename/design"
"483","483.png","DogeBody.png","Character_Sprites","Character-part filename/design"
"482","482.png","DogeHead.png","Character_Sprites","Character-part filename/design"
"484","484.png","DogeLeg.png","Character_Sprites","Character-part filename/design"
"895","895.png","DongZhuoBody.png","Character_Sprites","Character-part filename/design"
"894","894.png","DongZhuoHead.png","Character_Sprites","Character-part filename/design"
"896","896.png","DongZhuoLeg.png","Character_Sprites","Character-part filename/design"
"7582","7582.png","DracoknightBody.png","Character_Sprites","Character-part filename/design"
"7581","7581.png","DracoknightHead.png","Character_Sprites","Character-part filename/design"
"7583","7583.png","DracoknightLeg.png","Character_Sprites","Character-part filename/design"
"1569","1569.png","DragonBlackLeg.png","Character_Sprites","Character-part filename/design"
"1611","1611.png","Dragon-Crew2Body.png","Character_Sprites","Character-part filename/design"
"1609","1609.png","Dragon-Crew2Head.png","Character_Sprites","Character-part filename/design"
"1610","1610.png","Dragon-Crew2Leg.png","Character_Sprites","Character-part filename/design"
"1788","1788.png","Dragon-Crew3Body.png","Character_Sprites","Character-part filename/design"
"1787","1787.png","Dragon-Crew3Head.png","Character_Sprites","Character-part filename/design"
"1789","1789.png","Dragon-Crew3Leg.png","Character_Sprites","Character-part filename/design"
"1738","1738.png","DragonCrewAmourBody.png","Character_Sprites","Character-part filename/design"
"3303","3303.png","DragonCrewAmourHead__3303.png","Character_Sprites","Character/sprite filename"
"1739","1739.png","DragonCrewAmourLeg.png","Character_Sprites","Character-part filename/design"
"1740","1740.png","DragonCrewArmourBody.png","Character_Sprites","Character-part filename/design"
"1741","1741.png","DragonCrewArmourLeg.png","Character_Sprites","Character-part filename/design"
"1544","1544.png","DragonCrewBody.png","Character_Sprites","Character-part filename/design"
"1543","1543.png","DragonCrewHead.png","Character_Sprites","Character-part filename/design"
"1545","1545.png","DragonCrewLeg.png","Character_Sprites","Character-part filename/design"
"4476","4476.png","DrakianInfectedBody.png","Character_Sprites","Character-part filename/design"
"4475","4475.png","DrakianInfectedhead.png","Character_Sprites","Character-part filename/design"
"4477","4477.png","DrakianInfectedLeg.png","Character_Sprites","Character-part filename/design"
"5649","5649.png","DramaLamaBody.png","Character_Sprites","Character-part filename/design"
"5648","5648.png","DramaLamaHead.png","Character_Sprites","Character-part filename/design"
"5650","5650.png","DramaLamaLeg.png","Character_Sprites","Character-part filename/design"
"4609","4609.png","DrCatBody.png","Character_Sprites","Character-part filename/design"
"4608","4608.png","DrCatHead.png","Character_Sprites","Character-part filename/design"
"4610","4610.png","DrCatLeg.png","Character_Sprites","Character-part filename/design"
"1136","1136.png","DrSeraBody.png","Character_Sprites","Character-part filename/design"
"1135","1135.png","DrSeraHead.png","Character_Sprites","Character-part filename/design"
"1137","1137.png","DrSeraLeg.png","Character_Sprites","Character-part filename/design"
"1553","1553.png","drunkenboganbody.png","Character_Sprites","Character-part filename/design"
"1552","1552.png","drunkenboganhead.png","Character_Sprites","Character-part filename/design"
"1554","1554.png","drunkenboganLeg.png","Character_Sprites","Character-part filename/design"
"929","929.png","EasterBunnyBody.png","Character_Sprites","Character-part filename/design"
"1643","1643.png","EasterBunnyHead__1643.png","Character_Sprites","Character/sprite filename"
"928","928.png","EasterBunnyHead__928.png","Character_Sprites","Character/sprite filename"
"930","930.png","EasterBunnyLeg.png","Character_Sprites","Character-part filename/design"
"932","932.png","EasterEggBody.png","Character_Sprites","Character-part filename/design"
"931","931.png","EasterEggHead.png","Character_Sprites","Character-part filename/design"
"933","933.png","EasterEggLeg.png","Character_Sprites","Character-part filename/design"
"5692","5692.png","ElderHydraBody.png","Character_Sprites","Character-part filename/design"
"5691","5691.png","ElderHydraHead.png","Character_Sprites","Character-part filename/design"
"5693","5693.png","ElderHydraLeg.png","Character_Sprites","Character-part filename/design"
"3610","3610.png","ElephantGodBody.png","Character_Sprites","Character-part filename/design"
"3609","3609.png","ElephantGodHead.png","Character_Sprites","Character-part filename/design"
"3611","3611.png","ElephantGodLeg.png","Character_Sprites","Character-part filename/design"
"666","666.png","Elfbody.png","Character_Sprites","Character-part filename/design"
"665","665.png","ElfHead.png","Character_Sprites","Character-part filename/design"
"667","667.png","ElfLeg.png","Character_Sprites","Character-part filename/design"
"5915","5915.png","EliteFedCrew_body.png","Character_Sprites","Character-part filename/design"
"5916","5916.png","EliteFedCrew_legs.png","Character_Sprites","Character/sprite filename"
"5912","5912.png","EliteFedCrew1_head.png","Character_Sprites","Character-part filename/design"
"5917","5917.png","EliteFedCrew2_body.png","Character_Sprites","Character-part filename/design"
"5913","5913.png","EliteFedCrew2_head.png","Character_Sprites","Character-part filename/design"
"5918","5918.png","EliteFedCrew2_legs.png","Character_Sprites","Character-part filename/design"
"5919","5919.png","EliteFedCrew3_body.png","Character_Sprites","Character-part filename/design"
"5914","5914.png","EliteFedCrew3_head.png","Character_Sprites","Character-part filename/design"
"5938","5938.png","EliteFedCrew3_Leg.png","Character_Sprites","Character-part filename/design"
"5921","5921.png","ElitePirateCrew1_Body.png","Character_Sprites","Character-part filename/design"
"5920","5920.png","ElitePirateCrew1_head.png","Character_Sprites","Character-part filename/design"
"5922","5922.png","ElitePirateCrew1_Leg.png","Character_Sprites","Character-part filename/design"
"5924","5924.png","ElitePirateCrew2_body.png","Character_Sprites","Character-part filename/design"
"5923","5923.png","ElitePirateCrew2_head.png","Character_Sprites","Character-part filename/design"
"5925","5925.png","ElitePirateCrew2_Leg.png","Character_Sprites","Character-part filename/design"
"5927","5927.png","ElitePirateCrew3_body.png","Character_Sprites","Character-part filename/design"
"5926","5926.png","ElitePirateCrew3_head.png","Character_Sprites","Character-part filename/design"
"5928","5928.png","ElitePirateCrew3_Leg.png","Character_Sprites","Character-part filename/design"
"5930","5930.png","EliteQtaCrew1_body.png","Character_Sprites","Character-part filename/design"
"5929","5929.png","EliteQtaCrew1_head.png","Character_Sprites","Character-part filename/design"
"5931","5931.png","EliteQtaCrew1_Leg.png","Character_Sprites","Character-part filename/design"
"5933","5933.png","EliteQtaCrew2_Body.png","Character_Sprites","Character-part filename/design"
"5932","5932.png","EliteQtaCrew2_head.png","Character_Sprites","Character-part filename/design"
"5934","5934.png","EliteQtaCrew2_leg.png","Character_Sprites","Character-part filename/design"
"5936","5936.png","EliteQtaCrew3_Body.png","Character_Sprites","Character-part filename/design"
"5935","5935.png","EliteQtaCrew3_head.png","Character_Sprites","Character-part filename/design"
"5937","5937.png","EliteQtaCrew3_Leg.png","Character_Sprites","Character-part filename/design"
"3454","3454.png","EloneMuskBody.png","Character_Sprites","Character-part filename/design"
"3455","3455.png","EloneMuskLeg.png","Character_Sprites","Character-part filename/design"
"5706","5706.png","EmberEmpressBody.png","Character_Sprites","Character-part filename/design"
"5705","5705.png","EmberEmpressHead.png","Character_Sprites","Character-part filename/design"
"5707","5707.png","EmberEmpressLeg.png","Character_Sprites","Character-part filename/design"
"845","845.png","EmilyBody.png","Character_Sprites","Character-part filename/design"
"842","842.png","EmilyHead.png","Character_Sprites","Character-part filename/design"
"846","846.png","EmilyLeg.png","Character_Sprites","Character-part filename/design"
"6874","6874.png","EMPBlackSkin.png","Character_Sprites","Character/sprite filename"
"4193","4193.png","eng_HeavyAmorBody.png","Character_Sprites","Character-part filename/design"
"4203","4203.png","eng_HeavyAmorBody_Lv2.png","Character_Sprites","Character/sprite filename"
"4206","4206.png","eng_HeavyAmorBody_Lv3.png","Character_Sprites","Character/sprite filename"
"4194","4194.png","eng_HeavyAmorLeg.png","Character_Sprites","Character-part filename/design"
"4204","4204.png","eng_HeavyAmorLeg_Lv2.png","Character_Sprites","Character/sprite filename"
"4207","4207.png","eng_HeavyAmorLeg_Lv3.png","Character_Sprites","Character/sprite filename"
"335","335.png","engineerBobHead.png","Character_Sprites","Character-part filename/design"
"1856","1856.png","EngineerOutfitLeg.png","Character_Sprites","Character-part filename/design"
"6706","6706.png","epic-gray-crew-body.png","Character_Sprites","Character-part filename/design"
"6705","6705.png","epic-gray-crew-head.png","Character_Sprites","Character-part filename/design"
"6707","6707.png","epic-gray-crew-legs.png","Character_Sprites","Character/sprite filename"
"663","663.png","EricBody.png","Character_Sprites","Character-part filename/design"
"662","662.png","EricHead.png","Character_Sprites","Character-part filename/design"
"664","664.png","EricLeg.png","Character_Sprites","Character-part filename/design"
"4623","4623.png","EricTheServerGuyBody.png","Character_Sprites","Character-part filename/design"
"4622","4622.png","EricTheServerGuyHead.png","Character_Sprites","Character-part filename/design"
"4624","4624.png","EricTheServerGuyLeg.png","Character_Sprites","Character-part filename/design"
"4948","4948.png","ErrBody.png","Character_Sprites","Character-part filename/design"
"4947","4947.png","ErrHead.png","Character_Sprites","Character-part filename/design"
"4949","4949.png","ErrLeg.png","Character_Sprites","Character-part filename/design"
"686","686.png","EscapeKentBody.png","Character_Sprites","Character-part filename/design"
"685","685.png","EscapeKentHead.png","Character_Sprites","Character-part filename/design"
"687","687.png","EscapeKentLeg.png","Character_Sprites","Character-part filename/design"
"3090","3090.png","ESPGirlBody.png","Character_Sprites","Character-part filename/design"
"3088","3088.png","ESPGirlHead.png","Character_Sprites","Character-part filename/design"
"3089","3089.png","ESPGirlLeg.png","Character_Sprites","Character-part filename/design"
"9954","9954.png","EvilEyeSkinCard.png","Character_Sprites","Character/sprite filename"
"745","745.png","EvilGeneralBody.png","Character_Sprites","Character-part filename/design"
"744","744.png","EvilGeneralHead.png","Character_Sprites","Character-part filename/design"
"746","746.png","EvilGeneralLeg.png","Character_Sprites","Character-part filename/design"
"6729","6729.png","ExplorerBrendaBody.png","Character_Sprites","Character-part filename/design"
"6728","6728.png","ExplorerBrendaHead.png","Character_Sprites","Character-part filename/design"
"6730","6730.png","ExplorerBrendaLeg.png","Character_Sprites","Character-part filename/design"
"4851","4851.png","F1-RedBody.png","Character_Sprites","Character-part filename/design"
"4850","4850.png","F1-RedHead.png","Character_Sprites","Character-part filename/design"
"4852","4852.png","F1-RedLeg.png","Character_Sprites","Character-part filename/design"
"4860","4860.png","F1-SilverBody.png","Character_Sprites","Character-part filename/design"
"4859","4859.png","F1-SilverHead.png","Character_Sprites","Character-part filename/design"
"4861","4861.png","F1-SilverLeg.png","Character_Sprites","Character-part filename/design"
"3435","3435.png","FanArtCrew_1Body.png","Character_Sprites","Character-part filename/design"
"3434","3434.png","FanArtCrew_1Head.png","Character_Sprites","Character-part filename/design"
"3436","3436.png","FanArtCrew_1Leg.png","Character_Sprites","Character-part filename/design"
"7791","7791.png","FatboyBody.png","Character_Sprites","Character-part filename/design"
"7790","7790.png","FatboyHead.png","Character_Sprites","Character-part filename/design"
"7792","7792.png","FatboyLeg.png","Character_Sprites","Character-part filename/design"
"4438","4438.png","FedAisanFemaleCrewBody.png","Character_Sprites","Character-part filename/design"
"4437","4437.png","FedAisanFemaleCrewHead.png","Character_Sprites","Character-part filename/design"
"4439","4439.png","FedAisanFemaleCrewLeg.png","Character_Sprites","Character-part filename/design"
"4435","4435.png","FedAisanMaleCrewBody.png","Character_Sprites","Character-part filename/design"
"4434","4434.png","FedAisanMaleCrewHead.png","Character_Sprites","Character-part filename/design"
"4436","4436.png","FedAisanMaleCrewLeg.png","Character_Sprites","Character-part filename/design"
"3782","3782.png","FedAsianFemaleCapBody.png","Character_Sprites","Character-part filename/design"
"3816","3816.png","FedAsianFemaleCapHead_1.png","Character_Sprites","Character-part filename/design"
"3779","3779.png","FedAsianMaleCapBody.png","Character_Sprites","Character-part filename/design"
"3778","3778.png","FedAsianMaleCapHead.png","Character_Sprites","Character-part filename/design"
"3815","3815.png","FedAsianMaleCapHead_1.png","Character_Sprites","Character-part filename/design"
"3780","3780.png","FedAsianMaleCapLeg.png","Character_Sprites","Character-part filename/design"
"3788","3788.png","FedBlackFemaleCapBody.png","Character_Sprites","Character-part filename/design"
"3818","3818.png","FedBlackFemaleCapHead_1.png","Character_Sprites","Character-part filename/design"
"4456","4456.png","FedBlackFemaleCrewBody.png","Character_Sprites","Character-part filename/design"
"4455","4455.png","FedBlackFemaleCrewHead.png","Character_Sprites","Character-part filename/design"
"4454","4454.png","FedBlackFemaleCrewLeg__4454.png","Character_Sprites","Character/sprite filename"
"4457","4457.png","FedBlackFemaleCrewLeg__4457.png","Character_Sprites","Character/sprite filename"
"3785","3785.png","FedBlackMaleCapBody.png","Character_Sprites","Character-part filename/design"
"3817","3817.png","FedBlackMaleCapHead_1.png","Character_Sprites","Character-part filename/design"
"3786","3786.png","FedBlackMaleCapLeg.png","Character_Sprites","Character-part filename/design"
"4453","4453.png","FedBlackMaleCrewBody.png","Character_Sprites","Character-part filename/design"
"4452","4452.png","FedBlackMaleCrewHead.png","Character_Sprites","Character-part filename/design"
"4406","4406.png","FedCitizenFemaleBody.png","Character_Sprites","Character-part filename/design"
"4405","4405.png","FedCitizenFemaleHead.png","Character_Sprites","Character-part filename/design"
"4407","4407.png","FedCitizenFemaleLeg.png","Character_Sprites","Character-part filename/design"
"4410","4410.png","FedCitizenInfectedFemaleBody.png","Character_Sprites","Character-part filename/design"
"4409","4409.png","FedCitizenInfectedFemaleHead.png","Character_Sprites","Character-part filename/design"
"4411","4411.png","FedCitizenInfectedFemaleLeg.png","Character_Sprites","Character-part filename/design"
"4402","4402.png","FedCitizenInfectedMaleBody.png","Character_Sprites","Character-part filename/design"
"4401","4401.png","FedCitizenInfectedMaleHead.png","Character_Sprites","Character-part filename/design"
"4403","4403.png","FedCitizenInfectedMaleLeg.png","Character_Sprites","Character-part filename/design"
"4398","4398.png","FedCitizenMaleBody.png","Character_Sprites","Character-part filename/design"
"4397","4397.png","FedCitizenMaleHead.png","Character_Sprites","Character-part filename/design"
"4399","4399.png","FedCitizenMaleLeg.png","Character_Sprites","Character-part filename/design"
"4980","4980.png","FederationLucyBody.png","Character_Sprites","Character-part filename/design"
"4979","4979.png","FederationLucyHead.png","Character_Sprites","Character-part filename/design"
"4981","4981.png","FederationLucyLeg.png","Character_Sprites","Character-part filename/design"
"3794","3794.png","FedWhiteFemaleCapBody.png","Character_Sprites","Character-part filename/design"
"3820","3820.png","FedWhiteFemaleCapHead_1.png","Character_Sprites","Character-part filename/design"
"4444","4444.png","FedWhiteFemaleCrewBody.png","Character_Sprites","Character-part filename/design"
"4443","4443.png","FedWhiteFemaleCrewHead.png","Character_Sprites","Character-part filename/design"
"4445","4445.png","FedWhiteFemaleCrewLeg.png","Character_Sprites","Character-part filename/design"
"3791","3791.png","FedWhiteMaleCapBody.png","Character_Sprites","Character-part filename/design"
"3819","3819.png","FedWhiteMaleCapHead_1.png","Character_Sprites","Character-part filename/design"
"4441","4441.png","FedWhiteMaleCrewBody.png","Character_Sprites","Character-part filename/design"
"4440","4440.png","FedWhiteMaleCrewHead.png","Character_Sprites","Character-part filename/design"
"4442","4442.png","FedWhiteMaleCrewLeg.png","Character_Sprites","Character-part filename/design"
"5173","5173.png","FireTurkeyBody.png","Character_Sprites","Character-part filename/design"
"5172","5172.png","FireTurkeyHead.png","Character_Sprites","Character-part filename/design"
"5174","5174.png","FireTurkeyLeg.png","Character_Sprites","Character-part filename/design"
"9788","9788.png","FireworksMissileSkin.png","Character_Sprites","Character/sprite filename"
"3216","3216.png","FlashyBody__3216.png","Character_Sprites","Character/sprite filename"
"3217","3217.png","FlashyLeg.png","Character_Sprites","Character-part filename/design"
"6663","6663.png","FlopsyBody.png","Character_Sprites","Character-part filename/design"
"6662","6662.png","FlopsyHead.png","Character_Sprites","Character-part filename/design"
"6664","6664.png","FlopsyLeg.png","Character_Sprites","Character-part filename/design"
"7170","7170.png","FloraBody.png","Character_Sprites","Character-part filename/design"
"7169","7169.png","FloraHead.png","Character_Sprites","Character-part filename/design"
"7171","7171.png","FloraLeg.png","Character_Sprites","Character-part filename/design"
"6205","6205.png","flowers_skin_icon.png","Character_Sprites","Character/sprite filename"
"1706","1706.png","FrogBody.png","Character_Sprites","Character-part filename/design"
"1705","1705.png","FrogHead.png","Character_Sprites","Character-part filename/design"
"1707","1707.png","FrogLeg.png","Character_Sprites","Character-part filename/design"
"6913","6913.png","FrostyBody.png","Character_Sprites","Character-part filename/design"
"6912","6912.png","FrostyHead.png","Character_Sprites","Character-part filename/design"
"6914","6914.png","FrostyLeg.png","Character_Sprites","Character-part filename/design"
"9592","9592.png","GalaticMissileSkin.png","Character_Sprites","Character/sprite filename"
"4209","4209.png","GalaticPirateBody.png","Character_Sprites","Character-part filename/design"
"4208","4208.png","GalaticPirateHead.png","Character_Sprites","Character-part filename/design"
"4210","4210.png","GalaticPirateLeg.png","Character_Sprites","Character-part filename/design"
"5606","5606.png","Galaxy_reward_uniform_Leg.png","Character_Sprites","Character-part filename/design"
"5594","5594.png","GalaxyBob_Body.png","Character_Sprites","Character-part filename/design"
"5592","5592.png","GalaxyBob_Head.png","Character_Sprites","Character-part filename/design"
"5593","5593.png","GalaxyBob_leg.png","Character_Sprites","Character-part filename/design"
"766","766.png","GangsterGirlBody.png","Character_Sprites","Character-part filename/design"
"765","765.png","GangsterGirlHead.png","Character_Sprites","Character-part filename/design"
"767","767.png","GangsterGirlLeg.png","Character_Sprites","Character-part filename/design"
"6620","6620.png","GearSkin.png","Character_Sprites","Character/sprite filename"
"6621","6621.png","GearSkin_Icon.png","Character_Sprites","Character/sprite filename"
"6622","6622.png","GearSkinCard.png","Character_Sprites","Character/sprite filename"
"3680","3680.png","GeminiBody.png","Character_Sprites","Character-part filename/design"
"3679","3679.png","GeminiHead.png","Character_Sprites","Character-part filename/design"
"3681","3681.png","GeminiLeg.png","Character_Sprites","Character-part filename/design"
"5981","5981.png","General_Yi_Body.png","Character_Sprites","Character-part filename/design"
"5980","5980.png","General_Yi_Head.png","Character_Sprites","Character-part filename/design"
"5982","5982.png","General_Yi_Leg.png","Character_Sprites","Character-part filename/design"
"6170","6170.png","George_Body.png","Character_Sprites","Character-part filename/design"
"6169","6169.png","George_head.png","Character_Sprites","Character-part filename/design"
"6171","6171.png","George_Leg.png","Character_Sprites","Character-part filename/design"
"5126","5126.png","GhostAndroidBody.png","Character_Sprites","Character-part filename/design"
"5125","5125.png","GhostAndroidHead.png","Character_Sprites","Character-part filename/design"
"5127","5127.png","GhostAndroidLeg.png","Character_Sprites","Character-part filename/design"
"7802","7802.png","GiantSlime_pride_body.png","Character_Sprites","Character-part filename/design"
"7803","7803.png","GiantSlime_pride_head.png","Character_Sprites","Character-part filename/design"
"7804","7804.png","GiantSlime_pride_leg.png","Character_Sprites","Character-part filename/design"
"3914","3914.png","GiantZombieBody.png","Character_Sprites","Character-part filename/design"
"3913","3913.png","GiantZombieHead.png","Character_Sprites","Character-part filename/design"
"3915","3915.png","GiantZombieLeg.png","Character_Sprites","Character-part filename/design"
"6614","6614.png","GlitcherBody.png","Character_Sprites","Character-part filename/design"
"6613","6613.png","GlitcherHead.png","Character_Sprites","Character-part filename/design"
"6615","6615.png","GlitcherLeg.png","Character_Sprites","Character-part filename/design"
"1031","1031.png","GoldenboyBody.png","Character_Sprites","Character-part filename/design"
"1030","1030.png","GoldenboyHead.png","Character_Sprites","Character-part filename/design"
"1032","1032.png","GoldenboyLeg.png","Character_Sprites","Character-part filename/design"
"8111","8111.png","GoldenBubblehead.png","Character_Sprites","Character-part filename/design"
"3356","3356.png","GoldenSagiBody.png","Character_Sprites","Character-part filename/design"
"3355","3355.png","GoldenSagiHead.png","Character_Sprites","Character-part filename/design"
"3357","3357.png","GoldenSagiLeg.png","Character_Sprites","Character-part filename/design"
"6199","6199.png","goldfish_body.png","Character_Sprites","Character-part filename/design"
"6198","6198.png","goldfish_head.png","Character_Sprites","Character-part filename/design"
"6200","6200.png","goldfish_leg.png","Character_Sprites","Character-part filename/design"
"1025","1025.png","GolemBody.png","Character_Sprites","Character-part filename/design"
"1024","1024.png","GolemHead.png","Character_Sprites","Character-part filename/design"
"1026","1026.png","GolemLeg.png","Character_Sprites","Character-part filename/design"
"736","736.png","GrandpaBody.png","Character_Sprites","Character-part filename/design"
"735","735.png","GrandpaHead.png","Character_Sprites","Character-part filename/design"
"737","737.png","GrandpaLeg.png","Character_Sprites","Character-part filename/design"
"8555","8555.png","Greenshirt_body.png","Character_Sprites","Character-part filename/design"
"8556","8556.png","Greenshirt_head.png","Character_Sprites","Character-part filename/design"
"8557","8557.png","Greenshirt_leg.png","Character_Sprites","Character-part filename/design"
"252","252.png","GreenSoldierBody.png","Character_Sprites","Character-part filename/design"
"249","249.png","GreenSoldierHead.png","Character_Sprites","Character-part filename/design"
"253","253.png","GreenSoldierLeg.png","Character_Sprites","Character-part filename/design"
"4583","4583.png","GreyArmor1.png","Character_Sprites","Character-part filename/design"
"4586","4586.png","GreyArmor2.png","Character_Sprites","Character-part filename/design"
"4595","4595.png","GreyCrew1Body.png","Character_Sprites","Character-part filename/design"
"4594","4594.png","GreyCrew1Head.png","Character_Sprites","Character-part filename/design"
"4596","4596.png","GreyCrew1Leg.png","Character_Sprites","Character-part filename/design"
"4582","4582.png","GreyHelmet1.png","Character_Sprites","Character-part filename/design"
"4585","4585.png","GreyHelmet2.png","Character_Sprites","Character-part filename/design"
"4584","4584.png","GreyPants1.png","Character_Sprites","Character-part filename/design"
"4587","4587.png","GreyPants2.png","Character_Sprites","Character-part filename/design"
"6478","6478.png","GrynthBody.png","Character_Sprites","Character-part filename/design"
"6477","6477.png","GrynthHead.png","Character_Sprites","Character-part filename/design"
"6480","6480.png","GrynthLeg.png","Character_Sprites","Character-part filename/design"
"889","889.png","GuanYuBody.png","Character_Sprites","Character-part filename/design"
"888","888.png","GuanYuHead.png","Character_Sprites","Character-part filename/design"
"890","890.png","GuanYuLeg.png","Character_Sprites","Character-part filename/design"
"7702","7702.png","GuardianDefenseSkin_Dove.png","Character_Sprites","Character/sprite filename"
"7701","7701.png","GuardianDefenseSkin_tour.png","Character_Sprites","Character/sprite filename"
"8453","8453.png","GuardianDefenseSkin_tour02.png","Character_Sprites","Character/sprite filename"
"522","522.png","gundamBody.png","Character_Sprites","Character-part filename/design"
"521","521.png","gundamHead.png","Character_Sprites","Character-part filename/design"
"523","523.png","gundamLeg.png","Character_Sprites","Character-part filename/design"
"352","352.png","haibody.png","Character_Sprites","Character-part filename/design"
"350","350.png","haiHead.png","Character_Sprites","Character-part filename/design"
"353","353.png","haiLeg.png","Character_Sprites","Character-part filename/design"
"6672","6672.png","HammerVisiriBody.png","Character_Sprites","Character-part filename/design"
"6671","6671.png","HammerVisiriHead.png","Character_Sprites","Character-part filename/design"
"6673","6673.png","HammerVisiriLeg.png","Character_Sprites","Character-part filename/design"
"4690","4690.png","HarmonyDragonBody.png","Character_Sprites","Character-part filename/design"
"4689","4689.png","HarmonyDragonHead.png","Character_Sprites","Character-part filename/design"
"4691","4691.png","HarmonyDragonLeg.png","Character_Sprites","Character-part filename/design"
"1251","1251.png","HawkingBody.png","Character_Sprites","Character-part filename/design"
"1250","1250.png","HawkingHead.png","Character_Sprites","Character-part filename/design"
"1252","1252.png","HawkingLeg.png","Character_Sprites","Character-part filename/design"
"3621","3621.png","Headcrab.png","Character_Sprites","Character/sprite filename"
"4021","4021.png","HealingAngelBody.png","Character_Sprites","Character-part filename/design"
"4020","4020.png","HealingAngelHead.png","Character_Sprites","Character-part filename/design"
"4022","4022.png","HealingAngelLeg.png","Character_Sprites","Character-part filename/design"
"3072","3072.png","HefnerBody.png","Character_Sprites","Character-part filename/design"
"3071","3071.png","HefnerHead.png","Character_Sprites","Character-part filename/design"
"3073","3073.png","HefnerLeg.png","Character_Sprites","Character-part filename/design"
"1296","1296.png","HillaryClintonBody.png","Character_Sprites","Character-part filename/design"
"1295","1295.png","HillaryClintonHead.png","Character_Sprites","Character-part filename/design"
"1297","1297.png","HillaryClintonLeg.png","Character_Sprites","Character-part filename/design"
"5714","5714.png","HongGilDongBody.png","Character_Sprites","Character-part filename/design"
"5713","5713.png","HongGilDongHead.png","Character_Sprites","Character-part filename/design"
"5715","5715.png","HongGilDongLeg.png","Character_Sprites","Character-part filename/design"
"3359","3359.png","HorseFreakBody.png","Character_Sprites","Character-part filename/design"
"3358","3358.png","HorseFreakHead.png","Character_Sprites","Character-part filename/design"
"3360","3360.png","HorseFreakLeg.png","Character_Sprites","Character-part filename/design"
"3246","3246.png","HorseManBody.png","Character_Sprites","Character-part filename/design"
"3245","3245.png","HorseManHead.png","Character_Sprites","Character-part filename/design"
"3247","3247.png","HorseManLeg.png","Character_Sprites","Character-part filename/design"
"7642","7642.png","HUMTBody.png","Character_Sprites","Character-part filename/design"
"7641","7641.png","HUMTHead.png","Character_Sprites","Character-part filename/design"
"7643","7643.png","HUMTLeg.png","Character_Sprites","Character-part filename/design"
"1816","1816.png","HydraManBody.png","Character_Sprites","Character-part filename/design"
"1815","1815.png","HydraManHead.png","Character_Sprites","Character-part filename/design"
"1817","1817.png","HydraManLeg.png","Character_Sprites","Character-part filename/design"
"5234","5234.png","HydraSkin2019.png","Character_Sprites","Character/sprite filename"
"5235","5235.png","HydraSkin2019Partical.png","Character_Sprites","Character/sprite filename"
"4564","4564.png","IceDragonBody.png","Character_Sprites","Character-part filename/design"
"4563","4563.png","IceDragonHead.png","Character_Sprites","Character-part filename/design"
"4565","4565.png","IceDragonLeg.png","Character_Sprites","Character-part filename/design"
"4876","4876.png","IchiroBody.png","Character_Sprites","Character-part filename/design"
"4875","4875.png","IchiroHead.png","Character_Sprites","Character-part filename/design"
"4877","4877.png","IchiroLeg.png","Character_Sprites","Character-part filename/design"
"9513","9513.png","ImaDevilBody.png","Character_Sprites","Character-part filename/design"
"9512","9512.png","ImaDevilHead.png","Character_Sprites","Character-part filename/design"
"9514","9514.png","ImaDevilLeg.png","Character_Sprites","Character-part filename/design"
"762","762.png","IndianaGirlBody.png","Character_Sprites","Character-part filename/design"
"761","761.png","IndianaGirlHead.png","Character_Sprites","Character-part filename/design"
"763","763.png","IndianaGirlLeg.png","Character_Sprites","Character-part filename/design"
"1102","1102.png","IndianBody.png","Character_Sprites","Character-part filename/design"
"1101","1101.png","IndianHead.png","Character_Sprites","Character-part filename/design"
"1103","1103.png","IndianLeg.png","Character_Sprites","Character-part filename/design"
"5549","5549.png","infected_fed_maleBody.png","Character_Sprites","Character-part filename/design"
"5548","5548.png","infected_fed_maleHead.png","Character_Sprites","Character-part filename/design"
"5550","5550.png","infected_fed_maleLeg.png","Character_Sprites","Character-part filename/design"
"5546","5546.png","infected_pirate_femaleBody.png","Character_Sprites","Character-part filename/design"
"5545","5545.png","infected_pirate_femaleHead.png","Character_Sprites","Character-part filename/design"
"5547","5547.png","infected_pirate_femaleLeg.png","Character_Sprites","Character-part filename/design"
"6335","6335.png","Infecteddy_body.png","Character_Sprites","Character-part filename/design"
"6334","6334.png","Infecteddy_head.png","Character_Sprites","Character-part filename/design"
"6336","6336.png","Infecteddy_leg.png","Character_Sprites","Character-part filename/design"
"4956","4956.png","InfestedQtaBody.png","Character_Sprites","Character-part filename/design"
"4955","4955.png","InfestedQtaHead.png","Character_Sprites","Character-part filename/design"
"4957","4957.png","InfestedQtaLeg.png","Character_Sprites","Character-part filename/design"
"7311","7311.png","InnkeeperBody.png","Character_Sprites","Character-part filename/design"
"7310","7310.png","InnkeeperHead.png","Character_Sprites","Character-part filename/design"
"7312","7312.png","InnkeeperLeg.png","Character_Sprites","Character-part filename/design"
"7387","7387.png","IonCannonRewardSkinExterior.png","Character_Sprites","Character/sprite filename"
"4952","4952.png","ItsuraBody.png","Character_Sprites","Character-part filename/design"
"4951","4951.png","ItsuraHead.png","Character_Sprites","Character-part filename/design"
"4953","4953.png","ItsuraLeg.png","Character_Sprites","Character-part filename/design"
"5863","5863.png","Jack_Olantern_Body.png","Character_Sprites","Character-part filename/design"
"5862","5862.png","Jack_Olantern_Head.png","Character_Sprites","Character-part filename/design"
"5864","5864.png","Jack_Olantern_Leg.png","Character_Sprites","Character-part filename/design"
"5882","5882.png","JackBody.png","Character_Sprites","Character-part filename/design"
"5881","5881.png","JackHead.png","Character_Sprites","Character-part filename/design"
"5883","5883.png","JackLeg.png","Character_Sprites","Character-part filename/design"
"749","749.png","JakeHead.png","Character_Sprites","Character-part filename/design"
"773","773.png","JaneHead.png","Character_Sprites","Character-part filename/design"
"756","756.png","JapaneseGirlBody.png","Character_Sprites","Character-part filename/design"
"755","755.png","JapaneseGirlHead.png","Character_Sprites","Character-part filename/design"
"757","757.png","JapaneseGirlLeg.png","Character_Sprites","Character-part filename/design"
"775","775.png","JessicaBody.png","Character_Sprites","Character-part filename/design"
"774","774.png","JessicaHead.png","Character_Sprites","Character-part filename/design"
"776","776.png","JessicaLeg.png","Character_Sprites","Character-part filename/design"
"6822","6822.png","jester_body.png","Character_Sprites","Character-part filename/design"
"6821","6821.png","jester_head.png","Character_Sprites","Character-part filename/design"
"6823","6823.png","jester_leg.png","Character_Sprites","Character-part filename/design"
"866","866.png","JesusBody.png","Character_Sprites","Character-part filename/design"
"865","865.png","JesusHead.png","Character_Sprites","Character-part filename/design"
"867","867.png","JesusLeg.png","Character_Sprites","Character-part filename/design"
"7954","7954.png","JimmyLeeBody.png","Character_Sprites","Character-part filename/design"
"7953","7953.png","JimmyLeeHead.png","Character_Sprites","Character-part filename/design"
"7955","7955.png","JimmyLeeLeg.png","Character_Sprites","Character-part filename/design"
"2010","2010.png","JobsBody.png","Character_Sprites","Character-part filename/design"
"2009","2009.png","JobsHead.png","Character_Sprites","Character-part filename/design"
"2011","2011.png","JobsLeg.png","Character_Sprites","Character-part filename/design"
"6757","6757.png","JohnAtomsBody.png","Character_Sprites","Character-part filename/design"
"6756","6756.png","JohnAtomsHead.png","Character_Sprites","Character-part filename/design"
"6758","6758.png","JohnAtomsLeg.png","Character_Sprites","Character-part filename/design"
"8065","8065.png","JupiterBody.png","Character_Sprites","Character-part filename/design"
"8064","8064.png","JupiterHead.png","Character_Sprites","Character-part filename/design"
"8066","8066.png","JupiterLeg.png","Character_Sprites","Character-part filename/design"
"10569","10569.png","KamikazeDroid_lv1Body.png","Character_Sprites","Character-part filename/design"
"10570","10570.png","KamikazeDroid_lv1Head.png","Character_Sprites","Character-part filename/design"
"10571","10571.png","KamikazeDroid_lv1Leg.png","Character_Sprites","Character-part filename/design"
"10572","10572.png","KamikazeDroid_lv2Body.png","Character_Sprites","Character-part filename/design"
"10573","10573.png","KamikazeDroid_lv2Head.png","Character_Sprites","Character-part filename/design"
"10574","10574.png","KamikazeDroid_lv2Leg.png","Character_Sprites","Character-part filename/design"
"10575","10575.png","KamikazeDroid_lv3Body.png","Character_Sprites","Character-part filename/design"
"10576","10576.png","KamikazeDroid_lv3Head.png","Character_Sprites","Character-part filename/design"
"10577","10577.png","KamikazeDroid_lv3Leg.png","Character_Sprites","Character-part filename/design"
"7149","7149.png","KaneRizzelBody.png","Character_Sprites","Character-part filename/design"
"7148","7148.png","KaneRizzelHead.png","Character_Sprites","Character-part filename/design"
"7150","7150.png","KaneRizzelLeg.png","Character_Sprites","Character-part filename/design"
"7369","7369.png","KatzinskiBody.png","Character_Sprites","Character-part filename/design"
"7368","7368.png","KatzinskiHead.png","Character_Sprites","Character-part filename/design"
"7370","7370.png","KatzinskiLeg.png","Character_Sprites","Character-part filename/design"
"3460","3460.png","KickstarterAlienBody.png","Character_Sprites","Character-part filename/design"
"3459","3459.png","KickstarterAlienHead.png","Character_Sprites","Character-part filename/design"
"3461","3461.png","KickstarterAlienLeg.png","Character_Sprites","Character-part filename/design"
"848","848.png","KimBody.png","Character_Sprites","Character-part filename/design"
"847","847.png","KimHead.png","Character_Sprites","Character-part filename/design"
"849","849.png","KimLeg.png","Character_Sprites","Character-part filename/design"
"5973","5973.png","KingSejong_Body.png","Character_Sprites","Character-part filename/design"
"5972","5972.png","KingSejong_Head.png","Character_Sprites","Character-part filename/design"
"5974","5974.png","KingSejong_Leg.png","Character_Sprites","Character-part filename/design"
"9941","9941.png","KittyKultistBody.png","Character_Sprites","Character-part filename/design"
"9942","9942.png","KittyKultistHead.png","Character_Sprites","Character-part filename/design"
"9943","9943.png","KittyKultistLeg.png","Character_Sprites","Character-part filename/design"
"3210","3210.png","KnightBody.png","Character_Sprites","Character-part filename/design"
"3211","3211.png","KnightLeg.png","Character_Sprites","Character-part filename/design"
"10597","10597.png","KojoBody.png","Character_Sprites","Character-part filename/design"
"10598","10598.png","KojoHead.png","Character_Sprites","Character-part filename/design"
"10599","10599.png","KojoLeg.png","Character_Sprites","Character-part filename/design"
"1573","1573.png","KongBody.png","Character_Sprites","Character-part filename/design"
"1572","1572.png","KongHead.png","Character_Sprites","Character-part filename/design"
"1574","1574.png","KongLeg.png","Character_Sprites","Character-part filename/design"
"6474","6474.png","KrampusBody.png","Character_Sprites","Character-part filename/design"
"6473","6473.png","KrampusHead.png","Character_Sprites","Character-part filename/design"
"6475","6475.png","KrampusLeg.png","Character_Sprites","Character-part filename/design"
"1784","1784.png","LamaBody.png","Character_Sprites","Character-part filename/design"
"1783","1783.png","LamaHead.png","Character_Sprites","Character-part filename/design"
"1785","1785.png","LamaLeg.png","Character_Sprites","Character-part filename/design"
"750","750.png","LarryHead.png","Character_Sprites","Character-part filename/design"
"6294","6294.png","LavaSkin_Icon.png","Character_Sprites","Character/sprite filename"
"6292","6292.png","LavaSkin_Lava.png","Character_Sprites","Character/sprite filename"
"6293","6293.png","LavaSkin_Rocks.png","Character_Sprites","Character/sprite filename"
"646","646.png","LawStudentBody.png","Character_Sprites","Character-part filename/design"
"645","645.png","LawStudentHead.png","Character_Sprites","Character-part filename/design"
"647","647.png","LawStudentLeg.png","Character_Sprites","Character-part filename/design"
"1341","1341.png","LegendBody.png","Character_Sprites","Character-part filename/design"
"1340","1340.png","LegendHead.png","Character_Sprites","Character-part filename/design"
"1342","1342.png","LegendLeg.png","Character_Sprites","Character-part filename/design"
"3683","3683.png","LeoBody.png","Character_Sprites","Character-part filename/design"
"3682","3682.png","LeoHead.png","Character_Sprites","Character-part filename/design"
"3684","3684.png","LeoLeg.png","Character_Sprites","Character-part filename/design"
"3686","3686.png","LibraBody.png","Character_Sprites","Character-part filename/design"
"3685","3685.png","LibraHead.png","Character_Sprites","Character-part filename/design"
"3687","3687.png","LibraLeg.png","Character_Sprites","Character-part filename/design"
"777","777.png","LindaHead.png","Character_Sprites","Character-part filename/design"
"9281","9281.png","Lion.L-body.png","Character_Sprites","Character-part filename/design"
"9280","9280.png","Lion.L-head.png","Character_Sprites","Character-part filename/design"
"9279","9279.png","Lion.L-leg.png","Character_Sprites","Character-part filename/design"
"3501","3501.png","LionWorriorBody.png","Character_Sprites","Character-part filename/design"
"3500","3500.png","LionWorriorHead.png","Character_Sprites","Character-part filename/design"
"3502","3502.png","LionWorriorLeg.png","Character_Sprites","Character-part filename/design"
"3509","3509.png","LittleDragonBody.png","Character_Sprites","Character-part filename/design"
"3508","3508.png","LittleDragonHead.png","Character_Sprites","Character-part filename/design"
"3510","3510.png","LittleDragonLeg.png","Character_Sprites","Character-part filename/design"
"886","886.png","LiuBeiBody.png","Character_Sprites","Character-part filename/design"
"885","885.png","LiuBeiHead.png","Character_Sprites","Character-part filename/design"
"6495","6495.png","Loading-scene-Default-Crew-L.png","Character_Sprites","Character/sprite filename"
"6496","6496.png","Loading-scene-Default-Crew-R.png","Character_Sprites","Character/sprite filename"
"1299","1299.png","LordVoidBody.png","Character_Sprites","Character-part filename/design"
"1298","1298.png","LordVoidHead.png","Character_Sprites","Character-part filename/design"
"1300","1300.png","LordVoidLeg.png","Character_Sprites","Character-part filename/design"
"6847","6847.png","LucidBody.png","Character_Sprites","Character-part filename/design"
"6846","6846.png","LucidHead.png","Character_Sprites","Character-part filename/design"
"6848","6848.png","LucidLeg.png","Character_Sprites","Character-part filename/design"
"5992","5992.png","LuckyRedBody.png","Character_Sprites","Character-part filename/design"
"5991","5991.png","LuckyRedHead.png","Character_Sprites","Character-part filename/design"
"5993","5993.png","LuckyRedLeg.png","Character_Sprites","Character-part filename/design"
"8536","8536.png","LunkBody.png","Character_Sprites","Character-part filename/design"
"8535","8535.png","LunkHead.png","Character_Sprites","Character-part filename/design"
"8537","8537.png","LunkLeg.png","Character_Sprites","Character-part filename/design"
"902","902.png","LyuBuBody.png","Character_Sprites","Character-part filename/design"
"901","901.png","LyuBuHead.png","Character_Sprites","Character-part filename/design"
"903","903.png","LyuBuLeg.png","Character_Sprites","Character-part filename/design"
"5265","5265.png","MachaoBody.png","Character_Sprites","Character-part filename/design"
"5264","5264.png","MachaoHead.png","Character_Sprites","Character-part filename/design"
"5266","5266.png","MachaoLeg.png","Character_Sprites","Character-part filename/design"
"6445","6445.png","MacKenzieBody.png","Character_Sprites","Character-part filename/design"
"6444","6444.png","MacKenzieHead.png","Character_Sprites","Character-part filename/design"
"6446","6446.png","MacKenzieLeg.png","Character_Sprites","Character-part filename/design"
"4837","4837.png","MadAdmiralBody.png","Character_Sprites","Character-part filename/design"
"4836","4836.png","MadAdmiralHead.png","Character_Sprites","Character-part filename/design"
"4838","4838.png","MadAdmiralLeg.png","Character_Sprites","Character-part filename/design"
"3646","3646.png","MaiziBody.png","Character_Sprites","Character-part filename/design"
"3645","3645.png","MaiziHead.png","Character_Sprites","Character-part filename/design"
"3647","3647.png","MaiziLeg.png","Character_Sprites","Character-part filename/design"
"680","680.png","MaleNurseBody.png","Character_Sprites","Character-part filename/design"
"679","679.png","MaleNurseHead.png","Character_Sprites","Character-part filename/design"
"681","681.png","MaleNurseLeg.png","Character_Sprites","Character-part filename/design"
"7959","7959.png","MarianBody.png","Character_Sprites","Character-part filename/design"
"7958","7958.png","MarianHead.png","Character_Sprites","Character-part filename/design"
"7960","7960.png","MarianLeg.png","Character_Sprites","Character-part filename/design"
"6392","6392.png","MarinerSaturnBody.png","Character_Sprites","Character-part filename/design"
"6393","6393.png","MarinerSaturnLeg.png","Character_Sprites","Character-part filename/design"
"7342","7342.png","MarkZuckerbergBody.png","Character_Sprites","Character-part filename/design"
"7341","7341.png","MarkZuckerbergHead.png","Character_Sprites","Character-part filename/design"
"7343","7343.png","MarkZuckerbergLeg.png","Character_Sprites","Character-part filename/design"
"784","784.png","MarryHead.png","Character_Sprites","Character-part filename/design"
"793","793.png","Mars_invader_Body.png","Character_Sprites","Character-part filename/design"
"792","792.png","Mars_invader_Head.png","Character_Sprites","Character-part filename/design"
"794","794.png","Mars_invader_Leg.png","Character_Sprites","Character-part filename/design"
"7346","7346.png","MarsBody.png","Character_Sprites","Character-part filename/design"
"7345","7345.png","MarsHead.png","Character_Sprites","Character-part filename/design"
"7347","7347.png","MarsLeg.png","Character_Sprites","Character-part filename/design"
"3093","3093.png","MartialGirlBody.png","Character_Sprites","Character-part filename/design"
"3092","3092.png","MartialGirlHead.png","Character_Sprites","Character-part filename/design"
"3094","3094.png","MartialGirlLeg.png","Character_Sprites","Character-part filename/design"
"3069","3069.png","MaskGirlBody.png","Character_Sprites","Character-part filename/design"
"3068","3068.png","MaskGirlHead.png","Character_Sprites","Character-part filename/design"
"3070","3070.png","MaskGirlLeg.png","Character_Sprites","Character-part filename/design"
"3963","3963.png","MaskyGeneralArmor.png","Character_Sprites","Character-part filename/design"
"3962","3962.png","MaskyGeneralHelmet.png","Character_Sprites","Character-part filename/design"
"3964","3964.png","MaskyGeneralPants.png","Character_Sprites","Character-part filename/design"
"3951","3951.png","MaskyWarriorBody.png","Character_Sprites","Character-part filename/design"
"3950","3950.png","MaskyWarriorHead.png","Character_Sprites","Character-part filename/design"
"3952","3952.png","MaskyWarriorLeg.png","Character_Sprites","Character-part filename/design"
"6297","6297.png","McdonaldsOlympicBody.png","Character_Sprites","Character-part filename/design"
"6296","6296.png","McdonaldsOlympicHead.png","Character_Sprites","Character-part filename/design"
"6298","6298.png","McdonaldsOlympicLeg.png","Character_Sprites","Character-part filename/design"
"1998","1998.png","McGregBody.png","Character_Sprites","Character-part filename/design"
"1997","1997.png","McGregHead.png","Character_Sprites","Character-part filename/design"
"1999","1999.png","McGregLeg.png","Character_Sprites","Character-part filename/design"
"7796","7796.png","Mecha_pride_body.png","Character_Sprites","Character-part filename/design"
"7797","7797.png","Mecha_pride_head.png","Character_Sprites","Character-part filename/design"
"7798","7798.png","Mecha_pride_leg.png","Character_Sprites","Character-part filename/design"
"1922","1922.png","MedicDroid_Lv1Body.png","Character_Sprites","Character-part filename/design"
"1921","1921.png","MedicDroid_Lv1Head.png","Character_Sprites","Character-part filename/design"
"1923","1923.png","MedicDroid_Lv1Leg.png","Character_Sprites","Character-part filename/design"
"404","404.png","MengBody.png","Character_Sprites","Character-part filename/design"
"403","403.png","MengHead.png","Character_Sprites","Character-part filename/design"
"5261","5261.png","MenghuoBody.png","Character_Sprites","Character-part filename/design"
"5260","5260.png","MenghuoHead.png","Character_Sprites","Character-part filename/design"
"5262","5262.png","MenghuoLeg.png","Character_Sprites","Character-part filename/design"
"405","405.png","MengLeg.png","Character_Sprites","Character-part filename/design"
"1259","1259.png","MeowBody.png","Character_Sprites","Character-part filename/design"
"1258","1258.png","MeowHead.png","Character_Sprites","Character-part filename/design"
"1260","1260.png","MeowLeg.png","Character_Sprites","Character-part filename/design"
"6807","6807.png","MercuryBody.png","Character_Sprites","Character-part filename/design"
"6806","6806.png","MercuryHead.png","Character_Sprites","Character-part filename/design"
"6808","6808.png","MercuryLeg.png","Character_Sprites","Character-part filename/design"
"5431","5431.png","MermaidBody.png","Character_Sprites","Character-part filename/design"
"5430","5430.png","MermaidHead.png","Character_Sprites","Character-part filename/design"
"5432","5432.png","MermaidLeg.png","Character_Sprites","Character-part filename/design"
"3591","3591.png","MessiahBody.png","Character_Sprites","Character-part filename/design"
"3590","3590.png","MessiahHead.png","Character_Sprites","Character-part filename/design"
"3592","3592.png","MessiahLeg.png","Character_Sprites","Character-part filename/design"
"1213","1213.png","MichaelJordanBody.png","Character_Sprites","Character-part filename/design"
"1212","1212.png","MichaelJordanHead.png","Character_Sprites","Character-part filename/design"
"1214","1214.png","MichaelJordanLeg.png","Character_Sprites","Character-part filename/design"
"649","649.png","MikaelMonnierBody.png","Character_Sprites","Character-part filename/design"
"648","648.png","MikaelMonnierHead.png","Character_Sprites","Character-part filename/design"
"652","652.png","MikaelMonnierLeg.png","Character_Sprites","Character-part filename/design"
"10600","10600.png","MimiBody.png","Character_Sprites","Character-part filename/design"
"10601","10601.png","MimiHead.png","Character_Sprites","Character-part filename/design"
"10602","10602.png","MimiLeg.png","Character_Sprites","Character-part filename/design"
"5070","5070.png","MiningLaserBeam_RewardSkin.png","Character_Sprites","Character/sprite filename"
"5071","5071.png","MiningLaserHit_RewardSkin.png","Character_Sprites","Character/sprite filename"
"5069","5069.png","MiningLaserLaunch_RewardSkin.png","Character_Sprites","Character/sprite filename"
"4913","4913.png","MIniSwampABody__4913.png","Character_Sprites","Character/sprite filename"
"4912","4912.png","MIniSwampAHead__4912.png","Character_Sprites","Character/sprite filename"
"4914","4914.png","MIniSwampALeg__4914.png","Character_Sprites","Character/sprite filename"
"4916","4916.png","MIniSwampBBody__4916.png","Character_Sprites","Character/sprite filename"
"4915","4915.png","MIniSwampBHead__4915.png","Character_Sprites","Character/sprite filename"
"4917","4917.png","MIniSwampBLeg__4917.png","Character_Sprites","Character/sprite filename"
"4919","4919.png","MIniSwampCBody__4919.png","Character_Sprites","Character/sprite filename"
"4918","4918.png","MIniSwampCHead__4918.png","Character_Sprites","Character/sprite filename"
"4920","4920.png","MIniSwampCLeg__4920.png","Character_Sprites","Character/sprite filename"
"3937","3937.png","MisticballBody.png","Character_Sprites","Character-part filename/design"
"3936","3936.png","MisticballHead.png","Character_Sprites","Character-part filename/design"
"3938","3938.png","MisticballLeg.png","Character_Sprites","Character-part filename/design"
"9271","9271.png","Mistycball_Pride_Body.png","Character_Sprites","Character-part filename/design"
"9270","9270.png","Mistycball_Pride_Head.png","Character_Sprites","Character-part filename/design"
"9269","9269.png","Mistycball_Pride_Legs.png","Character_Sprites","Character-part filename/design"
"1139","1139.png","MobilityMachineBody.png","Character_Sprites","Character-part filename/design"
"1138","1138.png","MobilityMachineHead.png","Character_Sprites","Character-part filename/design"
"1140","1140.png","MobilityMachineLeg.png","Character_Sprites","Character-part filename/design"
"751","751.png","MonkeyKingHead.png","Character_Sprites","Character-part filename/design"
"5077","5077.png","MoonBunnyBody.png","Character_Sprites","Character-part filename/design"
"5076","5076.png","MoonBunnyHead.png","Character_Sprites","Character-part filename/design"
"5078","5078.png","MoonBunnyLeg.png","Character_Sprites","Character-part filename/design"
"6375","6375.png","MoonMarinerBody.png","Character_Sprites","Character-part filename/design"
"6374","6374.png","MoonMarinerHead.png","Character_Sprites","Character-part filename/design"
"6376","6376.png","MoonMarinerLeg.png","Character_Sprites","Character-part filename/design"
"9521","9521.png","MortBody.png","Character_Sprites","Character-part filename/design"
"9520","9520.png","MortHead.png","Character_Sprites","Character-part filename/design"
"9522","9522.png","MortLeg.png","Character_Sprites","Character-part filename/design"
"1586","1586.png","MotokoBody.png","Character_Sprites","Character-part filename/design"
"1585","1585.png","MotokoHead.png","Character_Sprites","Character-part filename/design"
"9860","9860.png","MotokoKusanagiBody.png","Character_Sprites","Character-part filename/design"
"9859","9859.png","MotokoKusanagiHead.png","Character_Sprites","Character-part filename/design"
"9861","9861.png","MotokoKusanagiLeg.png","Character_Sprites","Character-part filename/design"
"1587","1587.png","MotokoLeg.png","Character_Sprites","Character-part filename/design"
"1547","1547.png","MrBlueBody.png","Character_Sprites","Character-part filename/design"
"1546","1546.png","MrBlueHead.png","Character_Sprites","Character-part filename/design"
"1548","1548.png","MrBlueLeg.png","Character_Sprites","Character-part filename/design"
"1244","1244.png","Mummybody.png","Character_Sprites","Character-part filename/design"
"1243","1243.png","MummyHead.png","Character_Sprites","Character-part filename/design"
"1245","1245.png","MummyLeg.png","Character_Sprites","Character-part filename/design"
"7099","7099.png","MyoBody.png","Character_Sprites","Character-part filename/design"
"7098","7098.png","MyoHead.png","Character_Sprites","Character-part filename/design"
"7100","7100.png","MyoLeg.png","Character_Sprites","Character-part filename/design"
"5109","5109.png","NamithBody.png","Character_Sprites","Character-part filename/design"
"5108","5108.png","NamithHead.png","Character_Sprites","Character-part filename/design"
"5110","5110.png","NamithLeg.png","Character_Sprites","Character-part filename/design"
"1022","1022.png","NativeAmericanBody.png","Character_Sprites","Character-part filename/design"
"1021","1021.png","NativeAmericanHead.png","Character_Sprites","Character-part filename/design"
"1023","1023.png","NativeAmericanLeg.png","Character_Sprites","Character-part filename/design"
"3919","3919.png","NewRabbitBody.png","Character_Sprites","Character-part filename/design"
"3918","3918.png","NewRabbitHead.png","Character_Sprites","Character-part filename/design"
"3920","3920.png","NewRabbitLeg.png","Character_Sprites","Character-part filename/design"
"10552","10552.png","NewRepairDroid_lv1Body.png","Character_Sprites","Character-part filename/design"
"10551","10551.png","NewRepairDroid_lv1Head.png","Character_Sprites","Character-part filename/design"
"10553","10553.png","NewRepairDroid_lv1Leg.png","Character_Sprites","Character-part filename/design"
"10555","10555.png","NewRepairDroid_lv2Body.png","Character_Sprites","Character-part filename/design"
"10554","10554.png","NewRepairDroid_lv2Head.png","Character_Sprites","Character-part filename/design"
"10556","10556.png","NewRepairDroid_lv2Leg.png","Character_Sprites","Character-part filename/design"
"10558","10558.png","NewRepairDroid_lv3Body.png","Character_Sprites","Character-part filename/design"
"10557","10557.png","NewRepairDroid_lv3Head.png","Character_Sprites","Character-part filename/design"
"10559","10559.png","NewRepairDroid_lv3Leg.png","Character_Sprites","Character-part filename/design"
"5334","5334.png","NeZhaBody.png","Character_Sprites","Character-part filename/design"
"5333","5333.png","NeZhaHead.png","Character_Sprites","Character-part filename/design"
"5335","5335.png","NeZhaLeg.png","Character_Sprites","Character-part filename/design"
"4580","4580.png","NickyFurryBody.png","Character_Sprites","Character-part filename/design"
"4579","4579.png","NickyFurryHead.png","Character_Sprites","Character-part filename/design"
"4581","4581.png","NickyFurryLeg.png","Character_Sprites","Character-part filename/design"
"9606","9606.png","NikolaTeslaBody.png","Character_Sprites","Character-part filename/design"
"9605","9605.png","NikolaTeslaHead.png","Character_Sprites","Character-part filename/design"
"9607","9607.png","NikolaTeslaLeg.png","Character_Sprites","Character-part filename/design"
"727","727.png","NinjaBoyBody.png","Character_Sprites","Character-part filename/design"
"726","726.png","NinjaBoyHead.png","Character_Sprites","Character-part filename/design"
"728","728.png","NinjaBoyLeg.png","Character_Sprites","Character-part filename/design"
"7569","7569.png","noah-body.png","Character_Sprites","Character-part filename/design"
"7570","7570.png","noah-head.png","Character_Sprites","Character-part filename/design"
"7568","7568.png","noah-leg.png","Character_Sprites","Character-part filename/design"
"3373","3373.png","NolanBody.png","Character_Sprites","Character-part filename/design"
"3372","3372.png","NolanHead.png","Character_Sprites","Character-part filename/design"
"3374","3374.png","NolanLeg.png","Character_Sprites","Character-part filename/design"
"3877","3877.png","NovaBody.png","Character_Sprites","Character-part filename/design"
"3876","3876.png","NovaHead.png","Character_Sprites","Character-part filename/design"
"3878","3878.png","NovaLeg.png","Character_Sprites","Character-part filename/design"
"1506","1506.png","NYChickenBody.png","Character_Sprites","Character-part filename/design"
"1505","1505.png","NYChickenHead.png","Character_Sprites","Character-part filename/design"
"1507","1507.png","NYChickenLeg.png","Character_Sprites","Character-part filename/design"
"6203","6203.png","octopus_body.png","Character_Sprites","Character-part filename/design"
"6202","6202.png","octopus_head.png","Character_Sprites","Character-part filename/design"
"6204","6204.png","octopus_leg.png","Character_Sprites","Character-part filename/design"
"1521","1521.png","OldDriver2Body.png","Character_Sprites","Character-part filename/design"
"1520","1520.png","OldDriver2Head.png","Character_Sprites","Character-part filename/design"
"1522","1522.png","OldDriver2Leg.png","Character_Sprites","Character-part filename/design"
"1408","1408.png","OldDriverBody.png","Character_Sprites","Character-part filename/design"
"1407","1407.png","OldDriverHead.png","Character_Sprites","Character-part filename/design"
"1409","1409.png","OldDriverLeg.png","Character_Sprites","Character-part filename/design"
"7863","7863.png","OlympianJaiden-body.png","Character_Sprites","Character-part filename/design"
"7862","7862.png","OlympianJaiden-head.png","Character_Sprites","Character-part filename/design"
"7861","7861.png","OlympianJaiden-leg.png","Character_Sprites","Character-part filename/design"
"7865","7865.png","Olympian-ronaldo-body.png","Character_Sprites","Character-part filename/design"
"7866","7866.png","Olympian-ronaldo-head.png","Character_Sprites","Character-part filename/design"
"7867","7867.png","Olympian-ronaldo-leg.png","Character_Sprites","Character-part filename/design"
"863","863.png","OmabrBody.png","Character_Sprites","Character-part filename/design"
"862","862.png","OmabrHead.png","Character_Sprites","Character-part filename/design"
"864","864.png","OmabrLeg.png","Character_Sprites","Character-part filename/design"
"6181","6181.png","OneEyePhil_Body.png","Character_Sprites","Character-part filename/design"
"6180","6180.png","OneEyePhil_Head.png","Character_Sprites","Character-part filename/design"
"6182","6182.png","OneEyePhil_Leg.png","Character_Sprites","Character-part filename/design"
"4252","4252.png","OphBody.png","Character_Sprites","Character-part filename/design"
"4251","4251.png","OphHead.png","Character_Sprites","Character-part filename/design"
"4253","4253.png","OphLeg.png","Character_Sprites","Character-part filename/design"
"654","654.png","OrenMarcusBody.png","Character_Sprites","Character-part filename/design"
"653","653.png","OrenMarcusHead.png","Character_Sprites","Character-part filename/design"
"655","655.png","OrenMarcusLeg.png","Character_Sprites","Character-part filename/design"
"6301","6301.png","PaganBurgerOlympicBody.png","Character_Sprites","Character-part filename/design"
"6300","6300.png","PaganBurgerOlympicHead.png","Character_Sprites","Character-part filename/design"
"6302","6302.png","PaganBurgerOlympicLeg.png","Character_Sprites","Character-part filename/design"
"8270","8270.png","PalikittusBody.png","Character_Sprites","Character-part filename/design"
"8269","8269.png","PalikittusHead.png","Character_Sprites","Character-part filename/design"
"8271","8271.png","PalikittusLeg.png","Character_Sprites","Character-part filename/design"
"3584","3584.png","PandaBody.png","Character_Sprites","Character-part filename/design"
"3583","3583.png","PandaHead.png","Character_Sprites","Character-part filename/design"
"3585","3585.png","PandaLeg.png","Character_Sprites","Character-part filename/design"
"5890","5890.png","PaulaBody.png","Character_Sprites","Character-part filename/design"
"5889","5889.png","PaulaHead.png","Character_Sprites","Character-part filename/design"
"5891","5891.png","PaulaLeg.png","Character_Sprites","Character-part filename/design"
"752","752.png","PeterHead.png","Character_Sprites","Character-part filename/design"
"1529","1529.png","PhoenixBody.png","Character_Sprites","Character-part filename/design"
"1528","1528.png","PhoenixHead.png","Character_Sprites","Character-part filename/design"
"1530","1530.png","PhoenixLeg.png","Character_Sprites","Character-part filename/design"
"5709","5709.png","PhongrilBody.png","Character_Sprites","Character-part filename/design"
"5708","5708.png","PhongrilHead.png","Character_Sprites","Character-part filename/design"
"5710","5710.png","PhongrilLeg.png","Character_Sprites","Character-part filename/design"
"6275","6275.png","PianistBody.png","Character_Sprites","Character-part filename/design"
"6274","6274.png","PianistHead.png","Character_Sprites","Character-part filename/design"
"6276","6276.png","PianistLeg.png","Character_Sprites","Character-part filename/design"
"10594","10594.png","PikoBody.png","Character_Sprites","Character-part filename/design"
"10595","10595.png","PikoHead.png","Character_Sprites","Character-part filename/design"
"10596","10596.png","PikoLeg.png","Character_Sprites","Character-part filename/design"
"8253","8253.png","PilgrimAndroid2Body.png","Character_Sprites","Character-part filename/design"
"8251","8251.png","PilgrimAndroid2Head.png","Character_Sprites","Character-part filename/design"
"8254","8254.png","PilgrimAndroid2Leg.png","Character_Sprites","Character-part filename/design"
"5409","5409.png","PilotCatBody.png","Character_Sprites","Character-part filename/design"
"5408","5408.png","PilotCateHead.png","Character_Sprites","Character-part filename/design"
"5410","5410.png","PilotCatLeg.png","Character_Sprites","Character-part filename/design"
"3063","3063.png","PilotGirlBody.png","Character_Sprites","Character-part filename/design"
"3062","3062.png","PilotGirlHead.png","Character_Sprites","Character-part filename/design"
"3064","3064.png","PilotGirlLeg.png","Character_Sprites","Character-part filename/design"
"3084","3084.png","PinkGazillaBody.png","Character_Sprites","Character-part filename/design"
"3083","3083.png","PinkGazillaHead.png","Character_Sprites","Character-part filename/design"
"3085","3085.png","PinkGazillaLeg.png","Character_Sprites","Character-part filename/design"
"3764","3764.png","PirateAsianFemaleCapBody.png","Character_Sprites","Character-part filename/design"
"3765","3765.png","PirateAsianFemaleCapLeg.png","Character_Sprites","Character-part filename/design"
"4069","4069.png","PirateAsianFemaleCrewBody.png","Character_Sprites","Character-part filename/design"
"4068","4068.png","PirateAsianFemaleCrewHead.png","Character_Sprites","Character-part filename/design"
"4070","4070.png","PirateAsianFemaleCrewLeg.png","Character_Sprites","Character-part filename/design"
"3761","3761.png","PirateAsianMaleCapBody.png","Character_Sprites","Character-part filename/design"
"3760","3760.png","PirateAsianMaleCapHead.png","Character_Sprites","Character-part filename/design"
"3762","3762.png","PirateAsianMaleCapLeg.png","Character_Sprites","Character-part filename/design"
"4065","4065.png","PirateAsianMaleCrewBody.png","Character_Sprites","Character-part filename/design"
"4063","4063.png","PirateAsianMaleCrewHead.png","Character_Sprites","Character-part filename/design"
"4066","4066.png","PirateAsianMaleCrewLeg.png","Character_Sprites","Character-part filename/design"
"3770","3770.png","PirateBlackFemaleCapBody.png","Character_Sprites","Character-part filename/design"
"3771","3771.png","PirateBlackFemaleCapLeg.png","Character_Sprites","Character-part filename/design"
"4078","4078.png","PirateBlackFemaleCrewBody.png","Character_Sprites","Character-part filename/design"
"4077","4077.png","PirateBlackFemaleCrewHead.png","Character_Sprites","Character-part filename/design"
"4079","4079.png","PirateBlackFemaleCrewLeg.png","Character_Sprites","Character-part filename/design"
"3767","3767.png","PirateBlackMaleCapBody.png","Character_Sprites","Character-part filename/design"
"3768","3768.png","PirateBlackMaleCapLeg.png","Character_Sprites","Character-part filename/design"
"4074","4074.png","PirateBlackMaleCrewBody.png","Character_Sprites","Character-part filename/design"
"4073","4073.png","PirateBlackMaleCrewHead.png","Character_Sprites","Character-part filename/design"
"4075","4075.png","PirateBlackMaleCrewLeg.png","Character_Sprites","Character-part filename/design"
"3862","3862.png","PirateCap_WhiteFemaleHead.png","Character_Sprites","Character-part filename/design"
"3859","3859.png","PirateCrew_AsianFemaleHead.png","Character_Sprites","Character-part filename/design"
"3835","3835.png","PirateCrew_AsianMaleHead.png","Character_Sprites","Character-part filename/design"
"3858","3858.png","PirateCrew_BlackFemaleHead.png","Character_Sprites","Character-part filename/design"
"3860","3860.png","PirateCrew_BlackMaleHead.png","Character_Sprites","Character-part filename/design"
"3861","3861.png","PirateCrew_WhiteMaleHead.png","Character_Sprites","Character-part filename/design"
"1875","1875.png","PirateKingBody.png","Character_Sprites","Character-part filename/design"
"1874","1874.png","PirateKingHead.png","Character_Sprites","Character-part filename/design"
"1876","1876.png","PirateKingLeg.png","Character_Sprites","Character-part filename/design"
"5117","5117.png","PirateMiyokoBody.png","Character_Sprites","Character-part filename/design"
"5116","5116.png","PirateMiyokoHead.png","Character_Sprites","Character-part filename/design"
"5118","5118.png","PirateMiyokoLeg.png","Character_Sprites","Character-part filename/design"
"4056","4056.png","PirateWhiteFemailCrewBody.png","Character_Sprites","Character-part filename/design"
"3776","3776.png","PirateWhiteFemaleCapBody.png","Character_Sprites","Character-part filename/design"
"3777","3777.png","PirateWhiteFemaleCapLeg.png","Character_Sprites","Character-part filename/design"
"4055","4055.png","PirateWhiteFemaleCrewHead.png","Character_Sprites","Character-part filename/design"
"4057","4057.png","PirateWhiteFemaleCrewLeg.png","Character_Sprites","Character-part filename/design"
"3773","3773.png","PirateWhiteMaleCapBody.png","Character_Sprites","Character-part filename/design"
"3774","3774.png","PirateWhiteMaleCapLeg.png","Character_Sprites","Character-part filename/design"
"4060","4060.png","PirateWhiteMaleCrewBody.png","Character_Sprites","Character-part filename/design"
"4059","4059.png","PirateWhiteMaleCrewHead.png","Character_Sprites","Character-part filename/design"
"4061","4061.png","PirateWhiteMaleCrewLeg.png","Character_Sprites","Character-part filename/design"
"3689","3689.png","PiscesBody.png","Character_Sprites","Character-part filename/design"
"3688","3688.png","PiscesHead.png","Character_Sprites","Character-part filename/design"
"3690","3690.png","PiscesLeg.png","Character_Sprites","Character-part filename/design"
"10603","10603.png","Poku2Body.png","Character_Sprites","Character-part filename/design"
"10604","10604.png","Poku2Head.png","Character_Sprites","Character-part filename/design"
"10605","10605.png","Poku2Leg.png","Character_Sprites","Character-part filename/design"
"10591","10591.png","PokuBody.png","Character_Sprites","Character-part filename/design"
"10592","10592.png","PokuHead.png","Character_Sprites","Character-part filename/design"
"10593","10593.png","PokuLeg.png","Character_Sprites","Character-part filename/design"
"3581","3581.png","PolarBearBody.png","Character_Sprites","Character-part filename/design"
"3580","3580.png","PolarBearHead.png","Character_Sprites","Character-part filename/design"
"3582","3582.png","PolarBearLeg.png","Character_Sprites","Character-part filename/design"
"7164","7164.png","PotPlantSkin.png","Character_Sprites","Character/sprite filename"
"6769","6769.png","PrincessPadfootBody.png","Character_Sprites","Character-part filename/design"
"6768","6768.png","PrincessPadfootHead.png","Character_Sprites","Character-part filename/design"
"6770","6770.png","PrincessPadfootLeg.png","Character_Sprites","Character-part filename/design"
"3720","3720.png","PrivateRyanBody.png","Character_Sprites","Character-part filename/design"
"3719","3719.png","PrivateRyanHead.png","Character_Sprites","Character-part filename/design"
"3721","3721.png","PrivateRyanLeg.png","Character_Sprites","Character-part filename/design"
"1229","1229.png","ProfessorLindaBody.png","Character_Sprites","Character-part filename/design"
"1228","1228.png","ProfessorLindaHead.png","Character_Sprites","Character-part filename/design"
"1230","1230.png","ProfessorLindaLeg.png","Character_Sprites","Character-part filename/design"
"5688","5688.png","ProjectErebusBody.png","Character_Sprites","Character-part filename/design"
"5687","5687.png","ProjectErebusHead.png","Character_Sprites","Character-part filename/design"
"5689","5689.png","ProjectErebusLeg.png","Character_Sprites","Character-part filename/design"
"9543","9543.png","PSCB-1_Body_Placeholder.png","Character_Sprites","Character-part filename/design"
"9542","9542.png","PSCB-1_Head_Placeholder.png","Character_Sprites","Character-part filename/design"
"9544","9544.png","PSCB-1_Leg_Placeholder.png","Character_Sprites","Character-part filename/design"
"9546","9546.png","PSCB-2_Body_Placeholder.png","Character_Sprites","Character-part filename/design"
"9545","9545.png","PSCB-2_Head_Placeholder.png","Character_Sprites","Character-part filename/design"
"9547","9547.png","PSCB-2_Leg_Placeholder.png","Character_Sprites","Character-part filename/design"
"9549","9549.png","PSCB-3_Body_Placeholder.png","Character_Sprites","Character-part filename/design"
"9548","9548.png","PSCB-3_Head_Placeholder.png","Character_Sprites","Character-part filename/design"
"9550","9550.png","PSCB-3_Leg_Placeholder.png","Character_Sprites","Character-part filename/design"
"9552","9552.png","PSCB-4_Body_Placeholder.png","Character_Sprites","Character-part filename/design"
"9551","9551.png","PSCB-4_Head_Placeholder.png","Character_Sprites","Character-part filename/design"
"9553","9553.png","PSCB-4_Leg_Placeholder.png","Character_Sprites","Character-part filename/design"
"5583","5583.png","PSS_Galaxy_KS_Skin.png","Character_Sprites","Character/sprite filename"
"7656","7656.png","PSS-Bpass-S18-Bodyequip-lv-01-minisprite.png","Character_Sprites","Character/sprite filename"
"7658","7658.png","PSS-Bpass-S18-Bodyequip-lv-02-minisprite.png","Character_Sprites","Character/sprite filename"
"7717","7717.png","PSS-Bpass-S19-Bodyequip-lv-01-minisprite.png","Character_Sprites","Character/sprite filename"
"7718","7718.png","PSS-Bpass-S19-Bodyequip-lv-02-minisprite.png","Character_Sprites","Character/sprite filename"
"7719","7719.png","PSS-Bpass-S19-Legequip-lv-01-minisprite.png","Character_Sprites","Character/sprite filename"
"7720","7720.png","PSS-Bpass-S19-Legequip-lv-02-minisprite.png","Character_Sprites","Character/sprite filename"
"7851","7851.png","PSS-Bpass-S20-headequip-minisprite.png","Character_Sprites","Character/sprite filename"
"8456","8456.png","PSS-Bpass-S24-bodyequip-lv1.png","Character_Sprites","Character/sprite filename"
"8457","8457.png","PSS-Bpass-S24-bodyequip-lv2.png","Character_Sprites","Character/sprite filename"
"8458","8458.png","PSS-Bpass-S24-legequip-lv1.png","Character_Sprites","Character/sprite filename"
"8459","8459.png","PSS-Bpass-S24-legequip-lv2.png","Character_Sprites","Character/sprite filename"
"9287","9287.png","PSS-Bpass-S27-bodyequip-lv1.png","Character_Sprites","Character/sprite filename"
"9288","9288.png","PSS-Bpass-S27-bodyequip-lv2.png","Character_Sprites","Character/sprite filename"
"9289","9289.png","PSS-Bpass-S27-headequip-lv1.png","Character_Sprites","Character/sprite filename"
"9290","9290.png","PSS-Bpass-S27-headequip-lv2.png","Character_Sprites","Character/sprite filename"
"9872","9872.png","PurinBody.png","Character_Sprites","Character-part filename/design"
"9871","9871.png","PurinHead.png","Character_Sprites","Character-part filename/design"
"9873","9873.png","PurinLeg.png","Character_Sprites","Character-part filename/design"
"8558","8558.png","Purpleshirtedeyestabber_body.png","Character_Sprites","Character-part filename/design"
"8559","8559.png","Purpleshirtedeyestabber_head.png","Character_Sprites","Character-part filename/design"
"8560","8560.png","Purpleshirtedeyestabber_leg.png","Character_Sprites","Character-part filename/design"
"860","860.png","PutinBody.png","Character_Sprites","Character-part filename/design"
"859","859.png","PutinHead.png","Character_Sprites","Character-part filename/design"
"861","861.png","PutinLeg.png","Character_Sprites","Character-part filename/design"
"5232","5232.png","PythonianBody.png","Character_Sprites","Character-part filename/design"
"5231","5231.png","PythonianHead.png","Character_Sprites","Character-part filename/design"
"5233","5233.png","PythonianLeg.png","Character_Sprites","Character-part filename/design"
"4495","4495.png","QtaAsianFemaleCrewBody.png","Character_Sprites","Character-part filename/design"
"4494","4494.png","QtaAsianFemaleCrewHead.png","Character_Sprites","Character-part filename/design"
"4496","4496.png","QtaAsianFemaleCrewLeg.png","Character_Sprites","Character-part filename/design"
"4492","4492.png","QtaAsianMaleCrewHead.png","Character_Sprites","Character-part filename/design"
"4498","4498.png","QtaBlackFemaleCrewBody.png","Character_Sprites","Character-part filename/design"
"4497","4497.png","QtaBlackFemaleCrewHead.png","Character_Sprites","Character-part filename/design"
"4499","4499.png","QtaBlackFemaleCrewLeg.png","Character_Sprites","Character-part filename/design"
"4493","4493.png","QtaBlackMaleCrewHead.png","Character_Sprites","Character-part filename/design"
"3734","3734.png","QtarianAsianFemaleCapBody.png","Character_Sprites","Character-part filename/design"
"3805","3805.png","QtarianAsianFemaleCapHead_1.png","Character_Sprites","Character-part filename/design"
"3735","3735.png","QtarianAsianFemaleCapLeg.png","Character_Sprites","Character-part filename/design"
"3731","3731.png","QtarianAsianMaleCapBody.png","Character_Sprites","Character-part filename/design"
"3730","3730.png","QtarianAsianMaleCapHead.png","Character_Sprites","Character-part filename/design"
"3804","3804.png","QtarianAsianMaleCapHead_1.png","Character_Sprites","Character-part filename/design"
"3732","3732.png","QtarianAsianMaleCapLeg.png","Character_Sprites","Character-part filename/design"
"3744","3744.png","QtarianBlackFemaleCapBody.png","Character_Sprites","Character-part filename/design"
"3807","3807.png","QtarianBlackFemaleCapHead_1.png","Character_Sprites","Character-part filename/design"
"3745","3745.png","QtarianBlackFemaleCapLeg.png","Character_Sprites","Character-part filename/design"
"3737","3737.png","QtarianBlackMaleCapBody.png","Character_Sprites","Character-part filename/design"
"3806","3806.png","QtarianBlackMaleCapHead_1.png","Character_Sprites","Character-part filename/design"
"3738","3738.png","QtarianBlackMaleCapLeg.png","Character_Sprites","Character-part filename/design"
"3809","3809.png","QtarianWhiteFemaleCapHead_1.png","Character_Sprites","Character-part filename/design"
"3808","3808.png","QtarianWhiteMaleCapHead_1.png","Character_Sprites","Character-part filename/design"
"3752","3752.png","QtaWhiteFemaleCapBody.png","Character_Sprites","Character-part filename/design"
"3753","3753.png","QtaWhiteFemaleCapLeg.png","Character_Sprites","Character-part filename/design"
"4490","4490.png","QtaWhiteFemaleCrewBody.png","Character_Sprites","Character-part filename/design"
"4489","4489.png","QtaWhiteFemaleCrewHead.png","Character_Sprites","Character-part filename/design"
"4491","4491.png","QtaWhiteFemaleCrewLeg.png","Character_Sprites","Character-part filename/design"
"3749","3749.png","QtaWhiteMaleCapBody.png","Character_Sprites","Character-part filename/design"
"3750","3750.png","QtaWhiteMaleCapLeg.png","Character_Sprites","Character-part filename/design"
"4487","4487.png","QtaWhiteMaleCrewBody.png","Character_Sprites","Character-part filename/design"
"4486","4486.png","QtaWhiteMaleCrewHead.png","Character_Sprites","Character-part filename/design"
"4488","4488.png","QtaWhiteMaleCrewLeg.png","Character_Sprites","Character-part filename/design"
"9499","9499.png","QuestionHoundBody.png","Character_Sprites","Character-part filename/design"
"9498","9498.png","QuestionHoundHead.png","Character_Sprites","Character-part filename/design"
"9500","9500.png","QuestionHoundLeg.png","Character_Sprites","Character-part filename/design"
"10529","10529.png","RainbowCivilianPilotBody.png","Character_Sprites","Character-part filename/design"
"10528","10528.png","RainbowCivilianPilotHead.png","Character_Sprites","Character-part filename/design"
"10530","10530.png","RainbowCivilianPilotLeg.png","Character_Sprites","Character-part filename/design"
"10535","10535.png","RainbowHairdresserBody.png","Character_Sprites","Character-part filename/design"
"10536","10536.png","RainbowHairdresserHead.png","Character_Sprites","Character-part filename/design"
"10537","10537.png","RainbowHairdresserLeg.png","Character_Sprites","Character-part filename/design"
"10532","10532.png","RainbowPianistBody.png","Character_Sprites","Character-part filename/design"
"10531","10531.png","RainbowPianistHead.png","Character_Sprites","Character-part filename/design"
"10533","10533.png","RainbowPianistLeg.png","Character_Sprites","Character-part filename/design"
"10538","10538.png","RainbowSnowJoeBody.png","Character_Sprites","Character-part filename/design"
"10539","10539.png","RainbowSnowJoeHead.png","Character_Sprites","Character-part filename/design"
"10540","10540.png","RainbowSnowJoeLeg.png","Character_Sprites","Character-part filename/design"
"7853","7853.png","ReadyDozerbeltBody.png","Character_Sprites","Character-part filename/design"
"9864","9864.png","RealBatouBody.png","Character_Sprites","Character-part filename/design"
"9863","9863.png","RealBatouHead.png","Character_Sprites","Character-part filename/design"
"9865","9865.png","RealBatouLeg.png","Character_Sprites","Character-part filename/design"
"5969","5969.png","RedBaronBody.png","Character_Sprites","Character-part filename/design"
"5968","5968.png","RedBaronHead.png","Character_Sprites","Character-part filename/design"
"5970","5970.png","RedBaronLeg.png","Character_Sprites","Character-part filename/design"
"5721","5721.png","RedMaskBody.png","Character_Sprites","Character-part filename/design"
"5720","5720.png","RedMaskHead.png","Character_Sprites","Character-part filename/design"
"5722","5722.png","RedMaskLeg.png","Character_Sprites","Character-part filename/design"
"3081","3081.png","RedNinjaBody.png","Character_Sprites","Character-part filename/design"
"3079","3079.png","RedNinjaHead.png","Character_Sprites","Character-part filename/design"
"3080","3080.png","RedNinjaLeg.png","Character_Sprites","Character-part filename/design"
"3530","3530.png","RedSausageBody.png","Character_Sprites","Character-part filename/design"
"3529","3529.png","RedSausageHead.png","Character_Sprites","Character-part filename/design"
"3531","3531.png","RedSausageLeg.png","Character_Sprites","Character-part filename/design"
"6856","6856.png","RefereeBody.png","Character_Sprites","Character-part filename/design"
"6855","6855.png","RefereeHead.png","Character_Sprites","Character-part filename/design"
"6857","6857.png","RefereeLeg.png","Character_Sprites","Character-part filename/design"
"1916","1916.png","RepairDroid_Lv2Body.png","Character_Sprites","Character-part filename/design"
"1915","1915.png","RepairDroid_Lv2Head.png","Character_Sprites","Character-part filename/design"
"1917","1917.png","RepairDroid_Lv2Leg.png","Character_Sprites","Character-part filename/design"
"1949","1949.png","RepairDroid_Lv3Body.png","Character_Sprites","Character-part filename/design"
"1948","1948.png","RepairDroid_Lv3Head.png","Character_Sprites","Character-part filename/design"
"1950","1950.png","RepairDroid_Lv3Leg.png","Character_Sprites","Character-part filename/design"
"1952","1952.png","RepairDroid_Lv4Body.png","Character_Sprites","Character-part filename/design"
"1951","1951.png","RepairDroid_Lv4Head.png","Character_Sprites","Character-part filename/design"
"1953","1953.png","RepairDroid_Lv4Leg.png","Character_Sprites","Character-part filename/design"
"5874","5874.png","RepairDroid_Lv6_Body.png","Character_Sprites","Character-part filename/design"
"5873","5873.png","RepairDroid_Lv6_Head.png","Character_Sprites","Character-part filename/design"
"5875","5875.png","RepairDroid_Lv6_Leg.png","Character_Sprites","Character-part filename/design"
"1946","1946.png","RepairRobotLv5Body.png","Character_Sprites","Character-part filename/design"
"1945","1945.png","RepairRobotLv5Head.png","Character_Sprites","Character-part filename/design"
"1947","1947.png","RepairRobotLv5Leg.png","Character_Sprites","Character-part filename/design"
"4705","4705.png","RewardArmorBronzeLeg.png","Character_Sprites","Character-part filename/design"
"4688","4688.png","RewardArmorGoldLeg.png","Character_Sprites","Character-part filename/design"
"4695","4695.png","RewardArmorIronLeg.png","Character_Sprites","Character-part filename/design"
"4697","4697.png","RewardArmorPlatinumBody.png","Character_Sprites","Character-part filename/design"
"4701","4701.png","RewardArmorSilverLeg.png","Character_Sprites","Character-part filename/design"
"4798","4798.png","RewardLegsUltimate.png","Character_Sprites","Character/sprite filename"
"4843","4843.png","RewardLegsUltimateVer2.png","Character_Sprites","Character/sprite filename"
"5034","5034.png","RiceCropBody.png","Character_Sprites","Character-part filename/design"
"5033","5033.png","RiceCropHead.png","Character_Sprites","Character-part filename/design"
"5035","5035.png","RiceCropLeg.png","Character_Sprites","Character-part filename/design"
"657","657.png","RobBody.png","Character_Sprites","Character-part filename/design"
"656","656.png","RobHead.png","Character_Sprites","Character-part filename/design"
"658","658.png","RobLeg.png","Character_Sprites","Character-part filename/design"
"1105","1105.png","RobocoBody.png","Character_Sprites","Character-part filename/design"
"1104","1104.png","RobocoHead.png","Character_Sprites","Character-part filename/design"
"1106","1106.png","RobocoLeg.png","Character_Sprites","Character-part filename/design"
"490","490.png","robotAssistantBody.png","Character_Sprites","Character-part filename/design"
"489","489.png","robotAssistantHead.png","Character_Sprites","Character-part filename/design"
"491","491.png","robotAssistantLeg.png","Character_Sprites","Character-part filename/design"
"1247","1247.png","RobotGuardBody.png","Character_Sprites","Character-part filename/design"
"1246","1246.png","RobotGuardHead.png","Character_Sprites","Character-part filename/design"
"1249","1249.png","RobotGuardLeg.png","Character_Sprites","Character-part filename/design"
"3553","3553.png","RobotServantSilverBody.png","Character_Sprites","Character-part filename/design"
"3552","3552.png","RobotServantSilverHead.png","Character_Sprites","Character-part filename/design"
"3554","3554.png","RobotServantSilverLeg.png","Character_Sprites","Character-part filename/design"
"7799","7799.png","Rocky_pride_body.png","Character_Sprites","Character-part filename/design"
"7800","7800.png","Rocky_pride_head.png","Character_Sprites","Character-part filename/design"
"7801","7801.png","Rocky_pride_leg.png","Character_Sprites","Character-part filename/design"
"1205","1205.png","RonaldoBody.png","Character_Sprites","Character-part filename/design"
"1204","1204.png","RonaldoHead.png","Character_Sprites","Character-part filename/design"
"1206","1206.png","RonaldoLeg.png","Character_Sprites","Character-part filename/design"
"5207","5207.png","RudolfBody.png","Character_Sprites","Character-part filename/design"
"5206","5206.png","RudolfHead.png","Character_Sprites","Character-part filename/design"
"5208","5208.png","RudolfLeg.png","Character_Sprites","Character-part filename/design"
"6173","6173.png","Rusty_body.png","Character_Sprites","Character-part filename/design"
"6172","6172.png","Rusty_head.png","Character_Sprites","Character-part filename/design"
"6174","6174.png","Rusty_leg.png","Character_Sprites","Character-part filename/design"
"9274","9274.png","Ryzen_Pride_Body.png","Character_Sprites","Character-part filename/design"
"9273","9273.png","Ryzen_Pride_Head.png","Character_Sprites","Character-part filename/design"
"9272","9272.png","Ryzen_Pride_Legs.png","Character_Sprites","Character-part filename/design"
"1411","1411.png","SantaBody.png","Character_Sprites","Character-part filename/design"
"1410","1410.png","SantaHead.png","Character_Sprites","Character-part filename/design"
"1412","1412.png","SantaLeg.png","Character_Sprites","Character-part filename/design"
"6391","6391.png","SaturnMarinerHead.png","Character_Sprites","Character-part filename/design"
"1869","1869.png","SaudiBoyBody.png","Character_Sprites","Character-part filename/design"
"1867","1867.png","SaudiBoyHead.png","Character_Sprites","Character-part filename/design"
"1870","1870.png","SaudiBoyLeg.png","Character_Sprites","Character-part filename/design"
"3870","3870.png","SavyMouseBody.png","Character_Sprites","Character-part filename/design"
"3869","3869.png","SavyMouseHead.png","Character_Sprites","Character-part filename/design"
"3871","3871.png","SavyMouseLeg.png","Character_Sprites","Character-part filename/design"
"1358","1358.png","SavysodaBody.png","Character_Sprites","Character-part filename/design"
"1357","1357.png","SavysodaHead.png","Character_Sprites","Character-part filename/design"
"1359","1359.png","SavysodaLeg.png","Character_Sprites","Character-part filename/design"
"3922","3922.png","SchrodingerCatBody.png","Character_Sprites","Character-part filename/design"
"3921","3921.png","SchrodingerCatHead.png","Character_Sprites","Character-part filename/design"
"3923","3923.png","SchrodingerCatLeg.png","Character_Sprites","Character-part filename/design"
"3151","3151.png","ScienceOfficerBody.png","Character_Sprites","Character-part filename/design"
"3150","3150.png","ScienceOfficerHead.png","Character_Sprites","Character-part filename/design"
"3152","3152.png","ScienceOfficerLeg.png","Character_Sprites","Character-part filename/design"
"3692","3692.png","ScorpioBody.png","Character_Sprites","Character-part filename/design"
"3691","3691.png","ScorpioHead.png","Character_Sprites","Character-part filename/design"
"3693","3693.png","ScorpioLeg.png","Character_Sprites","Character-part filename/design"
"487","487.png","SergeEricBody.png","Character_Sprites","Character-part filename/design"
"486","486.png","SergeEricHead.png","Character_Sprites","Character-part filename/design"
"488","488.png","SergeEricLeg.png","Character_Sprites","Character-part filename/design"
"500","500.png","SergeMusicGuyBody.png","Character_Sprites","Character-part filename/design"
"499","499.png","SergeMusicGuyHead.png","Character_Sprites","Character-part filename/design"
"501","501.png","SergeMusicGuyLeg.png","Character_Sprites","Character-part filename/design"
"10543","10543.png","ServiceDroid_lv7Body.png","Character_Sprites","Character-part filename/design"
"10542","10542.png","ServiceDroid_lv7Head.png","Character_Sprites","Character-part filename/design"
"10544","10544.png","ServiceDroid_lv7Leg.png","Character_Sprites","Character-part filename/design"
"8530","8530.png","SharkRadBody.png","Character_Sprites","Character-part filename/design"
"8529","8529.png","SharkRadHead.png","Character_Sprites","Character-part filename/design"
"8531","8531.png","SharkRadLeg.png","Character_Sprites","Character-part filename/design"
"5057","5057.png","SherryBody.png","Character_Sprites","Character-part filename/design"
"5056","5056.png","SherryHead.png","Character_Sprites","Character-part filename/design"
"5058","5058.png","SherryLeg.png","Character_Sprites","Character-part filename/design"
"8004","8004.png","SilkLeggings.png","Character_Sprites","Character/sprite filename"
"3066","3066.png","SilverAdmiralBody.png","Character_Sprites","Character-part filename/design"
"3065","3065.png","SilverAdmiralHead.png","Character_Sprites","Character-part filename/design"
"3067","3067.png","SilverAdmiralLeg.png","Character_Sprites","Character-part filename/design"
"1201","1201.png","SilverKnightBody.png","Character_Sprites","Character-part filename/design"
"1200","1200.png","SilverKnightHead.png","Character_Sprites","Character-part filename/design"
"1202","1202.png","SilverKnightLeg.png","Character_Sprites","Character-part filename/design"
"5199","5199.png","Skin_2019NovReward.png","Character_Sprites","Character/sprite filename"
"7841","7841.png","Skin_Confetti.png","Character_Sprites","Character/sprite filename"
"7602","7602.png","Skin_DragonsTreasure.png","Character_Sprites","Character/sprite filename"
"5010","5010.png","Skin_EMP-Animation.png","Character_Sprites","Character/sprite filename"
"5657","5657.png","Skin_EMP-Animation_Lv4.png","Character_Sprites","Character/sprite filename"
"9959","9959.png","Skin_EvilEye.png","Character_Sprites","Character/sprite filename"
"1885","1885.png","skin_flame.png","Character_Sprites","Character/sprite filename"
"1883","1883.png","skin_gold.png","Character_Sprites","Character/sprite filename"
"1884","1884.png","skin_grid.png","Character_Sprites","Character/sprite filename"
"4967","4967.png","Skin_Icin_Cracking.png","Character_Sprites","Character/sprite filename"
"5200","5200.png","Skin_Icon_2019NovReward.png","Character_Sprites","Character/sprite filename"
"4872","4872.png","Skin_Icon_AlienSpine.png","Character_Sprites","Character/sprite filename"
"1851","1851.png","Skin_Icon_Camouflage_Green.png","Character_Sprites","Character/sprite filename"
"7842","7842.png","Skin_Icon_Confetti.png","Character_Sprites","Character/sprite filename"
"7603","7603.png","Skin_Icon_DragonTreasure.png","Character_Sprites","Character/sprite filename"
"9960","9960.png","Skin_Icon_EvilEye.png","Character_Sprites","Character/sprite filename"
"1892","1892.png","Skin_Icon_flame.png","Character_Sprites","Character/sprite filename"
"1890","1890.png","Skin_Icon_gold.png","Character_Sprites","Character/sprite filename"
"1891","1891.png","Skin_Icon_grid.png","Character_Sprites","Character/sprite filename"
"1889","1889.png","Skin_Icon_iron_grid.png","Character_Sprites","Character/sprite filename"
"1888","1888.png","Skin_Icon_iron_lines.png","Character_Sprites","Character/sprite filename"
"6451","6451.png","Skin_Icon_OozeSkin.png","Character_Sprites","Character/sprite filename"
"1887","1887.png","Skin_Icon_rust.png","Character_Sprites","Character/sprite filename"
"7300","7300.png","Skin_Icon_ScorchedEarth.png","Character_Sprites","Character/sprite filename"
"9619","9619.png","Skin_Icon_ShimmerWall.png","Character_Sprites","Character/sprite filename"
"6957","6957.png","Skin_Icon_Snow.png","Character_Sprites","Character/sprite filename"
"5214","5214.png","Skin_Icon_Snowflake.png","Character_Sprites","Character/sprite filename"
"5217","5217.png","Skin_Icon_Snowflake_Red.png","Character_Sprites","Character/sprite filename"
"6851","6851.png","Skin_Icon_Stains.png","Character_Sprites","Character/sprite filename"
"4386","4386.png","Skin_icon_starday1000a.png","Character_Sprites","Character/sprite filename"
"4388","4388.png","Skin_icon_starday1000b.png","Character_Sprites","Character/sprite filename"
"5031","5031.png","Skin_Icon_Stars.png","Character_Sprites","Character/sprite filename"
"6842","6842.png","Skin_Icon_Suds.png","Character_Sprites","Character/sprite filename"
"1886","1886.png","Skin_Icon_Wave.png","Character_Sprites","Character/sprite filename"
"7998","7998.png","Skin_Icon_Web.png","Character_Sprites","Character/sprite filename"
"7877","7877.png","Skin_Icon_Xsolla.png","Character_Sprites","Character/sprite filename"
"4612","4612.png","Skin_Icon_Zaki.png","Character_Sprites","Character/sprite filename"
"1882","1882.png","skin_iron_grid.png","Character_Sprites","Character/sprite filename"
"1881","1881.png","skin_iron_lines.png","Character_Sprites","Character/sprite filename"
"6206","6206.png","Skin_MothersDay2021.png","Character_Sprites","Character/sprite filename"
"1880","1880.png","skin_rust.png","Character_Sprites","Character/sprite filename"
"7299","7299.png","Skin_ScorchedEarth.png","Character_Sprites","Character/sprite filename"
"9618","9618.png","Skin_ShimmerWall.png","Character_Sprites","Character/sprite filename"
"5213","5213.png","Skin_Snowflake.png","Character_Sprites","Character/sprite filename"
"5216","5216.png","Skin_Snowflake_Red.png","Character_Sprites","Character/sprite filename"
"6850","6850.png","Skin_stains.png","Character_Sprites","Character/sprite filename"
"4385","4385.png","Skin_starday1000a.png","Character_Sprites","Character/sprite filename"
"4387","4387.png","Skin_starday1000b.png","Character_Sprites","Character/sprite filename"
"5030","5030.png","Skin_Stars.png","Character_Sprites","Character/sprite filename"
"6841","6841.png","Skin_Suds.png","Character_Sprites","Character/sprite filename"
"1879","1879.png","skin_wave.png","Character_Sprites","Character/sprite filename"
"7997","7997.png","Skin_Web.png","Character_Sprites","Character/sprite filename"
"7876","7876.png","Skin_Xsolla.png","Character_Sprites","Character/sprite filename"
"4619","4619.png","Skin_Zaki.png","Character_Sprites","Character/sprite filename"
"7604","7604.png","SkinCard_S17.png","Character_Sprites","Character/sprite filename"
"7664","7664.png","SkinCard_S18.png","Character_Sprites","Character/sprite filename"
"753","753.png","SkullyHead.png","Character_Sprites","Character-part filename/design"
"1019","1019.png","SlimeBody.png","Character_Sprites","Character-part filename/design"
"1018","1018.png","SlimeHead.png","Character_Sprites","Character-part filename/design"
"1020","1020.png","SlimeLeg.png","Character_Sprites","Character-part filename/design"
"6457","6457.png","Slimey-body.png","Character_Sprites","Character-part filename/design"
"6456","6456.png","Slimey-head.png","Character_Sprites","Character-part filename/design"
"6458","6458.png","Slimey-leg.png","Character_Sprites","Character-part filename/design"
"8462","8462.png","SlithersBody.png","Character_Sprites","Character-part filename/design"
"8461","8461.png","SlithersHead.png","Character_Sprites","Character-part filename/design"
"8463","8463.png","SlithersLeg.png","Character_Sprites","Character-part filename/design"
"4575","4575.png","SnowmanBody.png","Character_Sprites","Character-part filename/design"
"4574","4574.png","SnowmanHead.png","Character_Sprites","Character-part filename/design"
"4576","4576.png","SnowmanLeg.png","Character_Sprites","Character-part filename/design"
"5210","5210.png","SnowQueenBody.png","Character_Sprites","Character-part filename/design"
"5209","5209.png","SnowQueenHead.png","Character_Sprites","Character-part filename/design"
"5211","5211.png","SnowQueenLeg.png","Character_Sprites","Character-part filename/design"
"6955","6955.png","SnowSkin.png","Character_Sprites","Character/sprite filename"
"5137","5137.png","SpaceAlibabaBody.png","Character_Sprites","Character-part filename/design"
"5136","5136.png","SpaceAlibabaHead.png","Character_Sprites","Character-part filename/design"
"5138","5138.png","SpaceAlibabaLeg.png","Character_Sprites","Character-part filename/design"
"6383","6383.png","SpaceExplorer_body.png","Character_Sprites","Character-part filename/design"
"6382","6382.png","SpaceExplorer_head.png","Character_Sprites","Character-part filename/design"
"6384","6384.png","SpaceExplorer_leg.png","Character_Sprites","Character-part filename/design"
"1471","1471.png","SpaceOrcBody.png","Character_Sprites","Character-part filename/design"
"1470","1470.png","SpaceOrcHead.png","Character_Sprites","Character-part filename/design"
"1472","1472.png","SpaceOrcLeg.png","Character_Sprites","Character-part filename/design"
"1937","1937.png","SpecialAndroidBody.png","Character_Sprites","Character-part filename/design"
"1936","1936.png","SpecialAndroidHead.png","Character_Sprites","Character-part filename/design"
"1938","1938.png","SpecialAndroidLeg.png","Character_Sprites","Character-part filename/design"
"5838","5838.png","SpectreBody.png","Character_Sprites","Character-part filename/design"
"5837","5837.png","SpectreHead.png","Character_Sprites","Character-part filename/design"
"5839","5839.png","SpectreLeg.png","Character_Sprites","Character-part filename/design"
"3614","3614.png","SphinxBody.png","Character_Sprites","Character-part filename/design"
"3613","3613.png","SphinxHead.png","Character_Sprites","Character-part filename/design"
"3615","3615.png","SphinxLeg.png","Character_Sprites","Character-part filename/design"
"5090","5090.png","SpiritDeerBody.png","Character_Sprites","Character-part filename/design"
"5089","5089.png","SpiritDeerHead.png","Character_Sprites","Character-part filename/design"
"5091","5091.png","SpiritDeerLeg.png","Character_Sprites","Character-part filename/design"
"3404","3404.png","SportArmorLv2Body.png","Character_Sprites","Character-part filename/design"
"3403","3403.png","SportArmorLv2Head.png","Character_Sprites","Character-part filename/design"
"3405","3405.png","SportArmorLv2Leg.png","Character_Sprites","Character-part filename/design"
"6177","6177.png","square_body.png","Character_Sprites","Character-part filename/design"
"6176","6176.png","square_head.png","Character_Sprites","Character-part filename/design"
"6178","6178.png","square_leg.png","Character_Sprites","Character-part filename/design"
"1262","1262.png","SquidAlienBody.png","Character_Sprites","Character-part filename/design"
"1261","1261.png","SquidAlienHead.png","Character_Sprites","Character-part filename/design"
"1263","1263.png","SquidAlienLeg.png","Character_Sprites","Character-part filename/design"
"1813","1813.png","SquidAlienRedBody.png","Character_Sprites","Character-part filename/design"
"1811","1811.png","SquidAlienRedHead.png","Character_Sprites","Character-part filename/design"
"1814","1814.png","SquidAlienRedLeg.png","Character_Sprites","Character-part filename/design"
"1576","1576.png","St_Patrick_Body.png","Character_Sprites","Character-part filename/design"
"1575","1575.png","St_Patrick_Head.png","Character_Sprites","Character-part filename/design"
"1577","1577.png","St_Patrick_Leg.png","Character_Sprites","Character-part filename/design"
"1483","1483.png","StarshipUniformBody.png","Character_Sprites","Character-part filename/design"
"1486","1486.png","StarshipUniformLeg.png","Character_Sprites","Character-part filename/design"
"4774","4774.png","StealthSuitBody_Lv1.png","Character_Sprites","Character/sprite filename"
"4777","4777.png","StealthSuitBody_Lv2.png","Character_Sprites","Character/sprite filename"
"4780","4780.png","StealthSuitBody_Lv3.png","Character_Sprites","Character/sprite filename"
"4788","4788.png","StealthSuitBody_Lv4.png","Character_Sprites","Character/sprite filename"
"4791","4791.png","StealthSuitBody_Lv5.png","Character_Sprites","Character/sprite filename"
"4794","4794.png","StealthSuitBody_ultimate.png","Character_Sprites","Character/sprite filename"
"3528","3528.png","Steampunk_Leg.png","Character_Sprites","Character-part filename/design"
"1427","1427.png","SteveIrwinBody.png","Character_Sprites","Character-part filename/design"
"1426","1426.png","SteveIrwinHead.png","Character_Sprites","Character-part filename/design"
"1428","1428.png","SteveIrwinLeg.png","Character_Sprites","Character-part filename/design"
"6270","6270.png","SuccubusBody.png","Character_Sprites","Character-part filename/design"
"6269","6269.png","SuccubusHead.png","Character_Sprites","Character-part filename/design"
"6271","6271.png","SuccubusLeg.png","Character_Sprites","Character-part filename/design"
"9342","9342.png","SummitBoarderDroidBody.png","Character_Sprites","Character-part filename/design"
"9341","9341.png","SummitBoarderDroidHead.png","Character_Sprites","Character-part filename/design"
"9343","9343.png","SummitBoarderDroidLeg.png","Character_Sprites","Character-part filename/design"
"9339","9339.png","SummitDefenderDroidBody.png","Character_Sprites","Character-part filename/design"
"9338","9338.png","SummitDefenderDroidHead.png","Character_Sprites","Character-part filename/design"
"9340","9340.png","SummitDefenderDroidLeg.png","Character_Sprites","Character-part filename/design"
"9345","9345.png","SummitRepairDroidBody.png","Character_Sprites","Character-part filename/design"
"9344","9344.png","SummitRepairDroidHead.png","Character_Sprites","Character-part filename/design"
"9346","9346.png","SummitRepairDroidLeg.png","Character_Sprites","Character-part filename/design"
"6795","6795.png","SunscreamBody.png","Character_Sprites","Character-part filename/design"
"6794","6794.png","SunscreamHead.png","Character_Sprites","Character-part filename/design"
"6796","6796.png","SunscreamLeg.png","Character_Sprites","Character-part filename/design"
"1479","1479.png","SuperSoliderLeaderArmorLeg.png","Character_Sprites","Character-part filename/design"
"1482","1482.png","SuperSoliderTrooperArmorLeg.png","Character_Sprites","Character-part filename/design"
"4922","4922.png","SwallowBody.png","Character_Sprites","Character-part filename/design"
"4921","4921.png","SwallowHead.png","Character_Sprites","Character-part filename/design"
"4923","4923.png","SwallowLeg.png","Character_Sprites","Character-part filename/design"
"1665","1665.png","SwordMasterBody.png","Character_Sprites","Character-part filename/design"
"1664","1664.png","SwordMasterHead.png","Character_Sprites","Character-part filename/design"
"1666","1666.png","SwordMasterLeg.png","Character_Sprites","Character-part filename/design"
"9880","9880.png","TachikomaBody.png","Character_Sprites","Character-part filename/design"
"9879","9879.png","TachikomaHead.png","Character_Sprites","Character-part filename/design"
"9881","9881.png","TachikomaLeg.png","Character_Sprites","Character-part filename/design"
"9516","9516.png","TammyBody.png","Character_Sprites","Character-part filename/design"
"9515","9515.png","TammyHead.png","Character_Sprites","Character-part filename/design"
"9517","9517.png","TammyLeg.png","Character_Sprites","Character-part filename/design"
"1599","1599.png","TaurenBody.png","Character_Sprites","Character-part filename/design"
"1598","1598.png","TaurenHead.png","Character_Sprites","Character-part filename/design"
"1600","1600.png","TaurenLeg.png","Character_Sprites","Character-part filename/design"
"5696","5696.png","TechbarrBody.png","Character_Sprites","Character-part filename/design"
"5695","5695.png","TechbarrHead.png","Character_Sprites","Character-part filename/design"
"5697","5697.png","TechbarrLeg.png","Character_Sprites","Character-part filename/design"
"8563","8563.png","TedBear_body.png","Character_Sprites","Character-part filename/design"
"8564","8564.png","TedBear_head.png","Character_Sprites","Character-part filename/design"
"8566","8566.png","TedBear_leg.png","Character_Sprites","Character-part filename/design"
"1792","1792.png","TiffanyBody.png","Character_Sprites","Character-part filename/design"
"1791","1791.png","TiffanyHead.png","Character_Sprites","Character-part filename/design"
"1794","1794.png","TiffanyLeg.png","Character_Sprites","Character-part filename/design"
"4928","4928.png","TigerWoopsBody.png","Character_Sprites","Character-part filename/design"
"4927","4927.png","TigerWoopsHead.png","Character_Sprites","Character-part filename/design"
"4929","4929.png","TigerWoopsLeg.png","Character_Sprites","Character-part filename/design"
"778","778.png","TinaHead.png","Character_Sprites","Character-part filename/design"
"3204","3204.png","TinBody.png","Character_Sprites","Character-part filename/design"
"3205","3205.png","TinLeg.png","Character_Sprites","Character-part filename/design"
"9868","9868.png","TogusaBody.png","Character_Sprites","Character-part filename/design"
"9867","9867.png","TogusaHead.png","Character_Sprites","Character-part filename/design"
"9869","9869.png","TogusaLeg.png","Character_Sprites","Character-part filename/design"
"5368","5368.png","Tom2020_Body.png","Character_Sprites","Character-part filename/design"
"5367","5367.png","Tom2020_Head.png","Character_Sprites","Character-part filename/design"
"5369","5369.png","Tom2020_Leg.png","Character_Sprites","Character-part filename/design"
"660","660.png","TomasMawBody.png","Character_Sprites","Character-part filename/design"
"659","659.png","TomasMawHead.png","Character_Sprites","Character-part filename/design"
"661","661.png","TomasMawLeg.png","Character_Sprites","Character-part filename/design"
"4134","4134.png","TomTheWriterBody.png","Character_Sprites","Character-part filename/design"
"4133","4133.png","TomTheWriterHead.png","Character_Sprites","Character-part filename/design"
"4135","4135.png","TomTheWriterLeg.png","Character_Sprites","Character-part filename/design"
"9589","9589.png","TournamentPrizeSkin_October2025_Skinanimationsheet.png","Character_Sprites","Character/sprite filename"
"7157","7157.png","TourReward_LiftSkin.png","Character_Sprites","Character/sprite filename"
"8452","8452.png","TractorBeamSkin_Dove.png","Character_Sprites","Character/sprite filename"
"754","754.png","TranHead.png","Character_Sprites","Character-part filename/design"
"724","724.png","TrooperBody.png","Character_Sprites","Character-part filename/design"
"875","875.png","TrooperGoldBody.png","Character_Sprites","Character-part filename/design"
"874","874.png","TrooperGoldHead.png","Character_Sprites","Character-part filename/design"
"876","876.png","TrooperGoldLeg.png","Character_Sprites","Character-part filename/design"
"723","723.png","TrooperHead.png","Character_Sprites","Character-part filename/design"
"725","725.png","TrooperLeg.png","Character_Sprites","Character-part filename/design"
"851","851.png","TrumpBody.png","Character_Sprites","Character-part filename/design"
"852","852.png","TrumpLeg.png","Character_Sprites","Character-part filename/design"
"1367","1367.png","TrumpWonHead.png","Character_Sprites","Character-part filename/design"
"4014","4014.png","TungBody.png","Character_Sprites","Character-part filename/design"
"4013","4013.png","TungHead.png","Character_Sprites","Character-part filename/design"
"4016","4016.png","TungLeg.png","Character_Sprites","Character-part filename/design"
"1370","1370.png","TurkishBody.png","Character_Sprites","Character-part filename/design"
"1368","1368.png","TurkishHead.png","Character_Sprites","Character-part filename/design"
"1371","1371.png","TurkishLeg.png","Character_Sprites","Character-part filename/design"
"7145","7145.png","tylord-body.png","Character_Sprites","Character-part filename/design"
"7144","7144.png","tylord-head.png","Character_Sprites","Character-part filename/design"
"7146","7146.png","tylord-leg.png","Character_Sprites","Character-part filename/design"
"6686","6686.png","UnderwaterSkinCard.png","Character_Sprites","Character/sprite filename"
"1645","1645.png","UnitedDocterBody.png","Character_Sprites","Character-part filename/design"
"1644","1644.png","UnitedDocterHead.png","Character_Sprites","Character-part filename/design"
"1646","1646.png","UnitedDocterLeg.png","Character_Sprites","Character-part filename/design"
"9310","9310.png","UnityBody.png","Character_Sprites","Character-part filename/design"
"9309","9309.png","UnityHead.png","Character_Sprites","Character-part filename/design"
"9311","9311.png","UnityLeg.png","Character_Sprites","Character-part filename/design"
"6279","6279.png","UniverseWillBody.png","Character_Sprites","Character-part filename/design"
"6278","6278.png","UniverseWillHead.png","Character_Sprites","Character-part filename/design"
"6280","6280.png","UniverseWillLeg.png","Character_Sprites","Character-part filename/design"
"878","878.png","ValentinesBearBody.png","Character_Sprites","Character-part filename/design"
"877","877.png","ValentinesBearHead.png","Character_Sprites","Character-part filename/design"
"879","879.png","ValentinesBearLeg.png","Character_Sprites","Character-part filename/design"
"9474","9474.png","VenusMarinerBody.png","Character_Sprites","Character-part filename/design"
"9473","9473.png","VenusMarinerHead.png","Character_Sprites","Character-part filename/design"
"9475","9475.png","VenusMarinerLeg.png","Character_Sprites","Character-part filename/design"
"356","356.png","verunusBody.png","Character_Sprites","Character-part filename/design"
"354","354.png","verunusHead.png","Character_Sprites","Character-part filename/design"
"357","357.png","verunusLeg.png","Character_Sprites","Character-part filename/design"
"1724","1724.png","VincentBody.png","Character_Sprites","Character-part filename/design"
"1723","1723.png","VincentHead.png","Character_Sprites","Character-part filename/design"
"1725","1725.png","VincentLeg.png","Character_Sprites","Character-part filename/design"
"1733","1733.png","VincentMarkTwoBody.png","Character_Sprites","Character-part filename/design"
"1732","1732.png","VincentMarkTwoHead.png","Character_Sprites","Character-part filename/design"
"1734","1734.png","VincentMarkTwoLeg.png","Character_Sprites","Character-part filename/design"
"3710","3710.png","VirgoBody.png","Character_Sprites","Character-part filename/design"
"3709","3709.png","VirgoHead.png","Character_Sprites","Character-part filename/design"
"3711","3711.png","VirgoLeg.png","Character_Sprites","Character-part filename/design"
"673","673.png","VivienLuangBody.png","Character_Sprites","Character-part filename/design"
"672","672.png","VivienLuangHead.png","Character_Sprites","Character-part filename/design"
"674","674.png","VivienLuangLeg.png","Character_Sprites","Character-part filename/design"
"733","733.png","WalkingSkeletonBody.png","Character_Sprites","Character-part filename/design"
"732","732.png","WalkingSkeletonHead.png","Character_Sprites","Character-part filename/design"
"734","734.png","WalkingSkeletonLeg.png","Character_Sprites","Character-part filename/design"
"9264","9264.png","WargameIcon_Headhunter.png","Character_Sprites","Character/sprite filename"
"3213","3213.png","WarriorBody.png","Character_Sprites","Character-part filename/design"
"3214","3214.png","WarriorLeg.png","Character_Sprites","Character-part filename/design"
"5048","5048.png","WeaverGirlBody.png","Character_Sprites","Character-part filename/design"
"5047","5047.png","WeaverGirlHead.png","Character_Sprites","Character-part filename/design"
"5049","5049.png","WeaverGirlLeg.png","Character_Sprites","Character-part filename/design"
"8009","8009.png","WebSkinCard.png","Character_Sprites","Character/sprite filename"
"3395","3395.png","WhaleManBody.png","Character_Sprites","Character-part filename/design"
"3394","3394.png","WhaleManHead.png","Character_Sprites","Character-part filename/design"
"3396","3396.png","WhaleManLeg.png","Character_Sprites","Character-part filename/design"
"8581","8581.png","WhiteDeathBody.png","Character_Sprites","Character-part filename/design"
"8580","8580.png","WhiteDeathHead.png","Character_Sprites","Character-part filename/design"
"8584","8584.png","WhiteDeathLeg.png","Character_Sprites","Character-part filename/design"
"208","208.png","whiteFemaleBody.png","Character_Sprites","Character-part filename/design"
"627","627.png","whiteFemaleHead.png","Character_Sprites","Character-part filename/design"
"207","207.png","whiteFemaleHeadCap.png","Character_Sprites","Character/sprite filename"
"209","209.png","whiteFemaleLeg.png","Character_Sprites","Character-part filename/design"
"205","205.png","whiteMaleBody.png","Character_Sprites","Character-part filename/design"
"626","626.png","whiteMaleHead.png","Character_Sprites","Character-part filename/design"
"206","206.png","whiteMaleLeg.png","Character_Sprites","Character-part filename/design"
"7991","7991.png","WidowBody.png","Character_Sprites","Character-part filename/design"
"7990","7990.png","WidowHead.png","Character_Sprites","Character-part filename/design"
"7992","7992.png","WidowLeg.png","Character_Sprites","Character-part filename/design"
"771","771.png","WitchesBody.png","Character_Sprites","Character-part filename/design"
"770","770.png","WitchesHead.png","Character_Sprites","Character-part filename/design"
"772","772.png","WitchesLeg.png","Character_Sprites","Character-part filename/design"
"1401","1401.png","WolfManBody.png","Character_Sprites","Character-part filename/design"
"1400","1400.png","WolfManHead.png","Character_Sprites","Character-part filename/design"
"1402","1402.png","WolfManLeg.png","Character_Sprites","Character-part filename/design"
"5026","5026.png","XeonBody.png","Character_Sprites","Character-part filename/design"
"5025","5025.png","XeonHead.png","Character_Sprites","Character-part filename/design"
"5027","5027.png","XeonLeg.png","Character_Sprites","Character-part filename/design"
"5257","5257.png","XiahoudunBody.png","Character_Sprites","Character-part filename/design"
"5256","5256.png","XiahoudunHead.png","Character_Sprites","Character-part filename/design"
"5258","5258.png","XiahoudunLeg.png","Character_Sprites","Character-part filename/design"
"914","914.png","XiaoQiaoBody.png","Character_Sprites","Character-part filename/design"
"913","913.png","XiaoQiaoHead.png","Character_Sprites","Character-part filename/design"
"915","915.png","XiaoQiaoLeg.png","Character_Sprites","Character-part filename/design"
"854","854.png","XiBody.png","Character_Sprites","Character-part filename/design"
"853","853.png","XiHead.png","Character_Sprites","Character-part filename/design"
"855","855.png","XiLeg.png","Character_Sprites","Character-part filename/design"
"497","497.png","XinBody.png","Character_Sprites","Character-part filename/design"
"496","496.png","XinHead.png","Character_Sprites","Character-part filename/design"
"498","498.png","XinLeg.png","Character_Sprites","Character-part filename/design"
"2001","2001.png","XinSun_Body.png","Character_Sprites","Character-part filename/design"
"2000","2000.png","XinSun_Head.png","Character_Sprites","Character-part filename/design"
"2002","2002.png","XinSun_Leg.png","Character_Sprites","Character-part filename/design"
"3308","3308.png","XmasElfBody.png","Character_Sprites","Character-part filename/design"
"3306","3306.png","XmasElfBoyHead.png","Character_Sprites","Character-part filename/design"
"3307","3307.png","XmasElfGirlHead.png","Character_Sprites","Character-part filename/design"
"3309","3309.png","XmasElfLeg.png","Character_Sprites","Character-part filename/design"
"8363","8363.png","XmasTreeManBody.png","Character_Sprites","Character-part filename/design"
"8362","8362.png","XmasTreeManHead.png","Character_Sprites","Character-part filename/design"
"8364","8364.png","XmasTreeManLeg.png","Character_Sprites","Character-part filename/design"
"3992","3992.png","XuanBody.png","Character_Sprites","Character-part filename/design"
"3991","3991.png","XuanHead.png","Character_Sprites","Character-part filename/design"
"3993","3993.png","XuanLeg.png","Character_Sprites","Character-part filename/design"
"5977","5977.png","Yi_Hwang_body.png","Character_Sprites","Character-part filename/design"
"5976","5976.png","Yi_Hwang_head.png","Character_Sprites","Character-part filename/design"
"5978","5978.png","Yi_Hwang_leg.png","Character_Sprites","Character-part filename/design"
"493","493.png","Yusibody.png","Character_Sprites","Character-part filename/design"
"492","492.png","YusiHead.png","Character_Sprites","Character-part filename/design"
"494","494.png","YusiLeg.png","Character_Sprites","Character-part filename/design"
"1994","1994.png","Zaki_2_Body.png","Character_Sprites","Character-part filename/design"
"3740","3740.png","ZakiDragonBody.png","Character_Sprites","Character-part filename/design"
"3739","3739.png","ZakiDragonHead.png","Character_Sprites","Character-part filename/design"
"3741","3741.png","ZakiDragonLeg.png","Character_Sprites","Character-part filename/design"
"4816","4816.png","ZakiWarriorBody.png","Character_Sprites","Character-part filename/design"
"4815","4815.png","ZakiWarriorHead.png","Character_Sprites","Character-part filename/design"
"4817","4817.png","ZakiWarriorLeg.png","Character_Sprites","Character-part filename/design"
"892","892.png","ZhangFeiBody.png","Character_Sprites","Character-part filename/design"
"891","891.png","ZhangFeiHead.png","Character_Sprites","Character-part filename/design"
"893","893.png","ZhangFeiLeg.png","Character_Sprites","Character-part filename/design"
"905","905.png","ZhaoYunBody.png","Character_Sprites","Character-part filename/design"
"904","904.png","ZhaoYunHead.png","Character_Sprites","Character-part filename/design"
"906","906.png","ZhaoYunLeg.png","Character_Sprites","Character-part filename/design"
"908","908.png","ZhuGeLiangBody.png","Character_Sprites","Character-part filename/design"
"907","907.png","ZhuGeLiangHead.png","Character_Sprites","Character-part filename/design"
"909","909.png","ZhuGeLiangLeg.png","Character_Sprites","Character-part filename/design"
"4481","4481.png","zombie-cat-Body.png","Character_Sprites","Character-part filename/design"
"4480","4480.png","zombie-cat-head.png","Character_Sprites","Character-part filename/design"
"4482","4482.png","zombie-cat-leg.png","Character_Sprites","Character-part filename/design"
"1280","1280.png","ZombieFemaleBody.png","Character_Sprites","Character-part filename/design"
"1279","1279.png","ZombieFemaleHead.png","Character_Sprites","Character-part filename/design"
"1281","1281.png","ZombieFemaleLeg.png","Character_Sprites","Character-part filename/design"
"1277","1277.png","ZombieMaleBody.png","Character_Sprites","Character-part filename/design"
"1276","1276.png","ZombieMaleHead.png","Character_Sprites","Character-part filename/design"
"1278","1278.png","ZombieMaleLeg.png","Character_Sprites","Character-part filename/design"
"5001","5001.png","ZongziBody.png","Character_Sprites","Character-part filename/design"
"5642","5642.png","ZongziGirl_Body.png","Character_Sprites","Character-part filename/design"
"5641","5641.png","ZongziGirl_Head.png","Character_Sprites","Character-part filename/design"
"5643","5643.png","ZongziGirl_Leg.png","Character_Sprites","Character-part filename/design"
"5000","5000.png","ZongziHead.png","Character_Sprites","Character-part filename/design"
"5002","5002.png","ZongziLeg.png","Character_Sprites","Character-part filename/design"
"6541","6541.png"," 2022C-helmet-lv2.png","Items","Item/equipment filename/design"
"5313","5313.png","2020_Amethyst_Armor.png","Items","Item/equipment filename/design"
"5312","5312.png","2020_Amethyst_Helmet.png","Items","Item/equipment filename/design"
"5314","5314.png","2020_Amethyst_Pants.png","Items","Item/equipment filename/design"
"5287","5287.png","2020_Class_A_Armor_MKI.png","Items","Item/equipment filename/design"
"5290","5290.png","2020_Class_A_Armor_MKII.png","Items","Item/equipment filename/design"
"5293","5293.png","2020_Class_A_Armor_MKIII.png","Items","Item/equipment filename/design"
"5286","5286.png","2020_Class_A_Helmet_MKI.png","Items","Item/equipment filename/design"
"5289","5289.png","2020_Class_A_Helmet_MKII.png","Items","Item/equipment filename/design"
"5292","5292.png","2020_Class_A_Helmet_MKIII.png","Items","Item/equipment filename/design"
"5288","5288.png","2020_Class_A_Pants_MKI.png","Items","Item/equipment filename/design"
"5291","5291.png","2020_Class_A_Pants_MKII.png","Items","Item/equipment filename/design"
"5294","5294.png","2020_Class_A_Pants_MKIII.png","Items","Item/equipment filename/design"
"5278","5278.png","2020_Class_B_Armor_MKI.png","Items","Item/equipment filename/design"
"5281","5281.png","2020_Class_B_Armor_MKII.png","Items","Item/equipment filename/design"
"5284","5284.png","2020_Class_B_Armor_MKIII.png","Items","Item/equipment filename/design"
"5277","5277.png","2020_Class_B_Helmet_MKI.png","Items","Item/equipment filename/design"
"5280","5280.png","2020_Class_B_Helmet_MKII.png","Items","Item/equipment filename/design"
"5283","5283.png","2020_Class_B_Helmet_MKIII.png","Items","Item/equipment filename/design"
"5279","5279.png","2020_Class_B_Pants_MKI.png","Items","Item/equipment filename/design"
"5282","5282.png","2020_Class_B_Pants_MKII.png","Items","Item/equipment filename/design"
"5285","5285.png","2020_Class_B_Pants_MKIII.png","Items","Item/equipment filename/design"
"5272","5272.png","2020_Class_C_Armor_MKI.png","Items","Item/equipment filename/design"
"5275","5275.png","2020_Class_C_Armor_MKII.png","Items","Item/equipment filename/design"
"5271","5271.png","2020_Class_C_Helmet_MKI.png","Items","Item/equipment filename/design"
"5274","5274.png","2020_Class_C_Helmet_MKII.png","Items","Item/equipment filename/design"
"5273","5273.png","2020_Class_C_Pants_MKI.png","Items","Item/equipment filename/design"
"5276","5276.png","2020_Class_C_Pants_MKII.png","Items","Item/equipment filename/design"
"5269","5269.png","2020_Class_D_Armor.png","Items","Item/equipment filename/design"
"5268","5268.png","2020_Class_D_Helmet.png","Items","Item/equipment filename/design"
"5270","5270.png","2020_Class_D_Pants.png","Items","Item/equipment filename/design"
"5301","5301.png","2020_Class_S_Armor_MKI.png","Items","Item/equipment filename/design"
"5304","5304.png","2020_Class_S_Armor_MKII.png","Items","Item/equipment filename/design"
"5300","5300.png","2020_Class_S_Helmet_MKI.png","Items","Item/equipment filename/design"
"5303","5303.png","2020_Class_S_Helmet_MKII.png","Items","Item/equipment filename/design"
"5306","5306.png","2020_Class_S_Helmet_MKIII.png","Items","Item/equipment filename/design"
"5302","5302.png","2020_Class_S_Pants_MKI.png","Items","Item/equipment filename/design"
"5305","5305.png","2020_Class_S_Pants_MKII.png","Items","Item/equipment filename/design"
"5308","5308.png","2020_Class_S_Pants_MKIII.png","Items","Item/equipment filename/design"
"6039","6039.png","2021_Amethyst_Armor.png","Items","Item/equipment filename/design"
"6038","6038.png","2021_Amethyst_Helmet.png","Items","Item/equipment filename/design"
"6040","6040.png","2021_Amethyst_Pants.png","Items","Item/equipment filename/design"
"6021","6021.png","2021_Class_A_Armor_MKI.png","Items","Item/equipment filename/design"
"6024","6024.png","2021_Class_A_Armor_MKII.png","Items","Item/equipment filename/design"
"6027","6027.png","2021_Class_A_Armor_MKIII.png","Items","Item/equipment filename/design"
"6020","6020.png","2021_Class_A_Helmet_MKI.png","Items","Item/equipment filename/design"
"6023","6023.png","2021_Class_A_Helmet_MKII.png","Items","Item/equipment filename/design"
"6026","6026.png","2021_Class_A_Helmet_MKIII.png","Items","Item/equipment filename/design"
"6022","6022.png","2021_Class_A_Pants_MKI.png","Items","Item/equipment filename/design"
"6025","6025.png","2021_Class_A_Pants_MKII.png","Items","Item/equipment filename/design"
"6028","6028.png","2021_Class_A_Pants_MKIII.png","Items","Item/equipment filename/design"
"6012","6012.png","2021_Class_B_Armor_MKI.png","Items","Item/equipment filename/design"
"6015","6015.png","2021_Class_B_Armor_MKII.png","Items","Item/equipment filename/design"
"6018","6018.png","2021_Class_B_Armor_MKIII.png","Items","Item/equipment filename/design"
"6011","6011.png","2021_Class_B_Helmet_MKI.png","Items","Item/equipment filename/design"
"6014","6014.png","2021_Class_B_Helmet_MKII.png","Items","Item/equipment filename/design"
"6017","6017.png","2021_Class_B_Helmet_MKIII.png","Items","Item/equipment filename/design"
"6013","6013.png","2021_Class_B_Pants_MKI.png","Items","Item/equipment filename/design"
"6016","6016.png","2021_Class_B_Pants_MKII.png","Items","Item/equipment filename/design"
"6019","6019.png","2021_Class_B_Pants_MKIII.png","Items","Item/equipment filename/design"
"6006","6006.png","2021_Class_C_Armor_MKI.png","Items","Item/equipment filename/design"
"6009","6009.png","2021_Class_C_Armor_MKII.png","Items","Item/equipment filename/design"
"6005","6005.png","2021_Class_C_Helmet_MKI.png","Items","Item/equipment filename/design"
"6008","6008.png","2021_Class_C_Helmet_MKII.png","Items","Item/equipment filename/design"
"6007","6007.png","2021_Class_C_Pants_MKI.png","Items","Item/equipment filename/design"
"6010","6010.png","2021_Class_C_Pants_MKII.png","Items","Item/equipment filename/design"
"6003","6003.png","2021_Class_D_Armor.png","Items","Item/equipment filename/design"
"6002","6002.png","2021_Class_D_Helmet.png","Items","Item/equipment filename/design"
"6004","6004.png","2021_Class_D_Pants.png","Items","Item/equipment filename/design"
"6030","6030.png","2021_Class_S_Armor_MKI.png","Items","Item/equipment filename/design"
"6033","6033.png","2021_Class_S_Armor_MKII.png","Items","Item/equipment filename/design"
"6036","6036.png","2021_Class_S_Armor_MKIII.png","Items","Item/equipment filename/design"
"6029","6029.png","2021_Class_S_Helmet_MKI.png","Items","Item/equipment filename/design"
"6032","6032.png","2021_Class_S_Helmet_MKII.png","Items","Item/equipment filename/design"
"6035","6035.png","2021_Class_S_Helmet_MKIII.png","Items","Item/equipment filename/design"
"6031","6031.png","2021_Class_S_Pants_MKI.png","Items","Item/equipment filename/design"
"6034","6034.png","2021_Class_S_Pants_MKII.png","Items","Item/equipment filename/design"
"6037","6037.png","2021_Class_S_Pants_MKIII.png","Items","Item/equipment filename/design"
"6042","6042.png","2021_Special_SpaceMarine_Armor.png","Items","Item/equipment filename/design"
"6041","6041.png","2021_Special_SpaceMarine_Helmet.png","Items","Item/equipment filename/design"
"6074","6074.png","2021-tour-armor-profile-Class_A.png","Items","Item/equipment profile filename/design"
"6076","6076.png","2021-tour-armor-profile-Class_Amethyst.png","Items","Item/equipment profile filename/design"
"6073","6073.png","2021-tour-armor-profile-Class_B.png","Items","Item/equipment profile filename/design"
"6072","6072.png","2021-tour-armor-profile-Class_C.png","Items","Item/equipment profile filename/design"
"6071","6071.png","2021-tour-armor-profile-Class_D.png","Items","Item/equipment profile filename/design"
"6075","6075.png","2021-tour-armor-profile-Class_S.png","Items","Item/equipment profile filename/design"
"6077","6077.png","2021-tour-armor-profile-Class_SpecialMarine.png","Items","Item/equipment profile filename/design"
"6063","6063.png","2021-tour-helmet-profile_Amethyst.png","Items","Item/equipment profile filename/design"
"6061","6061.png","2021-tour-helmet-profile_Class_A.png","Items","Item/equipment profile filename/design"
"6060","6060.png","2021-tour-helmet-profile_Class_B.png","Items","Item/equipment profile filename/design"
"6059","6059.png","2021-tour-helmet-profile_Class_C.png","Items","Item/equipment profile filename/design"
"6062","6062.png","2021-tour-helmet-profile_Class_S.png","Items","Item/equipment profile filename/design"
"6064","6064.png","2021-tour-helmet-profile_Special.png","Items","Item/equipment profile filename/design"
"6058","6058.png","2021-tour-helmet-profile-Class_D.png","Items","Item/equipment profile filename/design"
"6081","6081.png","2021-tour-pants-profile-A.png","Items","Item/equipment profile filename/design"
"6083","6083.png","2021-tour-pants-profile-amethyst.png","Items","Item/equipment profile filename/design"
"6080","6080.png","2021-tour-pants-profile-b.png","Items","Item/equipment profile filename/design"
"6079","6079.png","2021-tour-pants-profile-c.png","Items","Item/equipment profile filename/design"
"6078","6078.png","2021-tour-pants-profile-D.png","Items","Item/equipment profile filename/design"
"6082","6082.png","2021-tour-pants-profile-S.png","Items","Item/equipment profile filename/design"
"6091","6091.png","2021-tour-weapon-profile-a.png","Items","Item/equipment profile filename/design"
"6093","6093.png","2021-tour-weapon-profile-amethyst.png","Items","Item/equipment profile filename/design"
"6090","6090.png","2021-tour-weapon-profile-b.png","Items","Item/equipment profile filename/design"
"6089","6089.png","2021-tour-weapon-profile-c.png","Items","Item/equipment profile filename/design"
"6088","6088.png","2021-tour-weapon-profile-d.png","Items","Item/equipment profile filename/design"
"6092","6092.png","2021-tour-weapon-profile-s.png","Items","Item/equipment profile filename/design"
"6602","6602.png","2022-accessory-profile.png","Items","Item/equipment profile filename/design"
"6553","6553.png","2022A-helmet-lv1.png","Items","Item/equipment filename/design"
"6556","6556.png","2022A-helmet-lv2.png","Items","Item/equipment filename/design"
"6559","6559.png","2022A-helmet-lv3.png","Items","Item/equipment filename/design"
"6534","6534.png","2022AmethystAccessory_lv3.png","Items","Item/equipment filename/design"
"6578","6578.png","2022AmethystArmor.png","Items","Item/equipment filename/design"
"6593","6593.png","2022Amethyst-Armor-Profile.png","Items","Item/equipment profile filename/design"
"6577","6577.png","2022AmethystHelmet.png","Items","Item/equipment filename/design"
"6594","6594.png","2022Amethyst-Helmet-Profile.png","Items","Item/equipment profile filename/design"
"6579","6579.png","2022AmethystPants.png","Items","Item/equipment filename/design"
"6595","6595.png","2022Amethyst-Pants-Profile.png","Items","Item/equipment profile filename/design"
"6544","6544.png","2022B-Helmet-Lv1.png","Items","Item/equipment filename/design"
"6547","6547.png","2022B-Helmet-Lv2.png","Items","Item/equipment filename/design"
"6550","6550.png","2022B-Helmet-Lv3.png","Items","Item/equipment filename/design"
"6540","6540.png","2022C-helmet-lv1.png","Items","Item/equipment filename/design"
"6526","6526.png","2022ClassAAccessory_lv1.png","Items","Item/equipment filename/design"
"6527","6527.png","2022ClassAAccessory_lv2.png","Items","Item/equipment filename/design"
"6528","6528.png","2022ClassAAccessory_lv3.png","Items","Item/equipment filename/design"
"6554","6554.png","2022ClassAArmor_Lv1.png","Items","Item/equipment filename/design"
"6557","6557.png","2022ClassAArmor_Lv2.png","Items","Item/equipment filename/design"
"6560","6560.png","2022ClassAArmor_Lv3.png","Items","Item/equipment filename/design"
"6590","6590.png","2022Class-A-Armor-Profile.png","Items","Item/equipment profile filename/design"
"6591","6591.png","2022Class-A-Helmet-Profile.png","Items","Item/equipment profile filename/design"
"6555","6555.png","2022ClassAPants_Lv1.png","Items","Item/equipment filename/design"
"6558","6558.png","2022ClassAPants_Lv2.png","Items","Item/equipment filename/design"
"6561","6561.png","2022ClassAPants_Lv3.png","Items","Item/equipment filename/design"
"6592","6592.png","2022Class-A-Pants-Profile.png","Items","Item/equipment profile filename/design"
"6523","6523.png","2022ClassBAccessory_lv1.png","Items","Item/equipment filename/design"
"6524","6524.png","2022ClassBAccessory_lv2.png","Items","Item/equipment filename/design"
"6525","6525.png","2022ClassBAccessory_lv3.png","Items","Item/equipment filename/design"
"6545","6545.png","2022ClassBArmor_Lv1.png","Items","Item/equipment filename/design"
"6548","6548.png","2022ClassBArmor_Lv2.png","Items","Item/equipment filename/design"
"6551","6551.png","2022ClassBArmor_Lv3.png","Items","Item/equipment filename/design"
"6588","6588.png","2022Class-B-Armor-Profile.png","Items","Item/equipment profile filename/design"
"6587","6587.png","2022Class-B-Helmet-Profile.png","Items","Item/equipment profile filename/design"
"6546","6546.png","2022ClassBPants_Lv1.png","Items","Item/equipment filename/design"
"6549","6549.png","2022ClassBPants_Lv2.png","Items","Item/equipment filename/design"
"6552","6552.png","2022ClassBPants_Lv3.png","Items","Item/equipment filename/design"
"6589","6589.png","2022Class-B-Pants-Profile.png","Items","Item/equipment profile filename/design"
"6520","6520.png","2022ClassCAccessory_lv1.png","Items","Item/equipment filename/design"
"6521","6521.png","2022ClassCAccessory_lv2.png","Items","Item/equipment filename/design"
"6538","6538.png","2022ClassCArmor_Lv1.png","Items","Item/equipment filename/design"
"6542","6542.png","2022ClassCArmor_Lv2.png","Items","Item/equipment filename/design"
"6585","6585.png","2022Class-C-Armor-Profile.png","Items","Item/equipment profile filename/design"
"6584","6584.png","2022Class-C-Helmet-Profile.png","Items","Item/equipment profile filename/design"
"6539","6539.png","2022ClassCPants_Lv1.png","Items","Item/equipment filename/design"
"6543","6543.png","2022ClassCPants_Lv2.png","Items","Item/equipment filename/design"
"6586","6586.png","2022Class-C-Pants-Profile.png","Items","Item/equipment profile filename/design"
"6517","6517.png","2022ClassDAccessory_lv1.png","Items","Item/equipment filename/design"
"6515","6515.png","2022ClassDArmor.png","Items","Item/equipment filename/design"
"6582","6582.png","2022Class-D-Armor-Profile.png","Items","Item/equipment profile filename/design"
"6514","6514.png","2022ClassDHelmet.png","Items","Item/equipment filename/design"
"6581","6581.png","2022Class-D-Helmet-Profile.png","Items","Item/equipment profile filename/design"
"6516","6516.png","2022ClassDPants.png","Items","Item/equipment filename/design"
"6583","6583.png","2022Class-D-Pants-Profile.png","Items","Item/equipment profile filename/design"
"6529","6529.png","2022ClassSAccessory_lv1.png","Items","Item/equipment filename/design"
"6530","6530.png","2022ClassSAccessory_lv2.png","Items","Item/equipment filename/design"
"6531","6531.png","2022ClassSAccessory_lv3.png","Items","Item/equipment filename/design"
"6565","6565.png","2022ClassSArmor_Lv1.png","Items","Item/equipment filename/design"
"6568","6568.png","2022ClassSArmor_Lv2.png","Items","Item/equipment filename/design"
"6571","6571.png","2022ClassSArmor_Lv3.png","Items","Item/equipment filename/design"
"6597","6597.png","2022Class-S-Armor-Profile.png","Items","Item/equipment profile filename/design"
"6596","6596.png","2022Class-S-Helmet-Profile.png","Items","Item/equipment profile filename/design"
"6566","6566.png","2022ClassSPants_Lv1.png","Items","Item/equipment filename/design"
"6569","6569.png","2022ClassSPants_Lv2.png","Items","Item/equipment filename/design"
"6572","6572.png","2022ClassSPants_Lv3.png","Items","Item/equipment filename/design"
"6598","6598.png","2022Class-S-Pants-Profile.png","Items","Item/equipment profile filename/design"
"6564","6564.png","2022S-helmet-lv1.png","Items","Item/equipment filename/design"
"6567","6567.png","2022S-helmet-lv2.png","Items","Item/equipment filename/design"
"6537","6537.png","2022SpecialAccessory_lv3.png","Items","Item/equipment filename/design"
"6575","6575.png","2022SpecialPants.png","Items","Item/equipment filename/design"
"6601","6601.png","2022Special-Pants-Profile.png","Items","Item/equipment profile filename/design"
"6511","6511.png","2022TourWeaponProfile.png","Items","Item/equipment profile filename/design"
"7016","7016.png","2023-tour-amethyst-helmet.png","Items","Item/equipment filename/design"
"7018","7018.png","2023-tour-amethyst-pants.png","Items","Item/equipment filename/design"
"7031","7031.png","2023-tour-amor_accessory_a_lv1.png","Items","Item/equipment filename/design"
"7032","7032.png","2023-tour-amor_accessory_a_lv2.png","Items","Item/equipment filename/design"
"7033","7033.png","2023-tour-amor_accessory_a_lv3.png","Items","Item/equipment filename/design"
"7037","7037.png","2023-tour-amor_accessory_Amethyst_lv1.png","Items","Item/equipment filename/design"
"7039","7039.png","2023-tour-amor_accessory_Amethyst_lv3.png","Items","Item/equipment filename/design"
"7028","7028.png","2023-tour-amor_accessory_b_lv1.png","Items","Item/equipment filename/design"
"7029","7029.png","2023-tour-amor_accessory_b_lv2.png","Items","Item/equipment filename/design"
"7030","7030.png","2023-tour-amor_accessory_b_lv3.png","Items","Item/equipment filename/design"
"7025","7025.png","2023-tour-amor_accessory_c_lv1.png","Items","Item/equipment filename/design"
"7026","7026.png","2023-tour-amor_accessory_c_lv2.png","Items","Item/equipment filename/design"
"7022","7022.png","2023-tour-amor_accessory_d_lv1.png","Items","Item/equipment filename/design"
"7034","7034.png","2023-tour-amor_accessory_s_lv1.png","Items","Item/equipment filename/design"
"7035","7035.png","2023-tour-amor_accessory_s_lv2.png","Items","Item/equipment filename/design"
"7036","7036.png","2023-tour-amor_accessory_s_lv3.png","Items","Item/equipment filename/design"
"7043","7043.png","2023-tour-amor_accessory_special_lv3.png","Items","Item/equipment filename/design"
"6998","6998.png","2023-tour-class-a-helmet-lv1.png","Items","Item/equipment filename/design"
"7001","7001.png","2023-tour-class-a-helmet-lv2.png","Items","Item/equipment filename/design"
"7004","7004.png","2023-tour-class-a-helmet-lv3.png","Items","Item/equipment filename/design"
"7000","7000.png","2023-tour-class-a-pants-lv1.png","Items","Item/equipment filename/design"
"7003","7003.png","2023-tour-class-a-pants-lv2.png","Items","Item/equipment filename/design"
"7006","7006.png","2023-tour-class-a-pants-lv3.png","Items","Item/equipment filename/design"
"6989","6989.png","2023-tour-class-b-helmet-lv1.png","Items","Item/equipment filename/design"
"6992","6992.png","2023-tour-class-b-helmet-lv2.png","Items","Item/equipment filename/design"
"6995","6995.png","2023-tour-class-b-helmet-lv3.png","Items","Item/equipment filename/design"
"6991","6991.png","2023-tour-class-b-pants-lv1.png","Items","Item/equipment filename/design"
"6994","6994.png","2023-tour-class-b-pants-lv2.png","Items","Item/equipment filename/design"
"6997","6997.png","2023-tour-class-b-pants-lv3.png","Items","Item/equipment filename/design"
"6983","6983.png","2023-tour-class-c-helmet-lv1.png","Items","Item/equipment filename/design"
"6986","6986.png","2023-tour-class-c-helmet-lv2.png","Items","Item/equipment filename/design"
"6985","6985.png","2023-tour-class-c-pants-lv1.png","Items","Item/equipment filename/design"
"6988","6988.png","2023-tour-class-c-pants-lv2.png","Items","Item/equipment filename/design"
"6980","6980.png","2023-tour-class-d-helmet-lv1.png","Items","Item/equipment filename/design"
"6982","6982.png","2023-tour-class-d-pants-lv1.png","Items","Item/equipment filename/design"
"7007","7007.png","2023-tour-class-s-helmet-lv1.png","Items","Item/equipment filename/design"
"7010","7010.png","2023-tour-class-s-helmet-lv2.png","Items","Item/equipment filename/design"
"7013","7013.png","2023-tour-class-s-helmet-lv3.png","Items","Item/equipment filename/design"
"7009","7009.png","2023-tour-class-s-pants-lv1.png","Items","Item/equipment filename/design"
"7012","7012.png","2023-tour-class-s-pants-lv2.png","Items","Item/equipment filename/design"
"7015","7015.png","2023-tour-class-s-pants-lv3.png","Items","Item/equipment filename/design"
"7071","7071.png","2023-tour-gear-accessory-a.png","Items","Item/equipment filename/design"
"7081","7081.png","2023-tour-gear-accessory-Amethyst.png","Items","Item/equipment filename/design"
"7066","7066.png","2023-tour-gear-accessory-b.png","Items","Item/equipment filename/design"
"7061","7061.png","2023-tour-gear-accessory-c.png","Items","Item/equipment filename/design"
"7056","7056.png","2023-tour-gear-accessory-d.png","Items","Item/equipment filename/design"
"7076","7076.png","2023-tour-gear-accessory-s.png","Items","Item/equipment filename/design"
"7086","7086.png","2023-tour-gear-accessory-Special.png","Items","Item/equipment filename/design"
"7068","7068.png","2023-tour-gear-helmet-a.png","Items","Item/equipment filename/design"
"7078","7078.png","2023-tour-gear-helmet-Amethyst.png","Items","Item/equipment filename/design"
"7063","7063.png","2023-tour-gear-helmet-b.png","Items","Item/equipment filename/design"
"7058","7058.png","2023-tour-gear-helmet-c.png","Items","Item/equipment filename/design"
"7053","7053.png","2023-tour-gear-helmet-d.png","Items","Item/equipment filename/design"
"7073","7073.png","2023-tour-gear-helmet-s.png","Items","Item/equipment filename/design"
"7083","7083.png","2023-tour-gear-helmet-Special.png","Items","Item/equipment filename/design"
"7072","7072.png","2023-tour-gear-weapon-a.png","Items","Item/equipment filename/design"
"7082","7082.png","2023-tour-gear-weapon-Amethyst.png","Items","Item/equipment filename/design"
"7067","7067.png","2023-tour-gear-weapon-b.png","Items","Item/equipment filename/design"
"7062","7062.png","2023-tour-gear-weapon-c.png","Items","Item/equipment filename/design"
"7057","7057.png","2023-tour-gear-weapon-d.png","Items","Item/equipment filename/design"
"7077","7077.png","2023-tour-gear-weapon-s.png","Items","Item/equipment filename/design"
"7019","7019.png","2023-tour-special-helmet.png","Items","Item/equipment filename/design"
"7472","7472.png","2024-tour-amethyst-helmet.png","Items","Item/equipment filename/design"
"7473","7473.png","2024-tour-class-a-helmet-lv1.png","Items","Item/equipment filename/design"
"7474","7474.png","2024-tour-class-a-helmet-lv2.png","Items","Item/equipment filename/design"
"7475","7475.png","2024-tour-class-a-helmet-lv3.png","Items","Item/equipment filename/design"
"7476","7476.png","2024-tour-class-b-helmet-lv1.png","Items","Item/equipment filename/design"
"7477","7477.png","2024-tour-class-b-helmet-lv2.png","Items","Item/equipment filename/design"
"7478","7478.png","2024-tour-class-b-helmet-lv3.png","Items","Item/equipment filename/design"
"7479","7479.png","2024-tour-class-c-helmet-lv1.png","Items","Item/equipment filename/design"
"7480","7480.png","2024-tour-class-c-helmet-lv2.png","Items","Item/equipment filename/design"
"7481","7481.png","2024-tour-class-d-helmet-lv1.png","Items","Item/equipment filename/design"
"7485","7485.png","2024-tour-class-s-helmet-lv1.png","Items","Item/equipment filename/design"
"7486","7486.png","2024-tour-class-s-helmet-lv2.png","Items","Item/equipment filename/design"
"7487","7487.png","2024-tour-class-s-helmet-lv3.png","Items","Item/equipment filename/design"
"7518","7518.png","2024-tour-profile-accessories-spritesheet.png","Items","Item/equipment profile filename (corrected token order)"
"7519","7519.png","2024-tour-profile-armor-spritesheet.png","Items","Item/equipment profile filename (corrected token order)"
"7520","7520.png","2024-tour-profile-legs-spritesheet.png","Items","Item/equipment profile filename (corrected token order)"
"7521","7521.png","2024-tour-profile-weapon-spritesheet.png","Items","Item/equipment profile filename (corrected token order)"
"7488","7488.png","2024-tour-special-helmet.png","Items","Item/equipment filename/design"
"8409","8409.png","2025-tour-accessory-animationsheet.png","Items","Item/equipment filename/design"
"8424","8424.png","2025-tour-class-a-helmet-lv1.png","Items","Item/equipment filename/design"
"8425","8425.png","2025-tour-class-a-helmet-lv2.png","Items","Item/equipment filename/design"
"8426","8426.png","2025-tour-class-a-helmet-lv3.png","Items","Item/equipment filename/design"
"8427","8427.png","2025-tour-class-amethyst-helmet.png","Items","Item/equipment filename/design"
"8428","8428.png","2025-tour-class-b-helmet-lv1.png","Items","Item/equipment filename/design"
"8429","8429.png","2025-tour-class-b-helmet-lv2.png","Items","Item/equipment filename/design"
"8430","8430.png","2025-tour-class-b-helmet-lv3.png","Items","Item/equipment filename/design"
"8431","8431.png","2025-tour-class-c-helmet-lv1.png","Items","Item/equipment filename/design"
"8432","8432.png","2025-tour-class-c-helmet-lv2.png","Items","Item/equipment filename/design"
"8433","8433.png","2025-tour-class-d-helmet-lv1.png","Items","Item/equipment filename/design"
"8434","8434.png","2025-tour-class-s-helmet-lv1.png","Items","Item/equipment filename/design"
"8435","8435.png","2025-tour-class-s-helmet-lv2.png","Items","Item/equipment filename/design"
"8436","8436.png","2025-tour-class-s-helmet-lv3.png","Items","Item/equipment filename/design"
"8437","8437.png","2025-tour-class-special-helmet.png","Items","Item/equipment filename/design"
"8406","8406.png","2025-tour-profile-accessory.png","Items","Item/equipment profile filename (corrected token order)"
"8404","8404.png","2025-tour-profile-armor.png","Items","Item/equipment profile filename (corrected token order)"
"8407","8407.png","2025-tour-profile-helmet.png","Items","Item/equipment profile filename (corrected token order)"
"8408","8408.png","2025-tour-profile-weapon.png","Items","Item/equipment profile filename (corrected token order)"
"9621","9621.png","2026-tour-accessory-profilesheet.png","Items","Item/equipment profile filename/design"
"9751","9751.png","2026-tour-accessory-spritesheet.png","Items","Item/equipment filename/design"
"9622","9622.png","2026-tour-armor-profilesheet.png","Items","Item/equipment profile filename/design"
"9753","9753.png","2026-tour-class-a-armor-lv1.png","Items","Item/equipment filename/design"
"9754","9754.png","2026-tour-class-a-armor-lv2.png","Items","Item/equipment filename/design"
"9755","9755.png","2026-tour-class-a-armor-Lv3.png","Items","Item/equipment filename/design"
"9756","9756.png","2026-tour-class-a-helmet-lv1.png","Items","Item/equipment filename/design"
"9757","9757.png","2026-tour-class-a-helmet-lv2.png","Items","Item/equipment filename/design"
"9758","9758.png","2026-tour-class-a-helmet-lv3.png","Items","Item/equipment filename/design"
"9762","9762.png","2026-tour-class-amethyst-armor-lv3.png","Items","Item/equipment filename/design"
"9763","9763.png","2026-tour-class-amethyst-helmet-lv3.png","Items","Item/equipment filename/design"
"9765","9765.png","2026-tour-class-b-armor-lv1.png","Items","Item/equipment filename/design"
"9766","9766.png","2026-tour-class-b-armor-lv2.png","Items","Item/equipment filename/design"
"9768","9768.png","2026-tour-class-b-armor-lv3.png","Items","Item/equipment filename/design"
"9770","9770.png","2026-tour-class-b-helmet-lv1.png","Items","Item/equipment filename/design"
"9771","9771.png","2026-tour-class-b-helmet-lv2.png","Items","Item/equipment filename/design"
"9772","9772.png","2026-tour-class-b-helmet-lv3.png","Items","Item/equipment filename/design"
"9789","9789.png","2026-tour-class-c-armor-lv1.png","Items","Item/equipment filename/design"
"9790","9790.png","2026-tour-class-c-armor-lv2.png","Items","Item/equipment filename/design"
"9791","9791.png","2026-tour-class-c-helmet-lv1.png","Items","Item/equipment filename/design"
"9792","9792.png","2026-tour-class-c-helmet-lv2.png","Items","Item/equipment filename/design"
"9795","9795.png","2026-tour-class-d-armor-lv1.png","Items","Item/equipment filename/design"
"9796","9796.png","2026-tour-class-d-helmet-lv1.png","Items","Item/equipment filename/design"
"9801","9801.png","2026-tour-class-s-armor-lv1.png","Items","Item/equipment filename/design"
"9802","9802.png","2026-tour-class-s-armor-lv2.png","Items","Item/equipment filename/design"
"9803","9803.png","2026-tour-class-s-armor-lv3.png","Items","Item/equipment filename/design"
"9804","9804.png","2026-tour-class-s-helmet-lv1.png","Items","Item/equipment filename/design"
"9805","9805.png","2026-tour-class-s-helmet-lv2.png","Items","Item/equipment filename/design"
"9806","9806.png","2026-tour-class-s-helmet-lv3.png","Items","Item/equipment filename/design"
"9638","9638.png","2026-tour-helmet-profilesheet.png","Items","Item/equipment profile filename/design"
"9625","9625.png","2026-tour-weapon-profilesheet.png","Items","Item/equipment profile filename/design"
"3391","3391.png","AdvanceScrewdriverProfile.png","Items","Item/equipment profile filename (weapon/tool noun)"
"6213","6213.png","Aimbot_Lv3.png","Items","Item/equipment filename/design"
"6214","6214.png","Aimbot_Lv4.png","Items","Item/equipment filename/design"
"6215","6215.png","AimbotProfile.png","Items","Item/equipment profile filename/design"
"869","869.png","AlienArmor.png","Items","Item/equipment filename/design"
"4072","4072.png","AlienMiniCannonProfile.png","Items","Item/equipment profile filename (weapon/tool noun)"
"10439","10439.png","AnnulusArmor.png","Items","Item/equipment filename/design"
"9598","9598.png","AnomaLeggings.png","Items","Item/equipment filename/design"
"1006","1006.png","Anti-Weapon-destoried.png","Items","Item/equipment filename/design"
"10488","10488.png","ArmorBreakEffect.png","Items","Item/equipment filename/design"
"10481","10481.png","ArmorBreakMissileHit.png","Items","Item/equipment filename/design"
"1285","1285.png","ArmorSunGlasses.png","Items","Item/equipment filename/design"
"9580","9580.png","AssassinsBootsProfile.png","Items","Item/equipment profile filename/design"
"10116","10116.png","AuxiliaryBooster_GunneryOverdrive.png","Items","Item/equipment filename/design"
"10118","10118.png","AuxiliaryBooster_GunneryOverdrive_destroyed.png","Items","Item/equipment filename/design"
"7142","7142.png","BallLauncherTurretProfile.png","Items","Item/equipment profile filename (weapon/tool noun)"
"9574","9574.png","BankPromoGunshow.png","Items","Item/equipment filename/design"
"5861","5861.png","Bat_Sprinkler.png","Items","Item/equipment filename/design"
"1305","1305.png","BattleAmorHelmetBronze.png","Items","Item/equipment filename/design"
"1432","1432.png","BattleAmorHelmetFootballHelmet.png","Items","Item/equipment filename/design"
"1433","1433.png","BattleAmorHelmetFootballSuit.png","Items","Item/equipment filename/design"
"1383","1383.png","BattleAmorHelmetGold.png","Items","Item/equipment filename/design"
"1384","1384.png","BattleAmorHelmetPlatinum.png","Items","Item/equipment filename/design"
"1382","1382.png","BattleAmorHelmetSilver.png","Items","Item/equipment filename/design"
"1431","1431.png","BattleAmorHelmetThug.png","Items","Item/equipment filename/design"
"1286","1286.png","BattleArmor_Type2_Red_Chest.png","Items","Item/equipment filename/design"
"1487","1487.png","BattleArmor_Type2_Silver_Chest.png","Items","Item/equipment filename/design"
"6286","6286.png","BeachBallAccessory.png","Items","Item/equipment filename/design"
"8259","8259.png","BearTrapMine.png","Items","Item/equipment filename/design"
"9948","9948.png","Beholder.png","Items","Item/equipment filename/design"
"9950","9950.png","BeholderProfile.png","Items","Item/equipment profile filename/design"
"8266","8266.png","BerserkerFurs.png","Items","Item/equipment filename/design"
"8260","8260.png","BerserkerFursProfile.png","Items","Item/equipment profile filename/design"
"8131","8131.png","BlackBelt.png","Items","Item/equipment filename/design"
"8120","8120.png","BlackBeltProfile.png","Items","Item/equipment profile filename/design"
"7363","7363.png","BlacklightVest.png","Items","Item/equipment filename/design"
"7174","7174.png","BlackoutHelmet.png","Items","Item/equipment filename/design"
"7175","7175.png","BlackoutHelmetProfile.png","Items","Item/equipment profile filename/design"
"9949","9949.png","Blinky.png","Items","Item/equipment filename/design"
"3622","3622.png","BlockHat.png","Items","Item/equipment filename/design"
"3234","3234.png","Blue_Helmet_Profile.png","Items","Item/equipment profile filename/design"
"3206","3206.png","BlueBoyHelmet.png","Items","Item/equipment filename/design"
"6812","6812.png","BlueMoonAccessory.png","Items","Item/equipment filename/design"
"6618","6618.png","BluescreenAccessory.png","Items","Item/equipment filename/design"
"6634","6634.png","BluescreenAccessory_Lv2.png","Items","Item/equipment filename/design"
"7296","7296.png","BoardShorts.png","Items","Item/equipment filename/design"
"10616","10616.png","BossTie.png","Items","Item/equipment filename/design"
"10622","10622.png","BossTieProfile.png","Items","Item/equipment profile filename/design"
"7295","7295.png","BoxerShorts.png","Items","Item/equipment filename/design"
"7289","7289.png","BoxerShortsProfile.png","Items","Item/equipment profile filename/design"
"3411","3411.png","BoxHelmetLv2Profile.png","Items","Item/equipment profile filename/design"
"1306","1306.png","BoxHelmetMale.png","Items","Item/equipment filename/design"
"3400","3400.png","BoxHelmetMale_Lv2.png","Items","Item/equipment filename/design"
"3410","3410.png","BoxHelmetProfile.png","Items","Item/equipment profile filename/design"
"7110","7110.png","box-module-profile.png","Items","Item/equipment profile filename/design"
"10451","10451.png","BP34 Headequipment_profile.png","Items","Item/equipment profile filename/design"
"10454","10454.png","BP34 Headequipment_sprites_lv1_Fungal Cap.png","Items","Item/equipment filename/design"
"10455","10455.png","BP34 Headequipment_sprites_lv2_Pileus Cap.png","Items","Item/equipment filename/design"
"10449","10449.png","BP34 Legequipment_profile.png","Items","Item/equipment profile filename/design"
"10456","10456.png","BP34 Legequipment_sprites_lv1_Sprouters.png","Items","Item/equipment filename/design"
"10457","10457.png","BP34 Legequipment_sprites_lv2_Stalker.png","Items","Item/equipment filename/design"
"6651","6651.png","bp4-accessary-crate-epic-profile.png","Items","Item/equipment profile filename/design"
"6656","6656.png","bp4-accessary-crate-heroic-profile.png","Items","Item/equipment profile filename/design"
"6649","6649.png","bp4-chest-crate-epic-profile.png","Items","Item/equipment profile filename/design"
"6654","6654.png","bp4-chest-crate-heroic-profile.png","Items","Item/equipment profile filename/design"
"6648","6648.png","bp4-hat-crate-epic-profile.png","Items","Item/equipment profile filename/design"
"6653","6653.png","bp4-hat-crate-heroic-profile.png","Items","Item/equipment profile filename/design"
"6650","6650.png","bp4-leg-crate-epic-profile.png","Items","Item/equipment profile filename/design"
"6655","6655.png","bp4-leg-crate-heroic-profile.png","Items","Item/equipment profile filename/design"
"6652","6652.png","bp4-weapon-crate-epic-profile.png","Items","Item/equipment profile filename/design"
"6657","6657.png","bp4-weapon-crate-heroic-profile.png","Items","Item/equipment profile filename/design"
"8590","8590.png","Bpass-S25-Module-EggBarrier.png","Items","Item/equipment filename/design"
"6605","6605.png","bugzapperProfile.png","Items","Item/equipment profile filename/design"
"9526","9526.png","BurningQuestion.png","Items","Item/equipment filename/design"
"9529","9529.png","BurningQuestionProfile.png","Items","Item/equipment profile filename/design"
"6694","6694.png","ChanclaAccessory.png","Items","Item/equipment filename/design"
"129","129.png","CharacterWeapons.png","Items","Item/equipment filename/design"
"1496","1496.png","ChristmasArmorHat.png","Items","Item/equipment filename/design"
"1497","1497.png","ChristmasArmorJacket.png","Items","Item/equipment filename/design"
"1498","1498.png","ChristmasArmorPants.png","Items","Item/equipment filename/design"
"8467","8467.png","CobraHood.png","Items","Item/equipment filename/design"
"8007","8007.png","CocoonVest.png","Items","Item/equipment filename/design"
"10426","10426.png","Coilgun_ext.png","Items","Item/equipment filename/design"
"1764","1764.png","Combat_Armor_Epic_Profile.png","Items","Item/equipment profile filename/design"
"1765","1765.png","Combat_Armor_Improved_Profile.png","Items","Item/equipment profile filename/design"
"1763","1763.png","Combat_Armor_Profile.png","Items","Item/equipment profile filename/design"
"1761","1761.png","Combat_Helmet_Epic_Profile__1761.png","Items","Item/equipment profile filename/design"
"3631","3631.png","Combat_Helmet_Epic_Profile__3631.png","Items","Item/equipment profile filename/design"
"1759","1759.png","Combat_Helmet_Profile.png","Items","Item/equipment profile filename/design"
"6826","6826.png","ConfettiSprinkler.png","Items","Item/equipment filename/design"
"7275","7275.png","co-pilot_armor.png","Items","Item/equipment filename/design"
"7274","7274.png","co-pilot_helmet.png","Items","Item/equipment filename/design"
"7294","7294.png","CorkHat.png","Items","Item/equipment filename/design"
"6133","6133.png","CottontailArmor.png","Items","Item/equipment filename/design"
"7293","7293.png","CowboyHat.png","Items","Item/equipment filename/design"
"7288","7288.png","CowboyHatProfile.png","Items","Item/equipment profile filename/design"
"4661","4661.png","Crate-scene.png","Items","Item/equipment filename/design"
"9947","9947.png","CultHood.png","Items","Item/equipment filename/design"
"4990","4990.png","DaftKittusHelmet_Lv2.png","Items","Item/equipment filename/design"
"1391","1391.png","DailyItem.png","Items","Item/equipment filename/design"
"1858","1858.png","DarhPunkHelmet.png","Items","Item/equipment filename/design"
"1859","1859.png","DarhPunkHelmetVadar.png","Items","Item/equipment filename/design"
"9314","9314.png","DarkheartTorso.png","Items","Item/equipment filename/design"
"9317","9317.png","DarkheartTorsoProfile.png","Items","Item/equipment profile filename/design"
"3880","3880.png","DarkHelmet.png","Items","Item/equipment filename/design"
"6211","6211.png","DarkMatterDrone.png","Items","Item/equipment filename/design"
"6212","6212.png","DarkMatterDroneProfile.png","Items","Item/equipment profile filename/design"
"3831","3831.png","DarkSentinel.png","Items","Item/equipment filename/design"
"3626","3626.png","DarthCatHelmet.png","Items","Item/equipment filename/design"
"3630","3630.png","DarthCatHelmetProfile.png","Items","Item/equipment profile filename/design"
"3628","3628.png","DarthCatPants.png","Items","Item/equipment filename/design"
"7115","7115.png","darth-kitten-armor-profile.png","Items","Item/equipment profile filename/design"
"7116","7116.png","darth-kitten-pants-profile.png","Items","Item/equipment profile filename/design"
"6113","6113.png","DefenceWeaponPlatform.png","Items","Item/equipment filename/design"
"6287","6287.png","DensityWavesuit.png","Items","Item/equipment filename/design"
"6307","6307.png","DensityWavesuitProfile.png","Items","Item/equipment profile filename/design"
"7094","7094.png","DeuteriumAccessory.png","Items","Item/equipment filename/design"
"7118","7118.png","DiamondiumArmor.png","Items","Item/equipment filename/design"
"9480","9480.png","Diana.png","Items","Item/equipment filename/design"
"9481","9481.png","DianaProfile.png","Items","Item/equipment profile filename/design"
"6675","6675.png","DivingHelmet.png","Items","Item/equipment filename/design"
"6678","6678.png","DivingHelmet_Lv2.png","Items","Item/equipment filename/design"
"6681","6681.png","DivingHelmetProfile.png","Items","Item/equipment profile filename/design"
"6676","6676.png","DivingSuit.png","Items","Item/equipment filename/design"
"6679","6679.png","DivingSuit_Lv2.png","Items","Item/equipment filename/design"
"6682","6682.png","DivingSuitProfile.png","Items","Item/equipment profile filename/design"
"7096","7096.png","DNAChainmail.png","Items","Item/equipment filename/design"
"7092","7092.png","DNAChainmailProfile.png","Items","Item/equipment profile filename/design"
"7315","7315.png","DoubleDome.png","Items","Item/equipment filename/design"
"6314","6314.png","DoubleXPProfile.png","Items","Item/equipment profile filename/design"
"6814","6814.png","dove-reward-sword-profile.png","Items","Item/equipment profile filename/design"
"1896","1896.png","dragon_sumrai_helmet_Gold.png","Items","Item/equipment filename/design"
"1898","1898.png","dragon_sumrai_helmet_gold_profile.png","Items","Item/equipment profile filename/design"
"1895","1895.png","dragon_sumrai_helmet_red.png","Items","Item/equipment filename/design"
"1897","1897.png","dragon_sumrai_helmet_red_profile.png","Items","Item/equipment profile filename/design"
"1567","1567.png","DragonBlackHelmet.png","Items","Item/equipment filename/design"
"3412","3412.png","DragonBlackHelmetProfile.png","Items","Item/equipment profile filename/design"
"3310","3310.png","DragonCrewHelmetProfile.png","Items","Item/equipment profile filename/design"
"8129","8129.png","DragonHeadband.png","Items","Item/equipment filename/design"
"8121","8121.png","DragonHeadbandProfile.png","Items","Item/equipment profile filename/design"
"7585","7585.png","DragonSkull.png","Items","Item/equipment filename/design"
"7587","7587.png","DragonSkullProfile.png","Items","Item/equipment profile filename/design"
"7588","7588.png","DragonTalons.png","Items","Item/equipment filename/design"
"7591","7591.png","DrakeHatchling.png","Items","Item/equipment filename/design"
"7592","7592.png","DrakeWyrmling.png","Items","Item/equipment filename/design"
"7593","7593.png","DrakeWyrmlingProfile.png","Items","Item/equipment profile filename/design"
"360","360.png","drawing-ads_mineral-draws.png","Items","Item/equipment filename/design"
"1678","1678.png","drawing-ads_mineral-draws_ZH.png","Items","Item/equipment filename/design"
"3867","3867.png","drawing-ads_mineral-draws2_ZH.png","Items","Item/equipment filename/design"
"5860","5860.png","Eerie_orb.png","Items","Item/equipment filename/design"
"4192","4192.png","eng_HeavyAmorHelmet.png","Items","Item/equipment filename/design"
"4202","4202.png","eng_HeavyAmorHelmet_Lv2.png","Items","Item/equipment filename/design"
"4205","4205.png","eng_HeavyAmorHelmet_Lv3.png","Items","Item/equipment filename/design"
"5902","5902.png","eng_HeavyAmorHelmet_Lv4.png","Items","Item/equipment filename/design"
"5900","5900.png","eng_HeavyAmorPants_Lv4.png","Items","Item/equipment filename/design"
"8568","8568.png","EveningHeadPants.png","Items","Item/equipment filename/design"
"9776","9776.png","evil_general_icon.png","Items","Item/equipment filename/design"
"1171","1171.png","EvilGeneral.png","Items","Item/equipment filename/design"
"6616","6616.png","EvilRobotHelmet.png","Items","Item/equipment filename/design"
"6635","6635.png","EvilRobotHelmet_Lv2.png","Items","Item/equipment filename/design"
"6617","6617.png","EvilRobotHelmetProfile.png","Items","Item/equipment profile filename/design"
"8573","8573.png","F Bomb Profile.png","Items","Item/equipment profile filename/design"
"9525","9525.png","FashionStatement.png","Items","Item/equipment filename/design"
"9777","9777.png","fatcat_icon.png","Items","Item/equipment filename/design"
"871","871.png","FedArmor.png","Items","Item/equipment filename/design"
"4537","4537.png","FedArmor_Lv1.png","Items","Item/equipment filename/design"
"4539","4539.png","FedArmor_Lv2.png","Items","Item/equipment filename/design"
"4541","4541.png","FedArmor_Lv3.png","Items","Item/equipment filename/design"
"4543","4543.png","FedArmor_Lv4.png","Items","Item/equipment filename/design"
"4084","4084.png","FedBird_Accessory_Lv1.png","Items","Item/equipment filename/design"
"4085","4085.png","FedBird_Accessory_Lv2.png","Items","Item/equipment filename/design"
"4086","4086.png","FedBird_Accessory_Lv3.png","Items","Item/equipment filename/design"
"4087","4087.png","FedBird_Accessory_Lv4.png","Items","Item/equipment filename/design"
"4088","4088.png","FedBird_Accessory_Lv5.png","Items","Item/equipment filename/design"
"6404","6404.png","FedCapAccessory.png","Items","Item/equipment filename/design"
"6398","6398.png","FedCapArmor.png","Items","Item/equipment filename/design"
"6401","6401.png","FedCapArmorProfile.png","Items","Item/equipment profile filename/design"
"4538","4538.png","FedPants_Lv1.png","Items","Item/equipment filename/design"
"4540","4540.png","FedPants_Lv2.png","Items","Item/equipment filename/design"
"4542","4542.png","FedPants_Lv3.png","Items","Item/equipment filename/design"
"4544","4544.png","FedPants_Lv4.png","Items","Item/equipment filename/design"
"3893","3893.png","FedWhiteMaleCap_Profile__3893.png","Items","Item/equipment profile filename/design"
"3894","3894.png","FedWhiteMaleCap_Profile__3894.png","Items","Item/equipment profile filename/design"
"4448","4448.png","FedWhiteMaleCrewProfile.png","Items","Item/equipment profile filename/design"
"6920","6920.png","FestivalSarong.png","Items","Item/equipment filename/design"
"6918","6918.png","FestivalSarongProfile.png","Items","Item/equipment profile filename/design"
"3349","3349.png","FiremanHelmet.png","Items","Item/equipment filename/design"
"3383","3383.png","FiremanHelmet_Lv2.png","Items","Item/equipment filename/design"
"3496","3496.png","FiremanHelmet_Lv3.png","Items","Item/equipment filename/design"
"3506","3506.png","FiremanHelmetLv2Profile.png","Items","Item/equipment profile filename/design"
"3507","3507.png","FiremanHelmetLv3Profile.png","Items","Item/equipment profile filename/design"
"3365","3365.png","FiremanHelmetProfile.png","Items","Item/equipment profile filename/design"
"3351","3351.png","FiremanPants.png","Items","Item/equipment filename/design"
"6251","6251.png","FireworkModule2.png","Items","Item/equipment filename/design"
"4083","4083.png","FishbowlHelmet.png","Items","Item/equipment filename/design"
"7586","7586.png","FlamingSkull.png","Items","Item/equipment filename/design"
"3215","3215.png","FlashyHelmet.png","Items","Item/equipment filename/design"
"3231","3231.png","FlashyHelmetProfile.png","Items","Item/equipment profile filename/design"
"7278","7278.png","FloatDroneAccessory.png","Items","Item/equipment filename/design"
"7277","7277.png","FloatDroneAccessory_DoveReward.png","Items","Item/equipment filename/design"
"4464","4464.png","FlyingHusky.png","Items","Item/equipment filename/design"
"4549","4549.png","FlyingHuskyProfile.png","Items","Item/equipment profile filename/design"
"4932","4932.png","FlyingOrangeBun.png","Items","Item/equipment filename/design"
"4944","4944.png","FlyingOrangeBunProfile.png","Items","Item/equipment profile filename/design"
"7313","7313.png","FoamDome__7313.png","Items","Item/equipment filename/design"
"7314","7314.png","FoamDome__7314.png","Items","Item/equipment filename/design"
"6869","6869.png","FoamHandProfile.png","Items","Item/equipment profile filename/design"
"6922","6922.png","FrozenCirclet.png","Items","Item/equipment filename/design"
"6923","6923.png","FrozenTiara.png","Items","Item/equipment filename/design"
"6921","6921.png","FrozenTiaraProfile.png","Items","Item/equipment profile filename/design"
"6373","6373.png","FullMoonAccessory.png","Items","Item/equipment filename/design"
"5609","5609.png","Galaxy_reward_Blaster_weapon_platform.png","Items","Item/equipment filename/design"
"5605","5605.png","Galaxy_reward_uniform_armor.png","Items","Item/equipment filename/design"
"6368","6368.png","GasCrateProfile.png","Items","Item/equipment profile filename/design"
"5658","5658.png","GasGun_normal_Lv8.png","Items","Item/equipment filename/design"
"6811","6811.png","GibbousMoonAccessory.png","Items","Item/equipment filename/design"
"7335","7335.png","GildedHornProfile.png","Items","Item/equipment profile filename/design"
"6831","6831.png","GladiatorChain.png","Items","Item/equipment filename/design"
"6833","6833.png","GladiatorChainProfile.png","Items","Item/equipment profile filename/design"
"1797","1797.png","GoldenPistolProfile.png","Items","Item/equipment profile filename/design"
"7589","7589.png","GoldenTalons.png","Items","Item/equipment filename/design"
"7181","7181.png","GoldieProfile.png","Items","Item/equipment profile filename/design"
"6216","6216.png","GravityGunProfile.png","Items","Item/equipment profile filename/design"
"6739","6739.png","GrayRadarGunProfile.png","Items","Item/equipment profile filename/design"
"1322","1322.png","GundamProfile.png","Items","Item/equipment profile filename/design"
"6674","6674.png","HammerVisiriProfile.png","Items","Item/equipment profile filename (weapon/tool noun)"
"7124","7124.png","Headband.png","Items","Item/equipment filename/design"
"3632","3632.png","HeadcrapHelmetProfile.png","Items","Item/equipment profile filename/design"
"8567","8567.png","HeadPants.png","Items","Item/equipment filename/design"
"8569","8569.png","HeadPantsProfile.png","Items","Item/equipment profile filename/design"
"6718","6718.png","HeatSinkArmor.png","Items","Item/equipment filename/design"
"8265","8265.png","HeavyFurs.png","Items","Item/equipment filename/design"
"7362","7362.png","HiVisVest.png","Items","Item/equipment filename/design"
"6926","6926.png","HoarfrostWings.png","Items","Item/equipment filename/design"
"6924","6924.png","HoarfrostWingsProfile.png","Items","Item/equipment profile filename/design"
"6234","6234.png","HockeyPants.png","Items","Item/equipment filename/design"
"9306","9306.png","HockeyPants_Lv2.png","Items","Item/equipment filename/design"
"6919","6919.png","HolidaySkirt.png","Items","Item/equipment filename/design"
"6233","6233.png","HonorFlagAccessory.png","Items","Item/equipment filename/design"
"6412","6412.png","Horrific Orb.png","Items","Item/equipment filename/design"
"7649","7649.png","HotCrossGunProfile.png","Items","Item/equipment profile filename/design"
"8263","8263.png","HuntingHawk.png","Items","Item/equipment filename/design"
"7093","7093.png","HydrogenAccessory.png","Items","Item/equipment filename/design"
"7091","7091.png","HydrogenProfile.png","Items","Item/equipment profile filename/design"
"7407","7407.png","IceSkates.png","Items","Item/equipment filename/design"
"7409","7409.png","IceSkatesProfile.png","Items","Item/equipment profile filename/design"
"7411","7411.png","IglooBrickArmor.png","Items","Item/equipment filename/design"
"7413","7413.png","IglooBrickArmorCard.png","Items","Item/equipment filename/design"
"6325","6325.png","InfectedArmor.png","Items","Item/equipment filename/design"
"6326","6326.png","InfectedArmorProfile.png","Items","Item/equipment profile filename/design"
"6327","6327.png","InfectedDrone.png","Items","Item/equipment filename/design"
"6328","6328.png","InfectedDroneProfile.png","Items","Item/equipment profile filename/design"
"6324","6324.png","InfectedWeaponProfile.png","Items","Item/equipment profile filename/design"
"5898","5898.png","Irradiator_Gun_lv7.png","Items","Item/equipment filename/design"
"5899","5899.png","Irradiator_Gun_lv8.png","Items","Item/equipment filename/design"
"1594","1594.png","Item_Box.png","Items","Item/equipment filename/design"
"1601","1601.png","Item_Box_opened.png","Items","Item/equipment filename/design"
"1967","1967.png","item_icon_android.png","Items","Item/equipment filename/design"
"3348","3348.png","Item_Qdroid.png","Items","Item/equipment filename/design"
"7221","7221.png","Item_Qdroid_lv2.png","Items","Item/equipment filename/design"
"7222","7222.png","Item_Qdroid_lv3.png","Items","Item/equipment filename/design"
"3725","3725.png","ItemHightlight.png","Items","Item/equipment filename/design"
"6646","6646.png","Jellyfish-mine.png","Items","Item/equipment filename/design"
"6647","6647.png","Jellyfish-mine-profile.png","Items","Item/equipment profile filename/design"
"5987","5987.png","JetpackArmor.png","Items","Item/equipment filename/design"
"6430","6430.png","Jive.png","Items","Item/equipment filename/design"
"5042","5042.png","JulyPrizeHelmet.png","Items","Item/equipment filename/design"
"8468","8468.png","KingCobraHood.png","Items","Item/equipment filename/design"
"8465","8465.png","KingCobraHoodProfile.png","Items","Item/equipment profile filename/design"
"3368","3368.png","Knight_Armor_Profile.png","Items","Item/equipment profile filename/design"
"3232","3232.png","Knight_Helmet_Profile.png","Items","Item/equipment profile filename/design"
"3209","3209.png","KnightHelmet.png","Items","Item/equipment filename/design"
"10438","10438.png","LamellaeHusk.png","Items","Item/equipment filename/design"
"10437","10437.png","LamellaeHuskProfile.png","Items","Item/equipment profile filename/design"
"5989","5989.png","LanternAccessory.png","Items","Item/equipment filename/design"
"1798","1798.png","LaserPistolProfile.png","Items","Item/equipment profile filename/design"
"1801","1801.png","LaserRifleProfile.png","Items","Item/equipment profile filename/design"
"7297","7297.png","LawnSprinkler.png","Items","Item/equipment filename/design"
"7290","7290.png","LawnSprinklerProfile.png","Items","Item/equipment profile filename/design"
"7176","7176.png","LeadApron.png","Items","Item/equipment filename/design"
"6232","6232.png","LibertyFlagAccessory.png","Items","Item/equipment filename/design"
"6832","6832.png","LiontamerWhipProfile.png","Items","Item/equipment profile filename/design"
"10623","10623.png","LipstickProfile.png","Items","Item/equipment profile filename/design"
"5988","5988.png","LuckyRedUnderwear.png","Items","Item/equipment filename/design"
"1451","1451.png","MachineGunDestoried.png","Items","Item/equipment filename/design"
"820","820.png","MachineGunDestroied.png","Items","Item/equipment filename/design"
"3838","3838.png","MaglockBoots.png","Items","Item/equipment filename/design"
"5052","5052.png","Magpie_Accessory.png","Items","Item/equipment filename/design"
"5053","5053.png","Magpie_Accessory02.png","Items","Item/equipment filename/design"
"10618","10618.png","MailBag.png","Items","Item/equipment filename/design"
"10621","10621.png","MailBagProfile.png","Items","Item/equipment profile filename/design"
"8128","8128.png","MartialHeadband.png","Items","Item/equipment filename/design"
"3941","3941.png","MaskyAssassinHelmet.png","Items","Item/equipment filename/design"
"6637","6637.png","MaxMineralProfile.png","Items","Item/equipment profile filename/design"
"6636","6636.png","MegaMaterialCrateProfile.png","Items","Item/equipment profile filename/design"
"3392","3392.png","MegaScrewdriverProfile.png","Items","Item/equipment profile filename (weapon/tool noun)"
"9951","9951.png","MerlinStaffProfile.png","Items","Item/equipment profile filename/design"
"6367","6367.png","MineralCrateProfile.png","Items","Item/equipment profile filename/design"
"6764","6764.png","MineralLaser_Tour.png","Items","Item/equipment filename/design"
"5656","5656.png","MineralMiningLaser_Soda_lv16.png","Items","Item/equipment filename/design"
"4763","4763.png","MINIGUN_2x2_Lv1.png","Items","Item/equipment filename/design"
"4764","4764.png","MINIGUN_2x2_Lv2.png","Items","Item/equipment filename/design"
"4765","4765.png","MINIGUN_2x2_Lv3.png","Items","Item/equipment filename/design"
"4766","4766.png","MINIGUN_2x2_Lv4.png","Items","Item/equipment filename/design"
"4767","4767.png","MINIGUN_2x2_Lv5.png","Items","Item/equipment filename/design"
"4768","4768.png","MINIGUN_2x2_Lv6.png","Items","Item/equipment filename/design"
"4769","4769.png","MINIGUN_2x2_Lv7.png","Items","Item/equipment filename/design"
"4800","4800.png","MiniGunExterior2x2.png","Items","Item/equipment filename/design"
"7177","7177.png","MirrorApron.png","Items","Item/equipment filename/design"
"7178","7178.png","MirrorApronProfile.png","Items","Item/equipment profile filename/design"
"8753","8753.png","MissileECMDrone.png","Items","Item/equipment filename/design"
"8752","8752.png","MissileTurretDrone.png","Items","Item/equipment filename/design"
"6136","6136.png","moccasins_pants.png","Items","Item/equipment filename/design"
"8053","8053.png","Module_RecallBeacon.png","Items","Item/equipment filename/design"
"5103","5103.png","MoltenHelmet.png","Items","Item/equipment filename/design"
"6828","6828.png","MotleyCap.png","Items","Item/equipment filename/design"
"7122","7122.png","NeonNightBallAccessory.png","Items","Item/equipment filename/design"
"1631","1631.png","NewHelmet_1.png","Items","Item/equipment filename/design"
"1632","1632.png","NewHelmet_2.png","Items","Item/equipment filename/design"
"1633","1633.png","NewHelmet_3.png","Items","Item/equipment filename/design"
"1634","1634.png","NewHelmet_4.png","Items","Item/equipment filename/design"
"1635","1635.png","NewHelmet_5.png","Items","Item/equipment filename/design"
"1636","1636.png","NewHelmet_6.png","Items","Item/equipment filename/design"
"6810","6810.png","NewMoonAccessory.png","Items","Item/equipment filename/design"
"4675","4675.png","NoPantsPantfemale.png","Items","Item/equipment filename/design"
"4676","4676.png","NoPantsPantMale.png","Items","Item/equipment filename/design"
"4678","4678.png","No-pants-profile.png","Items","Item/equipment profile filename/design"
"8123","8123.png","NunchakuProfile.png","Items","Item/equipment profile filename/design"
"6441","6441.png","OozeArmor.png","Items","Item/equipment filename/design"
"6466","6466.png","OozeArmorLv2.png","Items","Item/equipment filename/design"
"6438","6438.png","OozeArmorProfile.png","Items","Item/equipment profile filename/design"
"6440","6440.png","OozeHelmet.png","Items","Item/equipment filename/design"
"6465","6465.png","OozeHelmetLv2.png","Items","Item/equipment filename/design"
"6437","6437.png","OozeHelmetProfile.png","Items","Item/equipment profile filename/design"
"6442","6442.png","OozePants.png","Items","Item/equipment filename/design"
"6467","6467.png","OozePantsLv2.png","Items","Item/equipment filename/design"
"6439","6439.png","OozePantsProfile.png","Items","Item/equipment profile filename/design"
"9892","9892.png","OpticalCamouflageArmor.png","Items","Item/equipment filename/design"
"9893","9893.png","OpticalCamouflagePants.png","Items","Item/equipment filename/design"
"5063","5063.png","Pants470_Lv1.png","Items","Item/equipment filename/design"
"5064","5064.png","Pants470_Lv3.png","Items","Item/equipment filename/design"
"5065","5065.png","Pants470_Lv4.png","Items","Item/equipment filename/design"
"9599","9599.png","ParaSocks.png","Items","Item/equipment filename/design"
"9602","9602.png","ParaSocksProfile.png","Items","Item/equipment profile filename/design"
"3407","3407.png","ParthDunk_HelmetLv2.png","Items","Item/equipment filename/design"
"3408","3408.png","ParthDunkHelmetLv1Profile.png","Items","Item/equipment profile filename/design"
"3409","3409.png","ParthDunkHelmetLv2Profile.png","Items","Item/equipment profile filename/design"
"6790","6790.png","PawGloveProfile.png","Items","Item/equipment profile filename/design"
"9596","9596.png","PeriodJacket.png","Items","Item/equipment filename/design"
"5878","5878.png","PilgrimsPants_Lv1.png","Items","Item/equipment filename/design"
"5879","5879.png","PilgrimsPants_Lv2.png","Items","Item/equipment filename/design"
"5880","5880.png","PilgrimsPants_Lv3.png","Items","Item/equipment filename/design"
"4211","4211.png","pilot_NavySetHelmet_Lv1.png","Items","Item/equipment filename/design"
"4214","4214.png","pilot_NavySetHelmet_Lv2.png","Items","Item/equipment filename/design"
"4217","4217.png","pilot_NavySetHelmet_Lv3.png","Items","Item/equipment filename/design"
"7223","7223.png","pilot_NavySetHelmet_Lv4.png","Items","Item/equipment filename/design"
"4216","4216.png","pilot_NavySetPants_Lv2.png","Items","Item/equipment filename/design"
"5680","5680.png","PinkElephantAccessory.png","Items","Item/equipment filename/design"
"872","872.png","PirateArmor.png","Items","Item/equipment filename/design"
"6406","6406.png","PirateCapAccessory.png","Items","Item/equipment filename/design"
"6400","6400.png","PirateCapArmor.png","Items","Item/equipment filename/design"
"6403","6403.png","PirateCapArmorProfile.png","Items","Item/equipment profile filename/design"
"6710","6710.png","PirateHatchetProfile.png","Items","Item/equipment profile filename/design"
"4097","4097.png","PirateHelmet_lv1.png","Items","Item/equipment filename/design"
"4098","4098.png","PirateHelmet_lv2.png","Items","Item/equipment filename/design"
"4099","4099.png","PirateHelmet_lv3.png","Items","Item/equipment filename/design"
"4100","4100.png","PirateHelmet_lv4.png","Items","Item/equipment filename/design"
"4101","4101.png","PirateHelmet_lv5.png","Items","Item/equipment filename/design"
"6738","6738.png","PirateMacheteProfile.png","Items","Item/equipment profile filename/design"
"3800","3800.png","PirateWhiteMaleCap_Profile.png","Items","Item/equipment profile filename/design"
"3899","3899.png","PirateWhiteMaleCap_Profile2.png","Items","Item/equipment profile filename/design"
"4062","4062.png","PirateWhiteMaleCrewProfile.png","Items","Item/equipment profile filename/design"
"5635","5635.png","PlagueDocArmor_Lv1.png","Items","Item/equipment filename/design"
"5638","5638.png","PlagueDocArmor_Lv2.png","Items","Item/equipment filename/design"
"5634","5634.png","PlagueDocHelmet_Lv1.png","Items","Item/equipment filename/design"
"5637","5637.png","PlagueDocHelmet_Lv2.png","Items","Item/equipment filename/design"
"5636","5636.png","PlagueDocPants_Lv1.png","Items","Item/equipment filename/design"
"5639","5639.png","PlagueDocPants_Lv2.png","Items","Item/equipment filename/design"
"5349","5349.png","PoisonGun_Hit_animation.png","Items","Item/equipment filename/design"
"5348","5348.png","PoisonGunFireAnimation.png","Items","Item/equipment filename/design"
"5339","5339.png","PoisonGunNormalExterior.png","Items","Item/equipment filename/design"
"7292","7292.png","PortableACAccessory.png","Items","Item/equipment filename/design"
"7291","7291.png","PortableFanAccessory.png","Items","Item/equipment filename/design"
"7287","7287.png","PortableFanProfile.png","Items","Item/equipment profile filename/design"
"1766","1766.png","Power_Drill_Lv1_Profile.png","Items","Item/equipment profile filename/design"
"1767","1767.png","Power_Drill_Lv2_Profile.png","Items","Item/equipment profile filename/design"
"1768","1768.png","Power_Drill_Lv3_Profile.png","Items","Item/equipment profile filename/design"
"7334","7334.png","PretzelTurretProfile.png","Items","Item/equipment profile filename (weapon/tool noun)"
"7523","7523.png","profile-helmet-spritesheet-updated.png","Items","Item/equipment profile filename (corrected token order)"
"7095","7095.png","ProteinChainmail.png","Items","Item/equipment filename/design"
"7716","7716.png","PSS-Bpass-S19-Handequip-profile.png","Items","Item/equipment profile filename/design"
"7848","7848.png","PSS-Bpass-S20-accessory-minisprite.png","Items","Item/equipment filename/design"
"7849","7849.png","PSS-Bpass-S20-accessory-profile.png","Items","Item/equipment profile filename/design"
"7850","7850.png","PSS-Bpass-S20-handequip-profile.png","Items","Item/equipment profile filename/design"
"9292","9292.png","PSS-Bpass-S27-accessories-profile.png","Items","Item/equipment profile filename/design"
"9293","9293.png","PSS-Bpass-S27-accessory-lv1.png","Items","Item/equipment filename/design"
"9294","9294.png","PSS-Bpass-S27-accessory-lv2.png","Items","Item/equipment filename/design"
"9295","9295.png","PSS-Bpass-S27-module.png","Items","Item/equipment filename/design"
"9323","9323.png","PSS-Bpass-S28-accessory-profile.png","Items","Item/equipment profile filename/design"
"9324","9324.png","PSS-Bpass-S28-accessory-spritesheet.png","Items","Item/equipment filename/design"
"9540","9540.png","PSS-Bpass-S29-Handequip-CoffeeCup-profile.png","Items","Item/equipment profile filename/design"
"6405","6405.png","QtaCapAccessory.png","Items","Item/equipment filename/design"
"6399","6399.png","QtaCapArmor.png","Items","Item/equipment filename/design"
"6402","6402.png","QtaCapArmorProfile.png","Items","Item/equipment profile filename/design"
"4231","4231.png","QtaHelmet_Lv1.png","Items","Item/equipment filename/design"
"4232","4232.png","QtaHelmet_Lv2.png","Items","Item/equipment filename/design"
"4233","4233.png","QtaHelmet_Lv3.png","Items","Item/equipment filename/design"
"4234","4234.png","QtaHelmet_Lv4.png","Items","Item/equipment filename/design"
"4235","4235.png","QtaHelmet_Lv5.png","Items","Item/equipment filename/design"
"4226","4226.png","QtarianAccessory_Lv1.png","Items","Item/equipment filename/design"
"4227","4227.png","QtarianAccessory_Lv2.png","Items","Item/equipment filename/design"
"4228","4228.png","QtarianAccessory_Lv3.png","Items","Item/equipment filename/design"
"4229","4229.png","QtarianAccessory_Lv4.png","Items","Item/equipment filename/design"
"4230","4230.png","QtarianAccessory_Lv5.png","Items","Item/equipment filename/design"
"3755","3755.png","QtaWhiteMale_Profile.png","Items","Item/equipment profile filename/design"
"3909","3909.png","QtaWhiteMale_Profile2.png","Items","Item/equipment profile filename/design"
"4500","4500.png","QtaWhiteMaleCrewProfile.png","Items","Item/equipment profile filename/design"
"6338","6338.png","Quantum-Container-Profile.png","Items","Item/equipment profile filename/design"
"7408","7408.png","RacingSkates.png","Items","Item/equipment filename/design"
"4989","4989.png","RagdollMask_Lv2.png","Items","Item/equipment filename/design"
"4042","4042.png","RailgGun_destoryed.png","Items","Item/equipment filename/design"
"8469","8469.png","RattleSnakeTurret.png","Items","Item/equipment filename/design"
"8466","8466.png","RattleSnakeTurretProfile.png","Items","Item/equipment profile filename/design"
"7833","7833.png","ReadyDozerbeltProfile.png","Items","Item/equipment profile filename/design"
"8059","8059.png","RecallBeacon_lv2.png","Items","Item/equipment filename/design"
"8060","8060.png","RecallBeacon_lv3.png","Items","Item/equipment filename/design"
"870","870.png","RedAlienArmor.png","Items","Item/equipment filename/design"
"5391","5391.png","RedOfficerUniform_Lv3.png","Items","Item/equipment filename/design"
"4626","4626.png","ReindeerArmor_Lv1.png","Items","Item/equipment filename/design"
"4629","4629.png","ReindeerArmor_Lv2.png","Items","Item/equipment filename/design"
"4625","4625.png","ReindeerHelmet_Lv1.png","Items","Item/equipment filename/design"
"4628","4628.png","ReindeerHelmet_Lv2.png","Items","Item/equipment filename/design"
"4627","4627.png","ReindeerPants_Lv1.png","Items","Item/equipment filename/design"
"4630","4630.png","ReindeerPants_Lv2.png","Items","Item/equipment filename/design"
"5037","5037.png","RepairHelmet309+451.png","Items","Item/equipment filename/design"
"6340","6340.png","ResourceCrateProfile__6340.png","Items","Item/equipment profile filename/design"
"6366","6366.png","ResourceCrateProfile__6366.png","Items","Item/equipment profile filename/design"
"4738","4738.png","RewardAccessoryBronze_Lv1.png","Items","Item/equipment filename/design"
"4743","4743.png","RewardAccessoryBronze_Lv2.png","Items","Item/equipment filename/design"
"4741","4741.png","RewardAccessoryDiamond_Lv1.png","Items","Item/equipment filename/design"
"4740","4740.png","RewardAccessoryGold_Lv1.png","Items","Item/equipment filename/design"
"4745","4745.png","RewardAccessoryGold_Lv2.png","Items","Item/equipment filename/design"
"4750","4750.png","RewardAccessoryGold_Lv3.png","Items","Item/equipment filename/design"
"4737","4737.png","RewardAccessoryIron_Lv1.png","Items","Item/equipment filename/design"
"4739","4739.png","RewardAccessorySilver_Lv1.png","Items","Item/equipment filename/design"
"4744","4744.png","RewardAccessorySilver_Lv2.png","Items","Item/equipment filename/design"
"4749","4749.png","RewardAccessorySilver_Lv3.png","Items","Item/equipment filename/design"
"4808","4808.png","RewardAccessoryUltimate_Lv3.png","Items","Item/equipment filename/design"
"4704","4704.png","RewardArmorBronzeArmor.png","Items","Item/equipment filename/design"
"4722","4722.png","RewardArmorBronzeArmorLv2.png","Items","Item/equipment filename/design"
"4703","4703.png","RewardArmorBronzeHelmet.png","Items","Item/equipment filename/design"
"4721","4721.png","RewardArmorBronzeHelmetLv2.png","Items","Item/equipment filename/design"
"4723","4723.png","RewardArmorBronzeLegLv2.png","Items","Item/equipment filename/design"
"4707","4707.png","RewardArmorDiamondBody_Lv2.png","Items","Item/equipment filename/design"
"4710","4710.png","RewardArmorDiamondBody_Lv3.png","Items","Item/equipment filename/design"
"4706","4706.png","RewardArmorDiamondHelmet_Lv2.png","Items","Item/equipment filename/design"
"4709","4709.png","RewardArmorDiamondHelmet_Lv3.png","Items","Item/equipment filename/design"
"4708","4708.png","RewardArmorDiamondPants_Lv2.png","Items","Item/equipment filename/design"
"4711","4711.png","RewardArmorDiamondPants_Lv3.png","Items","Item/equipment filename/design"
"4687","4687.png","RewardArmorGoldArmor.png","Items","Item/equipment filename/design"
"4719","4719.png","RewardArmorGoldArmorLv2.png","Items","Item/equipment filename/design"
"4729","4729.png","RewardArmorGoldArmorLv3.png","Items","Item/equipment filename/design"
"4686","4686.png","RewardArmorGoldHelmet.png","Items","Item/equipment filename/design"
"4718","4718.png","RewardArmorGoldHelmetLv2.png","Items","Item/equipment filename/design"
"4728","4728.png","RewardArmorGoldHelmetLv3.png","Items","Item/equipment filename/design"
"4720","4720.png","RewardArmorGoldLegLv2.png","Items","Item/equipment filename/design"
"4730","4730.png","RewardArmorGoldLegLv3.png","Items","Item/equipment filename/design"
"4694","4694.png","RewardArmorIronArmor.png","Items","Item/equipment filename/design"
"4693","4693.png","RewardArmorIronHelmet.png","Items","Item/equipment filename/design"
"4696","4696.png","RewardArmorPlatinumHelmet.png","Items","Item/equipment filename/design"
"4698","4698.png","RewardArmorPlatinumPants.png","Items","Item/equipment filename/design"
"4700","4700.png","RewardArmorSilverArmor.png","Items","Item/equipment filename/design"
"4713","4713.png","RewardArmorSilverBody_Lv2.png","Items","Item/equipment filename/design"
"4716","4716.png","RewardArmorSilverBody_Lv3.png","Items","Item/equipment filename/design"
"4699","4699.png","RewardArmorSilverHelmet.png","Items","Item/equipment filename/design"
"4712","4712.png","RewardArmorSilverHelmet_Lv2.png","Items","Item/equipment filename/design"
"4715","4715.png","RewardArmorSilverHelmet_Lv3.png","Items","Item/equipment filename/design"
"4714","4714.png","RewardArmorSilverPants_Lv2.png","Items","Item/equipment filename/design"
"4717","4717.png","RewardArmorSilverPants_Lv3.png","Items","Item/equipment filename/design"
"4797","4797.png","RewardArmorUltimate.png","Items","Item/equipment filename/design"
"4823","4823.png","RewardArmorUltimateHelmetProfile.png","Items","Item/equipment profile filename/design"
"4796","4796.png","RewardHelmetUltimate.png","Items","Item/equipment filename/design"
"4841","4841.png","RewardHelmetUltimateVer2.png","Items","Item/equipment filename/design"
"3049","3049.png","robotItem2Profile.png","Items","Item/equipment profile filename/design"
"3050","3050.png","robotItem3Profile.png","Items","Item/equipment profile filename/design"
"2028","2028.png","robotItemProfile.png","Items","Item/equipment profile filename/design"
"9780","9780.png","royale_tori_icon.png","Items","Item/equipment filename/design"
"9946","9946.png","SacrificialHood.png","Items","Item/equipment filename/design"
"9952","9952.png","SacrificialHoodProfile.png","Items","Item/equipment profile filename/design"
"6235","6235.png","SamHelmet.png","Items","Item/equipment filename/design"
"1805","1805.png","SandBag.png","Items","Item/equipment filename/design"
"1838","1838.png","SandBag_2.png","Items","Item/equipment filename/design"
"1841","1841.png","SandBag_3.png","Items","Item/equipment filename/design"
"1843","1843.png","SandBag_4.png","Items","Item/equipment filename/design"
"4201","4201.png","SCI_Accessory.png","Items","Item/equipment filename/design"
"3390","3390.png","ScrewdriverProfile.png","Items","Item/equipment profile filename/design"
"9889","9889.png","SeburoC40ARifleProfile.png","Items","Item/equipment profile filename/design"
"9890","9890.png","Section9OutfitArmor.png","Items","Item/equipment filename/design"
"9894","9894.png","Section9OutfitArmorProfile.png","Items","Item/equipment profile filename/design"
"9891","9891.png","Section9OutfitPants.png","Items","Item/equipment filename/design"
"9895","9895.png","Section9OutfitPantsProfile.png","Items","Item/equipment profile filename/design"
"6631","6631.png","SecurityBotModule.png","Items","Item/equipment filename/design"
"6632","6632.png","SecurityBotModule_Attack.png","Items","Item/equipment filename/design"
"6633","6633.png","SecurityBotModule_Destroyed.png","Items","Item/equipment filename/design"
"9315","9315.png","ShardGyre.png","Items","Item/equipment filename/design"
"9313","9313.png","ShardTorso.png","Items","Item/equipment filename/design"
"9316","9316.png","ShardVortex.png","Items","Item/equipment filename/design"
"7090","7090.png","ShrinkRayProfile.png","Items","Item/equipment profile filename/design"
"9595","9595.png","SilkTopHat.png","Items","Item/equipment filename/design"
"7361","7361.png","SingularityMineProfile.png","Items","Item/equipment profile filename/design"
"8261","8261.png","SlayerAxeProfile.png","Items","Item/equipment profile filename/design"
"9528","9528.png","SmokinHot.png","Items","Item/equipment filename/design"
"9530","9530.png","SmokinHotProfile.png","Items","Item/equipment profile filename/design"
"6925","6925.png","SnowflakeWings.png","Items","Item/equipment filename/design"
"3901","3901.png","SoccorPants.png","Items","Item/equipment filename/design"
"3903","3903.png","soccorPantsProfile.png","Items","Item/equipment profile filename/design"
"9783","9783.png","space_charge_icon.png","Items","Item/equipment filename/design"
"6414","6414.png","SpiderArmor.png","Items","Item/equipment filename/design"
"6413","6413.png","SpiderHelmet.png","Items","Item/equipment filename/design"
"8002","8002.png","Spinnerette.png","Items","Item/equipment filename/design"
"10435","10435.png","SporeChokeSprinkler.png","Items","Item/equipment filename/design"
"10436","10436.png","SporeChokeSprinklerProfile.png","Items","Item/equipment profile filename/design"
"7125","7125.png","SportsGoggles.png","Items","Item/equipment filename/design"
"7123","7123.png","SportsGogglesProfile.png","Items","Item/equipment profile filename/design"
"8882","8882.png","StarWovenArmor.png","Items","Item/equipment filename/design"
"4773","4773.png","StealthSuitHelmet_Lv1.png","Items","Item/equipment filename/design"
"4776","4776.png","StealthSuitHelmet_Lv2.png","Items","Item/equipment filename/design"
"4779","4779.png","StealthSuitHelmet_Lv3.png","Items","Item/equipment filename/design"
"4787","4787.png","StealthSuitHelmet_Lv4.png","Items","Item/equipment filename/design"
"4790","4790.png","StealthSuitHelmet_Lv5.png","Items","Item/equipment filename/design"
"4793","4793.png","StealthSuitHelmet_ultimate.png","Items","Item/equipment filename/design"
"4775","4775.png","StealthSuitPants_Lv1.png","Items","Item/equipment filename/design"
"4778","4778.png","StealthSuitPants_Lv2.png","Items","Item/equipment filename/design"
"4781","4781.png","StealthSuitPants_Lv3.png","Items","Item/equipment filename/design"
"4789","4789.png","StealthSuitPants_Lv4.png","Items","Item/equipment filename/design"
"4792","4792.png","StealthSuitPants_Lv5.png","Items","Item/equipment filename/design"
"4795","4795.png","StealthSuitPants_ultimate.png","Items","Item/equipment filename/design"
"3526","3526.png","Steampunk_Helmet.png","Items","Item/equipment filename/design"
"3525","3525.png","steampunk-gun_Profile.png","Items","Item/equipment profile filename/design"
"3523","3523.png","steampunk-helmet_Profile.png","Items","Item/equipment profile filename/design"
"3829","3829.png","StolenHelmet.png","Items","Item/equipment filename/design"
"7117","7117.png","SummitranArmor.png","Items","Item/equipment filename/design"
"1671","1671.png","SupersoilderTrooperGunAnimation.png","Items","Item/equipment filename/design"
"1478","1478.png","SuperSoliderLeaderArmorChest.png","Items","Item/equipment filename/design"
"1477","1477.png","SuperSoliderLeaderArmorHelmet.png","Items","Item/equipment filename/design"
"1481","1481.png","SuperSoliderTrooperArmorChest.png","Items","Item/equipment filename/design"
"1480","1480.png","SuperSoliderTrooperArmorHelmet.png","Items","Item/equipment filename/design"
"7191","7191.png","Superweapon_BFB.png","Items","Item/equipment filename/design"
"5611","5611.png","SuperWeapon_exteior.png","Items","Item/equipment filename/design"
"5630","5630.png","SuperWeapon_exteior_destoryed.png","Items","Item/equipment filename/design"
"5424","5424.png","Superweapon_Fed.png","Items","Item/equipment filename/design"
"5434","5434.png","Superweapon_Fed_Laser_beam.png","Items","Item/equipment filename/design"
"5566","5566.png","Superweapon_Fed_Laser_Destoryed.png","Items","Item/equipment filename/design"
"5564","5564.png","Superweapon_Nuke_Destoryed.png","Items","Item/equipment filename/design"
"5429","5429.png","Superweapon_NukeMissle.png","Items","Item/equipment filename/design"
"5428","5428.png","Superweapon_Qta_drone.png","Items","Item/equipment filename/design"
"5426","5426.png","Superweapon_Qta_launcher.png","Items","Item/equipment filename/design"
"5565","5565.png","Superweapon_Qta_launcher_Destoryed.png","Items","Item/equipment filename/design"
"8112","8112.png","SuperWeaponBFR_exteior.png","Items","Item/equipment filename/design"
"4039","4039.png","SwordAnimation.png","Items","Item/equipment filename/design"
"1688","1688.png","SwordMaster.png","Items","Item/equipment filename/design"
"9785","9785.png","taped_banana_icon.png","Items","Item/equipment filename/design"
"7121","7121.png","TennisBallAccessory.png","Items","Item/equipment filename/design"
"7120","7120.png","TennisBallProfile.png","Items","Item/equipment profile filename/design"
"7119","7119.png","TennisRacketProfile.png","Items","Item/equipment profile filename/design"
"6411","6411.png","Terrifying Orb.png","Items","Item/equipment filename/design"
"9527","9527.png","ThermalShirt.png","Items","Item/equipment filename/design"
"10615","10615.png","Tie.png","Items","Item/equipment filename/design"
"9604","9604.png","TimeBombProfile.png","Items","Item/equipment profile filename/design"
"3203","3203.png","TinHelmet.png","Items","Item/equipment filename/design"
"7173","7173.png","TintedHelmet.png","Items","Item/equipment filename/design"
"10620","10620.png","TomatoMineProfile.png","Items","Item/equipment profile filename/design"
"6410","6410.png","TombestoneModule.png","Items","Item/equipment filename/design"
"9594","9594.png","TopHat.png","Items","Item/equipment filename/design"
"9600","9600.png","TopHatProfile.png","Items","Item/equipment profile filename/design"
"6815","6815.png","tour-reward-sword-profile.png","Items","Item/equipment profile filename/design"
"4987","4987.png","TowelPants.png","Items","Item/equipment filename/design"
"4988","4988.png","TowelPantsProfile.png","Items","Item/equipment profile filename/design"
"6513","6513.png","TrainingCrateGoldProfile.png","Items","Item/equipment profile filename/design"
"6510","6510.png","TrainingCrateProfile.png","Items","Item/equipment profile filename/design"
"6106","6106.png","Turret-module_Destoryed.png","Items","Item/equipment filename/design"
"6104","6104.png","TurretModule_Lv1_Attack.png","Items","Item/equipment filename/design"
"6102","6102.png","TurretModule_Lv1_Idle.png","Items","Item/equipment filename/design"
"6105","6105.png","TurretModule_Lv2_Attack.png","Items","Item/equipment filename/design"
"6155","6155.png","Turret-module_Lv2_Destoryed.png","Items","Item/equipment filename/design"
"6103","6103.png","TurretModule_Lv2_Idle.png","Items","Item/equipment filename/design"
"6147","6147.png","TurretModule_Lv3_Attack.png","Items","Item/equipment filename/design"
"6156","6156.png","Turret-module_Lv3_Destoryed.png","Items","Item/equipment filename/design"
"6146","6146.png","TurretModule_Lv3_Idle.png","Items","Item/equipment filename/design"
"6149","6149.png","TurretModule_Lv4_Attack.png","Items","Item/equipment filename/design"
"6157","6157.png","Turret-module_Lv4_Destoryed.png","Items","Item/equipment filename/design"
"6148","6148.png","TurretModule_Lv4_Idle.png","Items","Item/equipment filename/design"
"6288","6288.png","UmbrellaHat.png","Items","Item/equipment filename/design"
"9786","9786.png","viking_thumb_icon.png","Items","Item/equipment filename/design"
"9597","9597.png","VintageJacket.png","Items","Item/equipment filename/design"
"9601","9601.png","VintageJacketProfile.png","Items","Item/equipment profile filename/design"
"6865","6865.png","VintageRunners.png","Items","Item/equipment filename/design"
"5038","5038.png","VisiriGunnerHelm_Lv2.png","Items","Item/equipment filename/design"
"5039","5039.png","VisiriGunnerHelm_Lv3.png","Items","Item/equipment filename/design"
"5105","5105.png","VolcanicHelmet.png","Items","Item/equipment filename/design"
"6372","6372.png","WaningCrescentAccessory.png","Items","Item/equipment filename/design"
"8264","8264.png","WarHawk.png","Items","Item/equipment filename/design"
"3366","3366.png","Warrior_Armor_Profile.png","Items","Item/equipment profile filename/design"
"3233","3233.png","Warrior_Helmet_Profile.png","Items","Item/equipment profile filename/design"
"3212","3212.png","WarriorHelmet.png","Items","Item/equipment filename/design"
"6371","6371.png","WaxingCrescentAccessory.png","Items","Item/equipment filename/design"
"4034","4034.png","WeaponBaseExterior.png","Items","Item/equipment filename/design"
"4772","4772.png","WeaponBaseExterior2x2.png","Items","Item/equipment filename/design"
"4770","4770.png","WeaponExpansionBase_2x2.png","Items","Item/equipment filename/design"
"3973","3973.png","WeaponExpansionBase_3x2.png","Items","Item/equipment filename/design"
"4801","4801.png","WeaponRangeCircle.png","Items","Item/equipment filename/design"
"8003","8003.png","Webber.png","Items","Item/equipment filename/design"
"8000","8000.png","WebberProfile.png","Items","Item/equipment profile filename/design"
"8006","8006.png","WebVest.png","Items","Item/equipment filename/design"
"8001","8001.png","WebVestProfile.png","Items","Item/equipment profile filename/design"
"8130","8130.png","WhiteBelt.png","Items","Item/equipment filename/design"
"1190","1190.png","WhiteMaleCrewProfile.png","Items","Item/equipment profile filename/design"
"204","204.png","whiteMaleHeadCap.png","Items","Item/equipment filename/design"
"4255","4255.png","WPN_Alien2Armor.png","Items","Item/equipment filename/design"
"4254","4254.png","WPN_Alien2Helmet.png","Items","Item/equipment filename/design"
"4256","4256.png","WPN_Alien2Pants.png","Items","Item/equipment filename/design"
"4190","4190.png","WPN_AlienArmor.png","Items","Item/equipment filename/design"
"4189","4189.png","WPN_AlienHelmet.png","Items","Item/equipment filename/design"
"4191","4191.png","WPN_AlienPants.png","Items","Item/equipment filename/design"
"3393","3393.png","XmasPistol.png","Items","Item/equipment filename/design"
"4640","4640.png","XmaxArmorHelmetLv1.png","Items","Item/equipment filename/design"
"4637","4637.png","XmaxArmorHelmetLv2.png","Items","Item/equipment filename/design"
"4642","4642.png","XmaxArmorLegLv1.png","Items","Item/equipment filename/design"
"4639","4639.png","XmaxArmorLegLv2.png","Items","Item/equipment filename/design"
"4641","4641.png","XmaxArmorSuitLv1.png","Items","Item/equipment filename/design"
"4638","4638.png","XmaxArmorSuitLv2.png","Items","Item/equipment filename/design"
"3575","3575.png","Zaki_Air_Item.png","Items","Item/equipment filename/design"
"3576","3576.png","Zaki_Airs.png","Items","Item/equipment filename/design"
"4383","4383.png","ZakiBarrier.png","Items","Item/equipment filename/design"
"3857","3857.png","ZakiDragonHelmet.png","Items","Item/equipment filename/design"
"4041","4041.png","ZakiGunProfile.png","Items","Item/equipment profile filename/design"
"6268","6268.png","Zhurong-rover.png","Items","Item/equipment filename/design"
"6267","6267.png","Zhurong-rover-profile.png","Items","Item/equipment profile filename/design"
"6123","6123.png","ZongziDroidProfile.png","Items","Item/equipment profile filename/design"
"5654","5654.png","2020AprReward_LabRoom_Lv11.png","Rooms","Room filename/design"
"5655","5655.png","2020AprReward_LabRoomAlter_Lv11.png","Rooms","Room filename/design"
"5942","5942.png","2020NovReward_TeleportRoomSkin.png","Rooms","Room filename/design"
"5941","5941.png","2020NovReward_TeleportRoomSkinAlter.png","Rooms","Room filename/design"
"8267","8267.png","Academy_TrophyRoom.png","Rooms","Room filename/design"
"4942","4942.png","Alliance_Room_Prize.png","Rooms","Room filename/design"
"1988","1988.png","AllianceHallRoom_Lv4.png","Rooms","Room filename/design"
"1989","1989.png","AllianceHallRoom_Lv5.png","Rooms","Room filename/design"
"1980","1980.png","AllianceHallRoomLv1.png","Rooms","Room filename/design"
"1981","1981.png","AllianceHallRoomLv2.png","Rooms","Room filename/design"
"1987","1987.png","AllianceHallRoomLv3.png","Rooms","Room filename/design"
"3431","3431.png","AlliancePowerRoom_lv1.png","Rooms","Room filename/design"
"3432","3432.png","AlliancePowerRoom_lv2.png","Rooms","Room filename/design"
"3125","3125.png","AllianceReactorDestoryed.png","Rooms","Room filename/design"
"3105","3105.png","AllianceReactorLv1.png","Rooms","Room filename/design"
"3258","3258.png","AllianceReactorLv10.png","Rooms","Room filename/design"
"3106","3106.png","AllianceReactorLv2.png","Rooms","Room filename/design"
"3107","3107.png","AllianceReactorLv3.png","Rooms","Room filename/design"
"3108","3108.png","AllianceReactorLv4.png","Rooms","Room filename/design"
"3111","3111.png","AllianceReactorLv5.png","Rooms","Room filename/design"
"3112","3112.png","AllianceReactorLv6.png","Rooms","Room filename/design"
"3149","3149.png","AllianceReactorLv7.png","Rooms","Room filename/design"
"3229","3229.png","AllianceReactorLv8.png","Rooms","Room filename/design"
"3230","3230.png","AllianceReactorLv9.png","Rooms","Room filename/design"
"5122","5122.png","Androidroom_Ghost.png","Rooms","Room filename/design"
"1894","1894.png","Androidroom_Lv1.png","Rooms","Room filename/design"
"1979","1979.png","Androidroom_Lv10.png","Rooms","Room filename/design"
"5517","5517.png","AndroidRoom_Lv11Animation.png","Rooms","Room filename/design"
"10541","10541.png","Androidroom_Lv12.png","Rooms","Room filename/design"
"1902","1902.png","Androidroom_Lv2.png","Rooms","Room filename/design"
"1903","1903.png","Androidroom_Lv3.png","Rooms","Room filename/design"
"1904","1904.png","Androidroom_Lv4_Animation.png","Rooms","Room filename/design"
"1911","1911.png","Androidroom_Lv5_Animation.png","Rooms","Room filename/design"
"1971","1971.png","Androidroom_Lv6.png","Rooms","Room filename/design"
"1972","1972.png","Androidroom_Lv7.png","Rooms","Room filename/design"
"1973","1973.png","Androidroom_Lv8.png","Rooms","Room filename/design"
"1974","1974.png","Androidroom_Lv9.png","Rooms","Room filename/design"
"9906","9906.png","AndroidRoom_MegatechBodyInc.png","Rooms","Room filename/design"
"3547","3547.png","AndroidRoom_RedMecha.png","Rooms","Room filename/design"
"7996","7996.png","AndroidRoom_SpawningChamber.png","Rooms","Room filename/design"
"9337","9337.png","Androidroom_Summit24Prize.png","Rooms","Room filename/design"
"4999","4999.png","AndroidRoom_Zongzi.png","Rooms","Room filename/design"
"941","941.png","Anti-Aircraft-Laser-room-lv1.png","Rooms","Room filename/design"
"10089","10089.png","Anti-Aircraft-Laser-room-lv10-animationsheet.png","Rooms","Room filename/design"
"995","995.png","Anti-Aircraft-Laser-room-lv2.png","Rooms","Room filename/design"
"996","996.png","Anti-Aircraft-Laser-room-lv3.png","Rooms","Room filename/design"
"997","997.png","Anti-Aircraft-Laser-room-lv4.png","Rooms","Room filename/design"
"998","998.png","Anti-Aircraft-Laser-room-lv5.png","Rooms","Room filename/design"
"999","999.png","Anti-Aircraft-Laser-room-lv6.png","Rooms","Room filename/design"
"1000","1000.png","Anti-Aircraft-Laser-room-lv7.png","Rooms","Room filename/design"
"1373","1373.png","Anti-Aircraft-Laser-room-lv8.png","Rooms","Room filename/design"
"937","937.png","Anti-Aircraft-Missileroom_Lv1.png","Rooms","Room filename/design"
"1002","1002.png","Anti-Aircraft-Missileroom_Lv2.png","Rooms","Room filename/design"
"1003","1003.png","Anti-Aircraft-Missileroom_Lv3.png","Rooms","Room filename/design"
"1004","1004.png","Anti-Aircraft-Missileroom_Lv4.png","Rooms","Room filename/design"
"1005","1005.png","Anti-Aircraft-Missileroom_Lv5.png","Rooms","Room filename/design"
"5852","5852.png","ArmorRoom_DoveStore.png","Rooms","Room filename/design"
"5853","5853.png","ArmorRoom_Hydra.png","Rooms","Room filename/design"
"6295","6295.png","ArmorRoom_SolarPanel.png","Rooms","Room filename/design"
"5066","5066.png","AugRewardSkin_Laser-room_lv13.png","Rooms","Room filename/design"
"5067","5067.png","AugRewardSkin_Laser-room_lv14.png","Rooms","Room filename/design"
"5068","5068.png","AugRewardSkin_Laser-room_lv15.png","Rooms","Room filename/design"
"8101","8101.png","AuxiliaryBooster_Destroyed.png","Rooms","Room filename/design"
"8037","8037.png","AuxiliaryBooster_Lv1.png","Rooms","Room filename/design"
"8038","8038.png","AuxiliaryBooster_Lv2.png","Rooms","Room filename/design"
"10090","10090.png","AuxiliaryBooster-room-lv3-animationsheet.png","Rooms","Room filename/design"
"6114","6114.png","AvengerMissileRoom_Destroyed.png","Rooms","Room filename/design"
"7712","7712.png","BallRackRoomCard.png","Rooms","Room filename/design"
"7317","7317.png","BarrelCellarRoomCard.png","Rooms","Room filename/design"
"9810","9810.png","Bedroom_CosmicChambers.png","Rooms","Room filename/design"
"368","368.png","Bedroom_Destoried.png","Rooms","Room filename/design"
"1294","1294.png","Bedroom_Graveyard.png","Rooms","Room filename/design"
"5123","5123.png","Bedroom_GraveyardSkin.png","Rooms","Room filename/design"
"9787","9787.png","Bedroom_HamsterHideaway.png","Rooms","Room filename/design"
"49","49.png","Bedroom_lv1_1.png","Rooms","Room filename/design"
"56","56.png","Bedroom_lv2_1.png","Rooms","Room filename/design"
"271","271.png","Bedroom_lv3_1.png","Rooms","Room filename/design"
"272","272.png","Bedroom_lv4_1.png","Rooms","Room filename/design"
"1242","1242.png","Bedroom_lv5.png","Rooms","Room filename/design"
"10458","10458.png","Bedroom_Lv6_animation.png","Rooms","Room filename/design"
"10459","10459.png","Bedroom_lv7_animation.png","Rooms","Room filename/design"
"3402","3402.png","Bedroom_Zaki.png","Rooms","Room filename/design"
"19","19.png","bedroomFedShipLevel1.png","Rooms","Room filename/design"
"6604","6604.png","bedroom-quarantine-dove.png","Rooms","Room filename/design"
"6603","6603.png","bedroom-quarantine-tour.png","Rooms","Room filename/design"
"6143","6143.png","BlenderRoom_EasterEdition.png","Rooms","Room filename/design"
"3672","3672.png","BlenderRoom_Lv1_Animation.png","Rooms","Room filename/design"
"3856","3856.png","BlenderRoom_Lv2_Animation.png","Rooms","Room filename/design"
"3865","3865.png","BlenderRoom_Lv3_Animation.png","Rooms","Room filename/design"
"3902","3902.png","BlenderRoom_Lv4_Animation.png","Rooms","Room filename/design"
"3910","3910.png","BlenderRoom_Lv5_Animation.png","Rooms","Room filename/design"
"10091","10091.png","Bolter-room_Lv16.png","Rooms","Room filename/design"
"7138","7138.png","BP11-Hanger-RoomCard.png","Rooms","Room filename/design"
"10446","10446.png","BP34 Character_Sprite_Body MushroomGolem.png","Rooms","Room filename/design"
"10447","10447.png","BP34 Character_Sprite_Head MushroomGolem.png","Rooms","Room filename/design"
"10448","10448.png","BP34 Character_Sprite_Legs MushroomGolem.png","Rooms","Room filename/design"
"9523","9523.png","BridgeRoom_Burning.png","Rooms","Room filename/design"
"418","418.png","Bridge-room_destoried.png","Rooms","Room filename/design"
"50","50.png","Bridge-room_lv1.png","Rooms","Room filename/design"
"1070","1070.png","Bridge-room_lv10.png","Rooms","Room filename/design"
"1071","1071.png","Bridge-room_lv11.png","Rooms","Room filename/design"
"5519","5519.png","BridgeRoom_lv12.png","Rooms","Room filename/design"
"7980","7980.png","BridgeRoom_lv13.png","Rooms","Room filename/design"
"58","58.png","Bridge-room_lv2.png","Rooms","Room filename/design"
"298","298.png","Bridge-room_lv3.png","Rooms","Room filename/design"
"299","299.png","Bridge-room_lv4.png","Rooms","Room filename/design"
"300","300.png","Bridge-room_lv5.png","Rooms","Room filename/design"
"301","301.png","Bridge-room_lv6.png","Rooms","Room filename/design"
"1034","1034.png","Bridge-room_lv7.png","Rooms","Room filename/design"
"1035","1035.png","Bridge-room_lv8.png","Rooms","Room filename/design"
"1069","1069.png","Bridge-room_lv9.png","Rooms","Room filename/design"
"1283","1283.png","CannonRoomLv1.png","Rooms","Room filename/design"
"1415","1415.png","CannonRoomLv1_Destoried.png","Rooms","Room filename/design"
"1456","1456.png","CannonRoomLv2.png","Rooms","Room filename/design"
"3841","3841.png","CannonRoomLv3Animation.png","Rooms","Room filename/design"
"721","721.png","CarrierRoom.png","Rooms","Room filename/design"
"1015","1015.png","CarrierRoom_4.png","Rooms","Room filename/design"
"1134","1134.png","CarrierRoom_destoried.png","Rooms","Room filename/design"
"960","960.png","CarrierRoom_Lv2.png","Rooms","Room filename/design"
"961","961.png","CarrierRoom_Lv3.png","Rooms","Room filename/design"
"1374","1374.png","CarrierRoom_Lv7.png","Rooms","Room filename/design"
"1839","1839.png","CarrierRoom_Lv8.png","Rooms","Room filename/design"
"1840","1840.png","CarrierRoom_Lv9.png","Rooms","Room filename/design"
"1089","1089.png","CarriersRoom_Lv5.png","Rooms","Room filename/design"
"1090","1090.png","CarriersRoom_Lv6.png","Rooms","Room filename/design"
"1256","1256.png","CatHouse_Lv1.png","Rooms","Room filename/design"
"5054","5054.png","ChsValentinesRoom.png","Rooms","Room filename/design"
"5523","5523.png","CloakGenerator_Lv5.png","Rooms","Room filename/design"
"8033","8033.png","CloakGenerator_Lv6.png","Rooms","Room filename/design"
"6132","6132.png","CloakRoom_2021_Dove.png","Rooms","Room filename/design"
"6134","6134.png","CloakRoom_2021_tour.png","Rooms","Room filename/design"
"8747","8747.png","CloakRoom_Celestial.png","Rooms","Room filename/design"
"3655","3655.png","CloakRoom_Destoried.png","Rooms","Room filename/design"
"1413","1413.png","CloakRoom_Lv1.png","Rooms","Room filename/design"
"3665","3665.png","CloakRoom_Lv1_Animation.png","Rooms","Room filename/design"
"3666","3666.png","CloakRoom_Lv2_Animation.png","Rooms","Room filename/design"
"3667","3667.png","CloakRoom_Lv3_Animation.png","Rooms","Room filename/design"
"3840","3840.png","CloakRoom_Lv4_Animation.png","Rooms","Room filename/design"
"10092","10092.png","CloakRoom_Lv7_animationsheet.png","Rooms","Room filename/design"
"10179","10179.png","Cluster Missile Launcher_Lv2.png","Rooms","Room filename/design"
"8286","8286.png","ClusterMissileLauncher_destroyed.png","Rooms","Room filename/design"
"8280","8280.png","ClusterMissileLauncher_lv1.png","Rooms","Room filename/design"
"10180","10180.png","ClusterMissileLauncher_Lv3.png","Rooms","Room filename/design"
"10181","10181.png","ClusterMissileLauncher_Lv4.png","Rooms","Room filename/design"
"10182","10182.png","ClusterMissileLauncher_Lv5.png","Rooms","Room filename/design"
"10578","10578.png","CoalReactor_AegisForge.png","Rooms","Room filename/design"
"1762","1762.png","CoalReactorRoom_Lv1_Animation.png","Rooms","Room filename/design"
"1750","1750.png","CoalReactorRoom_Lv2.png","Rooms","Room filename/design"
"10425","10425.png","Coilgun_destroyed.png","Rooms","Room filename/design"
"10422","10422.png","Coilgun_lv1.png","Rooms","Room filename/design"
"10423","10423.png","Coilgun_lv2.png","Rooms","Room filename/design"
"10424","10424.png","Coilgun_lv3.png","Rooms","Room filename/design"
"449","449.png","Commandroom_Lv1.png","Rooms","Room filename/design"
"450","450.png","Commandroom_Lv2.png","Rooms","Room filename/design"
"451","451.png","Commandroom_Lv3.png","Rooms","Room filename/design"
"1691","1691.png","Commandroom_Lv4.png","Rooms","Room filename/design"
"1692","1692.png","Commandroom_Lv5.png","Rooms","Room filename/design"
"1693","1693.png","Commandroom_Lv6.png","Rooms","Room filename/design"
"1694","1694.png","Commandroom_Lv7.png","Rooms","Room filename/design"
"1695","1695.png","Commandroom_Lv8.png","Rooms","Room filename/design"
"1696","1696.png","Commandroom_Lv9.png","Rooms","Room filename/design"
"6861","6861.png","command-room-bp8-bar-skin.png","Rooms","Room filename/design"
"279","279.png","Computer-room_lv1.png","Rooms","Room filename/design"
"280","280.png","Computer-room_lv2.png","Rooms","Room filename/design"
"281","281.png","Computer-room_lv3.png","Rooms","Room filename/design"
"282","282.png","Computer-room_lv4.png","Rooms","Room filename/design"
"283","283.png","Computer-room_lv5.png","Rooms","Room filename/design"
"284","284.png","Computer-room_lv6.png","Rooms","Room filename/design"
"10126","10126.png","CorvetteHangar_Crafts.png","Rooms","Room filename/design"
"10125","10125.png","CorvetteHangar_destroyed.png","Rooms","Room filename/design"
"10427","10427.png","CorvetteHangar_ext.png","Rooms","Room filename/design"
"10122","10122.png","CorvetteHangar_lv1.png","Rooms","Room filename/design"
"10123","10123.png","CorvetteHangar_lv2.png","Rooms","Room filename/design"
"10124","10124.png","CorvetteHangar_lv3.png","Rooms","Room filename/design"
"833","833.png","Council_Room_lv1.png","Rooms","Room filename/design"
"921","921.png","Council_Room_lv2.png","Rooms","Room filename/design"
"922","922.png","Council_Room_lv3.png","Rooms","Room filename/design"
"924","924.png","Council_Room_lv4.png","Rooms","Room filename/design"
"925","925.png","Council_Room_lv5.png","Rooms","Room filename/design"
"8883","8883.png","CouncilRoom_Gerbil.png","Rooms","Room filename/design"
"8034","8034.png","CouncilRoom_lv6.png","Rooms","Room filename/design"
"3589","3589.png","Cryopod.png","Rooms","Room filename/design"
"6318","6318.png","dark-crystal-engine-room.png","Rooms","Room filename/design"
"6319","6319.png","dark-crystal-shield-room.png","Rooms","Room filename/design"
"7200","7200.png","Decoy Hangar_Lv1.png","Rooms","Room filename/design"
"7201","7201.png","Decoy Hangar_Lv2.png","Rooms","Room filename/design"
"7202","7202.png","Decoy Hangar_Lv3.png","Rooms","Room filename/design"
"7203","7203.png","Decoy Hangar_Lv4.png","Rooms","Room filename/design"
"7205","7205.png","DecoyHangar_Destroyed.png","Rooms","Room filename/design"
"7206","7206.png","DecoyHangar_ext.png","Rooms","Room filename/design"
"10093","10093.png","DecoyHangar-room-lv5-animationsheet.png","Rooms","Room filename/design"
"4242","4242.png","DefenceRoom.png","Rooms","Room filename/design"
"4245","4245.png","DefenceRoomDestoryed.png","Rooms","Room filename/design"
"8300","8300.png","DefenseHangar_Crafts.png","Rooms","Room filename/design"
"8293","8293.png","DefenseHangar_destroyed.png","Rooms","Room filename/design"
"8307","8307.png","DefenseHangar_ext.png","Rooms","Room filename/design"
"9307","9307.png","DefenseHangar_Infected.png","Rooms","Room filename/design"
"8292","8292.png","DefenseHangar_lv1.png","Rooms","Room filename/design"
"8877","8877.png","DefenseHangar_lv3.png","Rooms","Room filename/design"
"10094","10094.png","DefenseHangar_lv4.png","Rooms","Room filename/design"
"7433","7433.png","DiamondShieldRoom_skin.png","Rooms","Room filename/design"
"6423","6423.png","dove-android-room.png","Rooms","Room filename/design"
"7198","7198.png","dove-reward-bedroom.png","Rooms","Room filename/design"
"7155","7155.png","dove-reward-elevator-skin.png","Rooms","Room filename/design"
"7594","7594.png","DragonHoardRoom.png","Rooms","Room filename/design"
"7598","7598.png","DragonHoardRoomCard.png","Rooms","Room filename/design"
"8114","8114.png","DroneHangar_Bones.png","Rooms","Room filename/design"
"7051","7051.png","DroneHangar_ext.png","Rooms","Room filename/design"
"8113","8113.png","DroneHangar_Tournament.png","Rooms","Room filename/design"
"9962","9962.png","DroneHangarCraftSkin_Crystal.png","Rooms","Room filename/design"
"7040","7040.png","DroneHangerRoom_Lv1.png","Rooms","Room filename/design"
"7048","7048.png","DroneHangerRoom_Lv2.png","Rooms","Room filename/design"
"7049","7049.png","DroneHangerRoom_Lv3.png","Rooms","Room filename/design"
"7050","7050.png","DroneHangerRoom_Lv4.png","Rooms","Room filename/design"
"10095","10095.png","DroneHangerRoom_Lv5_animationsheet.png","Rooms","Room filename/design"
"10096","10096.png","DroneHangerRoom_Lv6_animationsheet.png","Rooms","Room filename/design"
"7140","7140.png","EasterEngineRoom_Skin.png","Rooms","Room filename/design"
"7645","7645.png","EggPaintingAcademyRoom.png","Rooms","Room filename/design"
"5522","5522.png","EMPCannon_Lv4.png","Rooms","Room filename/design"
"8018","8018.png","EMPCannon_Lv5.png","Rooms","Room filename/design"
"10097","10097.png","EMP-room-lv6-animationsheet.png","Rooms","Room filename/design"
"419","419.png","engine_destoried.png","Rooms","Room filename/design"
"51","51.png","engine_Lv1_animation.png","Rooms","Room filename/design"
"462","462.png","engine_Lv2_animation.png","Rooms","Room filename/design"
"469","469.png","engine_Lv3_animation.png","Rooms","Room filename/design"
"471","471.png","engine_Lv4_animation.png","Rooms","Room filename/design"
"505","505.png","engine_Lv5_animation.png","Rooms","Room filename/design"
"506","506.png","engine_Lv6_animation.png","Rooms","Room filename/design"
"1040","1040.png","engine_Lv7_animation.png","Rooms","Room filename/design"
"1072","1072.png","engine_Lv8_animation.png","Rooms","Room filename/design"
"1500","1500.png","engine_Lv9_animation.png","Rooms","Room filename/design"
"9334","9334.png","EngineRoom_DemonStarcore.png","Rooms","Room filename/design"
"8125","8125.png","EngineRoom_Garage.png","Rooms","Room filename/design"
"5532","5532.png","EngineRoom_Lv10.png","Rooms","Room filename/design"
"7978","7978.png","EngineRoom_Lv11.png","Rooms","Room filename/design"
"10098","10098.png","EngineRoom_Lv12_animationsheet.png","Rooms","Room filename/design"
"10099","10099.png","EngineRoom_Lv13_animationsheet.png","Rooms","Room filename/design"
"9593","9593.png","EngineRoom_TimeMachine.png","Rooms","Room filename/design"
"6940","6940.png","eye-beacon-room.png","Rooms","Room filename/design"
"6941","6941.png","eye-beacon-room-ext.png","Rooms","Room filename/design"
"6825","6825.png","FairyFlossBlenderRoom.png","Rooms","Room filename/design"
"6837","6837.png","FairyFlossRoomCard.png","Rooms","Room filename/design"
"7840","7840.png","FiveRingsBedroom.png","Rooms","Room filename/design"
"7744","7744.png","FusionReactor_DysonSphere.png","Rooms","Room filename/design"
"9308","9308.png","FusionReactor_GalacticaSingularity.png","Rooms","Room filename/design"
"7743","7743.png","FusionReactor_Hamster.png","Rooms","Room filename/design"
"7182","7182.png","FusionReactor_NovaCore.png","Rooms","Room filename/design"
"5953","5953.png","FusionReactorRoom_Coal_Skin.png","Rooms","Room filename/design"
"5530","5530.png","FusionReactorRoom_Lv11.png","Rooms","Room filename/design"
"5600","5600.png","Galaxy_reward_bridge.png","Rooms","Room filename/design"
"10104","10104.png","GasCollectorRoom_Lv14.png","Rooms","Room filename/design"
"10101","10101.png","GasCollectorRoom_Lv15.png","Rooms","Room filename/design"
"10102","10102.png","GasCollectorRoom-lv16-animationsheet.png","Rooms","Room filename/design"
"10103","10103.png","GasCollector-room-lv17-animationsheet.png","Rooms","Room filename/design"
"5337","5337.png","GasGunRoom_normal.png","Rooms","Room filename/design"
"562","562.png","Gas-room_lv1_animation.png","Rooms","Room filename/design"
"552","552.png","Gas-room_lv10_animation.png","Rooms","Room filename/design"
"715","715.png","Gas-room_lv11_animation.png","Rooms","Room filename/design"
"716","716.png","Gas-room_lv12_animation.png","Rooms","Room filename/design"
"10105","10105.png","Gas-room_lv13_animation__10105.png","Rooms","Room filename/design"
"5632","5632.png","Gas-room_lv13_animation__5632.png","Rooms","Room filename/design"
"566","566.png","Gas-room_lv2_animation.png","Rooms","Room filename/design"
"563","563.png","Gas-room_lv3_animation.png","Rooms","Room filename/design"
"564","564.png","Gas-room_lv4_animation.png","Rooms","Room filename/design"
"565","565.png","Gas-room_lv5_animation.png","Rooms","Room filename/design"
"539","539.png","Gas-room_lv6_animation.png","Rooms","Room filename/design"
"540","540.png","Gas-room_lv7_animation.png","Rooms","Room filename/design"
"541","541.png","Gas-room_lv8_animation.png","Rooms","Room filename/design"
"542","542.png","Gas-room_lv9_animation.png","Rooms","Room filename/design"
"388","388.png","Gas-Storage_room_lv1.png","Rooms","Room filename/design"
"544","544.png","Gas-Storage_room_lv10.png","Rooms","Room filename/design"
"551","551.png","Gas-Storage_room_lv11.png","Rooms","Room filename/design"
"567","567.png","Gas-Storage_room_lv12.png","Rooms","Room filename/design"
"1473","1473.png","Gas-Storage_room_lv13.png","Rooms","Room filename/design"
"4474","4474.png","Gas-Storage_room_lv14.png","Rooms","Room filename/design"
"10100","10100.png","Gas-Storage_room_lv16.png","Rooms","Room filename/design"
"389","389.png","Gas-Storage_room_lv2.png","Rooms","Room filename/design"
"410","410.png","Gas-Storage_room_lv3.png","Rooms","Room filename/design"
"411","411.png","Gas-Storage_room_lv4.png","Rooms","Room filename/design"
"414","414.png","Gas-Storage_room_lv5.png","Rooms","Room filename/design"
"415","415.png","Gas-Storage_room_lv6.png","Rooms","Room filename/design"
"535","535.png","Gas-Storage_room_lv7.png","Rooms","Room filename/design"
"536","536.png","Gas-Storage_room_lv8.png","Rooms","Room filename/design"
"543","543.png","Gas-Storage_room_lv9.png","Rooms","Room filename/design"
"7711","7711.png","GasStorageRoom_BallRack.png","Rooms","Room filename/design"
"7316","7316.png","GasStorageRoom_BarrelCellar.png","Rooms","Room filename/design"
"8016","8016.png","GasStorageRoom_Lv15.png","Rooms","Room filename/design"
"10107","10107.png","GasTrap-room-lv4-animationsheet.png","Rooms","Room filename/design"
"7807","7807.png","GrassTeleporterRoom.png","Rooms","Room filename/design"
"6735","6735.png","GrayHangarPromo.png","Rooms","Room filename/design"
"6703","6703.png","gray-hangar-room.png","Rooms","Room filename/design"
"6709","6709.png","gray-hangar-room-destoryed.png-.png","Rooms","Room filename/design"
"5830","5830.png","GymRoom_Cycling_skin.png","Rooms","Room filename/design"
"1264","1264.png","GymRoom_Lv1.png","Rooms","Room filename/design"
"1265","1265.png","GymRoom_Lv2.png","Rooms","Room filename/design"
"1311","1311.png","GymRoom_Lv3.png","Rooms","Room filename/design"
"1312","1312.png","GymRoom_Lv4.png","Rooms","Room filename/design"
"1313","1313.png","GymRoom_Lv5.png","Rooms","Room filename/design"
"1314","1314.png","GymRoom_Lv6.png","Rooms","Room filename/design"
"1315","1315.png","GymRoom_Lv7.png","Rooms","Room filename/design"
"1316","1316.png","GymRoom_Lv8.png","Rooms","Room filename/design"
"1317","1317.png","GymRoom_Lv9.png","Rooms","Room filename/design"
"5299","5299.png","GymRoom_Lv9_HamsterCageSkin.png","Rooms","Room filename/design"
"5020","5020.png","GymRoom2x2_PoolSkin.png","Rooms","Room filename/design"
"5021","5021.png","GymRoom3x2_PoolSkin.png","Rooms","Room filename/design"
"1273","1273.png","GymStrengthAnimation.png","Rooms","Room filename/design"
"8025","8025.png","HAL_Lv2.png","Rooms","Room filename/design"
"10175","10175.png","HAL_Lv3.png","Rooms","Room filename/design"
"7640","7640.png","HangarRoom_Hamster.png","Rooms","Room filename/design"
"5512","5512.png","HangarRoom_Lv10.png","Rooms","Room filename/design"
"8036","8036.png","HangarRoom_Lv11.png","Rooms","Room filename/design"
"7639","7639.png","HangarRoom_Tournament.png","Rooms","Room filename/design"
"5163","5163.png","HangarRoom_Turkey.png","Rooms","Room filename/design"
"7327","7327.png","HangerRoom_Hydra.png","Rooms","Room filename/design"
"10109","10109.png","HangerRoom_Lv12.png","Rooms","Room filename/design"
"8287","8287.png","HeavyTurboLaser_destroyed.png","Rooms","Room filename/design"
"8281","8281.png","HeavyTurboLaser_lv1.png","Rooms","Room filename/design"
"10183","10183.png","HeavyTurboLaser_Lv2.png","Rooms","Room filename/design"
"10184","10184.png","HeavyTurboLaser_Lv3.png","Rooms","Room filename/design"
"10185","10185.png","HeavyTurboLaser_Lv4.png","Rooms","Room filename/design"
"8288","8288.png","HellstormRocketBattery_destroyed.png","Rooms","Room filename/design"
"8282","8282.png","HellstormRocketBattery_lv1.png","Rooms","Room filename/design"
"10379","10379.png","HellstormRocketBattery_Lv2.png","Rooms","Room filename/design"
"10380","10380.png","HellstormRocketBattery_Lv3.png","Rooms","Room filename/design"
"10381","10381.png","HellstormRocketBattery_Lv4.png","Rooms","Room filename/design"
"6640","6640.png","HoloGym_Dove.png","Rooms","Room filename/design"
"6641","6641.png","HoloGym_Tour.png","Rooms","Room filename/design"
"4833","4833.png","HotelRoom.png","Rooms","Room filename/design"
"7242","7242.png","HwachaRoomMissile.png","Rooms","Room filename/design"
"7434","7434.png","IceShieldRoom_skin.png","Rooms","Room filename/design"
"9327","9327.png","InfectedMissleRoomRoomCard.png","Rooms","Room filename/design"
"5514","5514.png","IonCannon_Lv4Animation.png","Rooms","Room filename/design"
"7988","7988.png","IonCannon_Lv5.png","Rooms","Room filename/design"
"7383","7383.png","IonCannonRoom_Reward.png","Rooms","Room filename/design"
"8035","8035.png","Irradiator_Lv9.png","Rooms","Room filename/design"
"698","698.png","KickstarterMissileroom.png","Rooms","Room filename/design"
"3462","3462.png","Kickstarter-Missileroom.png","Rooms","Room filename/design"
"697","697.png","Kickstarter-Reactor-room.png","Rooms","Room filename/design"
"607","607.png","KickstarterSpecialLaseroom.png","Rooms","Room filename/design"
"703","703.png","KickstarterSpecialLaseroom_Destoried.png","Rooms","Room filename/design"
"10527","10527.png","Lab_Research room_Lv12.png","Rooms","Room filename/design"
"808","808.png","LargeReactor_Lv1.png","Rooms","Room filename/design"
"1983","1983.png","LargeReactor_Lv10.png","Rooms","Room filename/design"
"816","816.png","LargeReactor_Lv2.png","Rooms","Room filename/design"
"883","883.png","LargeReactor_Lv3.png","Rooms","Room filename/design"
"884","884.png","LargeReactor_Lv4.png","Rooms","Room filename/design"
"954","954.png","LargeReactor_Lv5.png","Rooms","Room filename/design"
"955","955.png","LargeReactor_Lv6.png","Rooms","Room filename/design"
"1253","1253.png","LargeReactor_Lv7.png","Rooms","Room filename/design"
"1254","1254.png","LargeReactor_Lv8.png","Rooms","Room filename/design"
"1982","1982.png","LargeReactor_Lv9.png","Rooms","Room filename/design"
"819","819.png","LargeReactorDestoried.png","Rooms","Room filename/design"
"3984","3984.png","LaserBlaster_Lv1_Animation.png","Rooms","Room filename/design"
"3985","3985.png","LaserBlaster_Lv2_Animation.png","Rooms","Room filename/design"
"3986","3986.png","LaserBlaster_Lv3_Animation.png","Rooms","Room filename/design"
"3988","3988.png","LaserBlaster_Lv5_Animation.png","Rooms","Room filename/design"
"5536","5536.png","LaserBlaster_Lv6_Animation.png","Rooms","Room filename/design"
"8020","8020.png","LaserBlaster_Lv7.png","Rooms","Room filename/design"
"10168","10168.png","LaserBlaster_Lv8.png","Rooms","Room filename/design"
"4000","4000.png","LaserBlasterExterior.png","Rooms","Room filename/design"
"448","448.png","Laser-room_destoried.png","Rooms","Room filename/design"
"55","55.png","Laser-room_Lv1.png","Rooms","Room filename/design"
"812","812.png","Laser-room_Lv10.png","Rooms","Room filename/design"
"1007","1007.png","Laser-room_Lv11.png","Rooms","Room filename/design"
"1008","1008.png","Laser-room_Lv12.png","Rooms","Room filename/design"
"1009","1009.png","Laser-room_Lv13.png","Rooms","Room filename/design"
"1366","1366.png","Laser-room_Lv14.png","Rooms","Room filename/design"
"1571","1571.png","Laser-room_Lv14_Animation.png","Rooms","Room filename/design"
"3843","3843.png","Laser-room_Lv15.png","Rooms","Room filename/design"
"5602","5602.png","Laser-room_Lv16_Animation.png","Rooms","Room filename/design"
"8015","8015.png","LaserRoom_Lv17.png","Rooms","Room filename/design"
"60","60.png","Laser-room_Lv2.png","Rooms","Room filename/design"
"329","329.png","Laser-room_Lv3.png","Rooms","Room filename/design"
"330","330.png","Laser-room_Lv4.png","Rooms","Room filename/design"
"3987","3987.png","Laser-room_Lv4_Animation.png","Rooms","Room filename/design"
"331","331.png","Laser-room_Lv5.png","Rooms","Room filename/design"
"333","333.png","Laser-room_Lv6.png","Rooms","Room filename/design"
"798","798.png","Laser-room_Lv7.png","Rooms","Room filename/design"
"799","799.png","Laser-room_Lv8.png","Rooms","Room filename/design"
"811","811.png","Laser-room_Lv9.png","Rooms","Room filename/design"
"7330","7330.png","LaunchpadRoom.png","Rooms","Room filename/design"
"8032","8032.png","LaunchpadRoom_Lv2.png","Rooms","Room filename/design"
"10111","10111.png","LaunchpadRoom_Lv3.png","Rooms","Room filename/design"
"1796","1796.png","LightHouseRoom_Samll.png","Rooms","Room filename/design"
"7382","7382.png","LIONCannonRoom.png","Rooms","Room filename/design"
"3165","3165.png","LoadingDock_Lv1.png","Rooms","Room filename/design"
"3166","3166.png","LoadingDock_Lv2.png","Rooms","Room filename/design"
"3167","3167.png","LoadingDock_Lv3.png","Rooms","Room filename/design"
"3168","3168.png","LoadingDock_Lv4.png","Rooms","Room filename/design"
"3171","3171.png","LoadingDock_Lv5.png","Rooms","Room filename/design"
"3172","3172.png","LoadingDock_Lv6.png","Rooms","Room filename/design"
"3173","3173.png","LoadingDock_Lv7.png","Rooms","Room filename/design"
"3186","3186.png","LoadingDock_Lv8.png","Rooms","Room filename/design"
"3187","3187.png","LoadingDock_Lv9.png","Rooms","Room filename/design"
"717","717.png","MachineGun-room_Lv1.png","Rooms","Room filename/design"
"1011","1011.png","MachineGun-room_Lv10.png","Rooms","Room filename/design"
"1012","1012.png","MachineGun-room_Lv11.png","Rooms","Room filename/design"
"1014","1014.png","MachineGun-room_Lv12.png","Rooms","Room filename/design"
"1027","1027.png","MachineGun-room_Lv13.png","Rooms","Room filename/design"
"1475","1475.png","MachineGun-room_Lv14__1475.png","Rooms","Room filename/design"
"8014","8014.png","MachineGunRoom_Lv15.png","Rooms","Room filename/design"
"718","718.png","MachineGun-room_Lv2.png","Rooms","Room filename/design"
"719","719.png","MachineGun-room_Lv3.png","Rooms","Room filename/design"
"720","720.png","MachineGun-room_Lv4.png","Rooms","Room filename/design"
"839","839.png","MachineGun-room_Lv5.png","Rooms","Room filename/design"
"971","971.png","MachineGun-room_Lv6.png","Rooms","Room filename/design"
"972","972.png","MachineGun-room_Lv7.png","Rooms","Room filename/design"
"1010","1010.png","MachineGun-room_Lv8.png","Rooms","Room filename/design"
"1013","1013.png","MachineGun-room_Lv9.png","Rooms","Room filename/design"
"8030","8030.png","MassTeleporter_Lv2.png","Rooms","Room filename/design"
"10113","10113.png","MassTeleporter_Lv3.png","Rooms","Room filename/design"
"7808","7808.png","MassTeleporter_Tournament__7808.png","Rooms","Room filename/design"
"7725","7725.png","MassTeleporterRoom.png","Rooms","Room filename/design"
"1192","1192.png","MedicalRoom_Destoried.png","Rooms","Room filename/design"
"1107","1107.png","MedicalRoom_Lv1.png","Rooms","Room filename/design"
"10142","10142.png","MedicalRoom_Lv10.png","Rooms","Room filename/design"
"1108","1108.png","MedicalRoom_Lv2.png","Rooms","Room filename/design"
"1109","1109.png","MedicalRoom_Lv3.png","Rooms","Room filename/design"
"1110","1110.png","MedicalRoom_Lv4.png","Rooms","Room filename/design"
"1111","1111.png","MedicalRoom_Lv5.png","Rooms","Room filename/design"
"1112","1112.png","MedicalRoom_Lv6.png","Rooms","Room filename/design"
"1113","1113.png","MedicalRoom_Lv7.png","Rooms","Room filename/design"
"5518","5518.png","MedicalRoom_Lv8.png","Rooms","Room filename/design"
"7986","7986.png","MedicalRoom_Lv9.png","Rooms","Room filename/design"
"10131","10131.png","MediumHangar_destroyed.png","Rooms","Room filename/design"
"10467","10467.png","MediumHangar_ext.png","Rooms","Room filename/design"
"10128","10128.png","MediumHangar_lv1.png","Rooms","Room filename/design"
"10129","10129.png","MediumHangar_lv2.png","Rooms","Room filename/design"
"10130","10130.png","MediumHangar_lv3.png","Rooms","Room filename/design"
"10148","10148.png","Mineral room_Lv17_Animation.png","Rooms","Room filename/design"
"512","512.png","Mineral-room_lv1_animation.png","Rooms","Room filename/design"
"537","537.png","Mineral-room_lv10_animation.png","Rooms","Room filename/design"
"545","545.png","Mineral-room_lv11_animation.png","Rooms","Room filename/design"
"546","546.png","Mineral-room_lv12_animation.png","Rooms","Room filename/design"
"5633","5633.png","Mineral-room_lv13_animation.png","Rooms","Room filename/design"
"7981","7981.png","MineralRoom_Lv14.png","Rooms","Room filename/design"
"10146","10146.png","Mineral-room_lv15_Animation.png","Rooms","Room filename/design"
"10147","10147.png","Mineral-room_lv16_Animation.png","Rooms","Room filename/design"
"513","513.png","Mineral-room_lv2_animation.png","Rooms","Room filename/design"
"514","514.png","Mineral-room_lv3_animation.png","Rooms","Room filename/design"
"515","515.png","Mineral-room_lv4_animation.png","Rooms","Room filename/design"
"516","516.png","Mineral-room_lv5_animation.png","Rooms","Room filename/design"
"517","517.png","Mineral-room_lv6_animation.png","Rooms","Room filename/design"
"531","531.png","Mineral-room_lv7.png","Rooms","Room filename/design"
"529","529.png","Mineral-room_lv7_animation.png","Rooms","Room filename/design"
"532","532.png","Mineral-room_lv8_animation.png","Rooms","Room filename/design"
"534","534.png","Mineral-room_lv9_animation.png","Rooms","Room filename/design"
"5531","5531.png","MineralStorageRoom_lv14.png","Rooms","Room filename/design"
"4418","4418.png","MineralStorageRoom_lv15.png","Rooms","Room filename/design"
"10143","10143.png","Minigun_Lv10.png","Rooms","Room filename/design"
"5533","5533.png","Minigun_Lv8.png","Rooms","Room filename/design"
"8023","8023.png","Minigun_Lv9.png","Rooms","Room filename/design"
"6765","6765.png","MinimalLaserRoom_Skin.png","Rooms","Room filename/design"
"8588","8588.png","MiningRoom_EggExtractor.png","Rooms","Room filename/design"
"8289","8289.png","MiniNukeLauncher_destroyed.png","Rooms","Room filename/design"
"8283","8283.png","MiniNukeLauncher_lv1.png","Rooms","Room filename/design"
"10385","10385.png","MiniNukeLauncher_Lv2.png","Rooms","Room filename/design"
"10386","10386.png","MiniNukeLauncher_Lv3.png","Rooms","Room filename/design"
"10387","10387.png","MiniNukeLauncher_Lv4.png","Rooms","Room filename/design"
"10388","10388.png","MiniNukeLauncher_Lv5.png","Rooms","Room filename/design"
"366","366.png","Minneral-Storage_room_lv1.png","Rooms","Room filename/design"
"548","548.png","Minneral-Storage_room_lv10.png","Rooms","Room filename/design"
"549","549.png","Minneral-Storage_room_lv11.png","Rooms","Room filename/design"
"550","550.png","Minneral-Storage_room_lv12.png","Rooms","Room filename/design"
"1474","1474.png","Minneral-Storage_room_lv13.png","Rooms","Room filename/design"
"10149","10149.png","Minneral-Storage_room_lv16.png","Rooms","Room filename/design"
"367","367.png","Minneral-Storage_room_lv2.png","Rooms","Room filename/design"
"408","408.png","Minneral-Storage_room_lv3.png","Rooms","Room filename/design"
"409","409.png","Minneral-Storage_room_lv4.png","Rooms","Room filename/design"
"412","412.png","Minneral-Storage_room_lv5.png","Rooms","Room filename/design"
"413","413.png","Minneral-Storage_room_lv6.png","Rooms","Room filename/design"
"533","533.png","Minneral-Storage_room_lv7.png","Rooms","Room filename/design"
"538","538.png","Minneral-Storage_room_lv8.png","Rooms","Room filename/design"
"547","547.png","Minneral-Storage_room_lv9.png","Rooms","Room filename/design"
"1028","1028.png","Missile_Room_lv10.png","Rooms","Room filename/design"
"1029","1029.png","Missile_Room_lv11.png","Rooms","Room filename/design"
"1033","1033.png","Missile_Room_lv12.png","Rooms","Room filename/design"
"1375","1375.png","Missile_Room_lv13.png","Rooms","Room filename/design"
"1836","1836.png","Missile_Room_lv14.png","Rooms","Room filename/design"
"5607","5607.png","Missile_Room_lv15.png","Rooms","Room filename/design"
"10155","10155.png","Missile_Room_Lv17_animation.png","Rooms","Room filename/design"
"837","837.png","Missile_Room_lv7.png","Rooms","Room filename/design"
"838","838.png","Missile_Room_lv8.png","Rooms","Room filename/design"
"841","841.png","Missile_Room_lv9.png","Rooms","Room filename/design"
"5957","5957.png","Missile_Room_skin.png","Rooms","Room filename/design"
"5967","5967.png","Missile_Room_skin_Destroyed.png","Rooms","Room filename/design"
"8295","8295.png","MissilePod_destroyed.png","Rooms","Room filename/design"
"8294","8294.png","MissilePod_lv1.png","Rooms","Room filename/design"
"422","422.png","Missile-room_destoried.png","Rooms","Room filename/design"
"52","52.png","Missile-room_Lv1.png","Rooms","Room filename/design"
"7982","7982.png","MissileRoom_lv16.png","Rooms","Room filename/design"
"61","61.png","Missile-room_Lv2.png","Rooms","Room filename/design"
"518","518.png","Missile-room_Lv3.png","Rooms","Room filename/design"
"519","519.png","Missile-room_Lv4.png","Rooms","Room filename/design"
"520","520.png","Missile-room_Lv5.png","Rooms","Room filename/design"
"722","722.png","Missile-room_Lv6.png","Rooms","Room filename/design"
"7188","7188.png","MultiMissileRoom_Lv2.png","Rooms","Room filename/design"
"7189","7189.png","MultiMissileRoom_Lv3.png","Rooms","Room filename/design"
"7190","7190.png","MultiMissileRoom_Lv4.png","Rooms","Room filename/design"
"9579","9579.png","NeutronStareactor.png","Rooms","Room filename/design"
"9953","9953.png","NightmareDimentionRoomCard.png","Rooms","Room filename/design"
"6435","6435.png","NuclearEngineRoomSkin.png","Rooms","Room filename/design"
"1392","1392.png","Oven.png","Rooms","Room filename/design"
"699","699.png","Phaser_room_Lv1.png","Rooms","Room filename/design"
"700","700.png","Phaser_room_Lv2.png","Rooms","Room filename/design"
"701","701.png","Phaser_room_Lv3.png","Rooms","Room filename/design"
"702","702.png","Phaser_room_Lv4.png","Rooms","Room filename/design"
"711","711.png","Phaser_room_Lv5.png","Rooms","Room filename/design"
"800","800.png","Phaser_room_Lv6.png","Rooms","Room filename/design"
"801","801.png","Phaser_room_Lv7.png","Rooms","Room filename/design"
"817","817.png","Phaser_room_Lv8.png","Rooms","Room filename/design"
"1379","1379.png","Phaser_room_Lv9.png","Rooms","Room filename/design"
"3974","3974.png","PhotonDisruptor_Lv1_animation.png","Rooms","Room filename/design"
"3975","3975.png","PhotonDisruptor_Lv2_animation.png","Rooms","Room filename/design"
"3976","3976.png","PhotonDisruptor_Lv3_animation.png","Rooms","Room filename/design"
"3977","3977.png","PhotonDisruptor_Lv4_animation.png","Rooms","Room filename/design"
"3978","3978.png","PhotonDisruptor_Lv5_animation.png","Rooms","Room filename/design"
"5537","5537.png","PhotonDisruptor_Lv6.png","Rooms","Room filename/design"
"10170","10170.png","PhotonDisruptor_Lv8.png","Rooms","Room filename/design"
"4012","4012.png","PhotonDisruptorExterior.png","Rooms","Room filename/design"
"10169","10169.png","PhotonPhaser_Lv8.png","Rooms","Room filename/design"
"5535","5535.png","PhotonPhaser_Lv8_Animation.png","Rooms","Room filename/design"
"8021","8021.png","PhotonPhaser_Lv9.png","Rooms","Room filename/design"
"5521","5521.png","PlasmaDischarger_Lv10.png","Rooms","Room filename/design"
"7983","7983.png","PlasmaDischarger_Lv11.png","Rooms","Room filename/design"
"10156","10156.png","PlasmaDischarger_Lv12.png","Rooms","Room filename/design"
"7787","7787.png","PokerRoom.png","Rooms","Room filename/design"
"470","470.png","Power-room_destroyed.png","Rooms","Room filename/design"
"502","502.png","Power-room_Lv1_Animation.png","Rooms","Room filename/design"
"503","503.png","Power-room_Lv2_Animation.png","Rooms","Room filename/design"
"504","504.png","Power-room_Lv3_Animation.png","Rooms","Room filename/design"
"507","507.png","Power-room_Lv4_Animation.png","Rooms","Room filename/design"
"508","508.png","Power-room_Lv5_Animation.png","Rooms","Room filename/design"
"510","510.png","Power-room_Lv6_Animation.png","Rooms","Room filename/design"
"7633","7633.png","PrayerMatGym.png","Rooms","Room filename/design"
"9321","9321.png","PSCB-18_Room.png","Rooms","Room filename/design"
"9570","9570.png","PSCB-18_RoomCard.png","Rooms","Room filename/design"
"7112","7112.png","PSS-Bpass-S10-mining-gas-room-card.png","Rooms","Room filename/design"
"7105","7105.png","PSS-Bpass-S10-mining-gas-room-skin-animation.png","Rooms","Room filename/design"
"9300","9300.png","PSS-Bpass-S27-GoalPostsRoomCard.png","Rooms","Room filename/design"
"9326","9326.png","PSS-Bpass-S28-MissleRoom-action-spritesheet.png","Rooms","Room filename/design"
"9325","9325.png","PSS-Bpass-S28-MissleRoom-standard-spritesheet.png","Rooms","Room filename/design"
"3928","3928.png","RadarRoom_destroyed.png","Rooms","Room filename/design"
"6069","6069.png","RadarRoom_dove.png","Rooms","Room filename/design"
"1282","1282.png","RadarRoom_Lv1_Animation.png","Rooms","Room filename/design"
"3668","3668.png","RadarRoom_Lv2_Animation.png","Rooms","Room filename/design"
"3669","3669.png","RadarRoom_Lv3_Animation.png","Rooms","Room filename/design"
"3842","3842.png","RadarRoom_Lv4_Animation.png","Rooms","Room filename/design"
"3874","3874.png","RadarRoom_Lv5_Animation.png","Rooms","Room filename/design"
"3875","3875.png","RadarRoom_Lv6_Animation.png","Rooms","Room filename/design"
"7987","7987.png","RadarRoom_Lv7.png","Rooms","Room filename/design"
"10525","10525.png","RadarRoom_Lv7_idle.png","Rooms","Room filename/design"
"10157","10157.png","RadarRoom_Lv8_animationsheet.png","Rooms","Room filename/design"
"6086","6086.png","RadarRoom_tour_Hydra.png","Rooms","Room filename/design"
"5384","5384.png","Radience_beacon_room.png","Rooms","Room filename/design"
"3995","3995.png","RailGun_Lv1_Animation.png","Rooms","Room filename/design"
"3996","3996.png","RailGun_Lv2_Animation.png","Rooms","Room filename/design"
"3997","3997.png","RailGun_Lv3_Animation.png","Rooms","Room filename/design"
"3998","3998.png","RailGun_Lv4_Animation.png","Rooms","Room filename/design"
"3999","3999.png","RailGun_Lv5_Animation.png","Rooms","Room filename/design"
"5538","5538.png","RailGun_Lv6_Animation.png","Rooms","Room filename/design"
"10171","10171.png","RailGun_Lv7.png","Rooms","Room filename/design"
"10172","10172.png","RailGun_Lv8.png","Rooms","Room filename/design"
"4018","4018.png","RailGunAnimation.png","Rooms","Room filename/design"
"4001","4001.png","RailGunExterior.png","Rooms","Room filename/design"
"6645","6645.png","Reactor_Bp4_skin_animation.png","Rooms","Room filename/design"
"6261","6261.png","Reactor_dove_skin_animation.png","Rooms","Room filename/design"
"5516","5516.png","Reactor_Lv7Animation.png","Rooms","Room filename/design"
"6262","6262.png","Reactor_tour_skin_animation.png","Rooms","Room filename/design"
"10158","10158.png","Reactor-room_Lv8.png","Rooms","Room filename/design"
"452","452.png","Research-room_Lv1.png","Rooms","Room filename/design"
"1495","1495.png","Research-room_Lv10.png","Rooms","Room filename/design"
"5653","5653.png","Research-room_Lv11.png","Rooms","Room filename/design"
"453","453.png","Research-room_Lv2.png","Rooms","Room filename/design"
"454","454.png","Research-room_Lv3.png","Rooms","Room filename/design"
"780","780.png","Research-room_Lv4.png","Rooms","Room filename/design"
"781","781.png","Research-room_Lv5.png","Rooms","Room filename/design"
"973","973.png","Research-room_Lv6.png","Rooms","Room filename/design"
"974","974.png","Research-room_Lv7.png","Rooms","Room filename/design"
"975","975.png","Research-room_Lv8.png","Rooms","Room filename/design"
"1215","1215.png","Research-room_Lv9.png","Rooms","Room filename/design"
"713","713.png","Research-Room-character-research-icon.png","Rooms","Room filename/design"
"714","714.png","Research-Room-immunity-icon.png","Rooms","Room filename/design"
"712","712.png","Research-Room-Ship-scan-icon.png","Rooms","Room filename/design"
"10466","10466.png","RevivificationChamber_destroyed.png","Rooms","Room filename/design"
"10463","10463.png","RevivificationChamber_lv1.png","Rooms","Room filename/design"
"10464","10464.png","RevivificationChamber_lv2.png","Rooms","Room filename/design"
"10465","10465.png","RevivificationChamber_lv3.png","Rooms","Room filename/design"
"3240","3240.png","RoboticsBay_Lv1.png","Rooms","Room filename/design"
"5149","5149.png","RobProfile.png","Rooms","Room profile filename/design"
"10159","10159.png","Rocket Artillery Launcher_Lv5.png","Rooms","Room filename/design"
"446","446.png","rockMisson_Rooms.png","Rooms","Room filename/design"
"5075","5075.png","Room_Academy2x2.png","Rooms","Room filename/design"
"317","317.png","Room_Icon_ComputerRoom.png","Rooms","Room filename/design"
"5246","5246.png","room_invulnerability_Animation.png","Rooms","Room filename/design"
"5247","5247.png","room_invulnerability_Animation_asset.png","Rooms","Room filename/design"
"608","608.png","RoomBuildParticalsmall.png","Rooms","Room filename/design"
"7847","7847.png","RoomCard_Bp20.png","Rooms","Room filename/design"
"8008","8008.png","RoomCard_BP21.png","Rooms","Room filename/design"
"8126","8126.png","RoomCard_BP22.png","Rooms","Room filename/design"
"8274","8274.png","RoomCard_BP23.png","Rooms","Room filename/design"
"8589","8589.png","RoomCard_BP25.png","Rooms","Room filename/design"
"9524","9524.png","RoomCard_BP29.png","Rooms","Room filename/design"
"9612","9612.png","RoomCard_BP31.png","Rooms","Room filename/design"
"9888","9888.png","RoomCard_BP32.png","Rooms","Room filename/design"
"10445","10445.png","RoomCard_BP34.png","Rooms","Room filename/design"
"10581","10581.png","RoomCard_BP35.png","Rooms","Room filename/design"
"7665","7665.png","RoomCard_S18.png","Rooms","Room filename/design"
"336","336.png","room-highlight.png","Rooms","Room filename/design"
"5733","5733.png","room-highlight-hollow.png","Rooms","Room filename/design"
"779","779.png","room-icon-texture.png","Rooms","Room filename/design"
"54","54.png","roomStorageLevel1.png","Rooms","Room filename/design"
"64","64.png","roomStorageLevel2.png","Rooms","Room filename/design"
"130","130.png","roomTeleportLevel1.png","Rooms","Room filename/design"
"6935","6935.png","S9_Bpass_Androidroom_Snowmen.png","Rooms","Room filename/design"
"10526","10526.png","SearchlightRoom__10526.png","Rooms","Room filename/design"
"7359","7359.png","SearchlightRoom__7359.png","Rooms","Room filename/design"
"7366","7366.png","SearchlightRoomCard.png","Rooms","Room filename/design"
"8019","8019.png","SecurityGate_11.png","Rooms","Room filename/design"
"5984","5984.png","SecurityGate_Lv10.png","Rooms","Room filename/design"
"10160","10160.png","SecurityGate_Lv12.png","Rooms","Room filename/design"
"5520","5520.png","SecurityGate_Lv9.png","Rooms","Room filename/design"
"6115","6115.png","SeekerMissileRoom_Destroyed.png","Rooms","Room filename/design"
"10162","10162.png","ShieldBattery_Lv10.png","Rooms","Room filename/design"
"8031","8031.png","ShieldBattery_Lv9.png","Rooms","Room filename/design"
"4040","4040.png","ShieldBattery-room_destroyed.png","Rooms","Room filename/design"
"4028","4028.png","ShieldBattery-room_lv1.png","Rooms","Room filename/design"
"4029","4029.png","ShieldBattery-room_lv2.png","Rooms","Room filename/design"
"4030","4030.png","ShieldBattery-room_lv3.png","Rooms","Room filename/design"
"4031","4031.png","ShieldBattery-room_lv4.png","Rooms","Room filename/design"
"4032","4032.png","ShieldBattery-room_lv5.png","Rooms","Room filename/design"
"4033","4033.png","ShieldBattery-room_lv6.png","Rooms","Room filename/design"
"4048","4048.png","ShieldBattery-room_lv7.png","Rooms","Room filename/design"
"5515","5515.png","ShieldBattery-room_lv8.png","Rooms","Room filename/design"
"8103","8103.png","ShieldCapacitor_Destroyed.png","Rooms","Room filename/design"
"8041","8041.png","ShieldCapacitor_Lv1.png","Rooms","Room filename/design"
"8042","8042.png","ShieldCapacitor_Lv2.png","Rooms","Room filename/design"
"10163","10163.png","ShieldCapacitor_Lv3.png","Rooms","Room filename/design"
"7979","7979.png","ShieldGenerator_Lv16.png","Rooms","Room filename/design"
"8104","8104.png","ShieldOvercharger_Destroyed.png","Rooms","Room filename/design"
"8043","8043.png","ShieldOvercharger_Lv1.png","Rooms","Room filename/design"
"8044","8044.png","ShieldOvercharger_Lv2.png","Rooms","Room filename/design"
"10161","10161.png","ShieldOvercharger_Lv3.png","Rooms","Room filename/design"
"423","423.png","Shield-room_destoried.png","Rooms","Room filename/design"
"9482","9482.png","ShieldRoom_Gerbil.png","Rooms","Room filename/design"
"43","43.png","Shield-room_Lv1.png","Rooms","Room filename/design"
"4267","4267.png","Shield-room_Lv1_animation.png","Rooms","Room filename/design"
"1037","1037.png","Shield-room_Lv10.png","Rooms","Room filename/design"
"4299","4299.png","Shield-room_Lv10_animation.png","Rooms","Room filename/design"
"1038","1038.png","Shield-room_Lv11.png","Rooms","Room filename/design"
"4300","4300.png","Shield-room_Lv11_animation.png","Rooms","Room filename/design"
"1039","1039.png","Shield-room_Lv12.png","Rooms","Room filename/design"
"4301","4301.png","Shield-room_Lv12_animation.png","Rooms","Room filename/design"
"1837","1837.png","Shield-room_Lv13.png","Rooms","Room filename/design"
"4302","4302.png","Shield-room_Lv13_animation.png","Rooms","Room filename/design"
"1842","1842.png","Shield-room_Lv14.png","Rooms","Room filename/design"
"4303","4303.png","Shield-room_Lv14_animation.png","Rooms","Room filename/design"
"5534","5534.png","ShieldRoom_Lv15.png","Rooms","Room filename/design"
"10164","10164.png","ShieldRoom_Lv17_Animationsheet.png","Rooms","Room filename/design"
"63","63.png","Shield-room_Lv2.png","Rooms","Room filename/design"
"4268","4268.png","Shield-room_Lv2_animation.png","Rooms","Room filename/design"
"524","524.png","Shield-room_Lv3.png","Rooms","Room filename/design"
"4269","4269.png","Shield-room_Lv3_animation.png","Rooms","Room filename/design"
"704","704.png","Shield-room_Lv4.png","Rooms","Room filename/design"
"4270","4270.png","Shield-room_Lv4_animation.png","Rooms","Room filename/design"
"705","705.png","Shield-room_Lv5.png","Rooms","Room filename/design"
"4271","4271.png","Shield-room_Lv5_animation.png","Rooms","Room filename/design"
"813","813.png","Shield-room_Lv6.png","Rooms","Room filename/design"
"4272","4272.png","Shield-room_Lv6_animation.png","Rooms","Room filename/design"
"1016","1016.png","Shield-room_Lv7.png","Rooms","Room filename/design"
"4273","4273.png","Shield-room_Lv7_animation.png","Rooms","Room filename/design"
"1017","1017.png","Shield-room_Lv8.png","Rooms","Room filename/design"
"4274","4274.png","Shield-room_Lv8_animation.png","Rooms","Room filename/design"
"1036","1036.png","Shield-room_Lv9.png","Rooms","Room filename/design"
"4298","4298.png","Shield-room_Lv9_animation.png","Rooms","Room filename/design"
"8297","8297.png","ShipThrusters_destroyed.png","Rooms","Room filename/design"
"8296","8296.png","ShipThrusters_lv1.png","Rooms","Room filename/design"
"10132","10132.png","ShipThrusters_lv2.png","Rooms","Room filename/design"
"10133","10133.png","ShipThrusters_Lv3_animation.png","Rooms","Room filename/design"
"10134","10134.png","ShipThrusters_Lv4_animation.png","Rooms","Room filename/design"
"10135","10135.png","ShipThrusters_Lv5_animation.png","Rooms","Room filename/design"
"10136","10136.png","ShipThrusters_Lv6_animation.png","Rooms","Room filename/design"
"10137","10137.png","ShipThrusters_Lv7_animation.png","Rooms","Room filename/design"
"7208","7208.png","SingleMissileroom.png","Rooms","Room filename/design"
"7209","7209.png","SingleMissileroom_Destroyed.png","Rooms","Room filename/design"
"1403","1403.png","SmallComputer-room_lv1.png","Rooms","Room filename/design"
"7322","7322.png","SmallReactor_Hamster.png","Rooms","Room filename/design"
"7321","7321.png","SmallReactor_Reward.png","Rooms","Room filename/design"
"6928","6928.png","SnowmanRoomCard.png","Rooms","Room filename/design"
"1452","1452.png","SpecialGasroomAnimation.png","Rooms","Room filename/design"
"1450","1450.png","SpecialMiningRoom_Animation.png","Rooms","Room filename/design"
"10177","10177.png","SPL_Lv3.png","Rooms","Room filename/design"
"6884","6884.png","SportsBarRoomCard.png","Rooms","Room filename/design"
"3101","3101.png","StarbuckPrintingRoom_Lv1.png","Rooms","Room filename/design"
"3102","3102.png","StarbuckPrintingRoom_Lv2.png","Rooms","Room filename/design"
"3103","3103.png","StarbuckPrintingRoom_Lv3.png","Rooms","Room filename/design"
"3104","3104.png","StarbuckPrintingRoom_Lv4.png","Rooms","Room filename/design"
"3311","3311.png","StarPort_Lv1.png","Rooms","Room filename/design"
"3312","3312.png","StarPort_Lv2.png","Rooms","Room filename/design"
"3313","3313.png","StarPort_Lv3.png","Rooms","Room filename/design"
"3314","3314.png","StarPort_Lv4.png","Rooms","Room filename/design"
"10460","10460.png","StarScapeHangar.png","Rooms","Room filename/design"
"6717","6717.png","steampunk-bolter-room-animation.png","Rooms","Room filename/design"
"6746","6746.png","Steampunk-reactor-animation.png","Rooms","Room filename/design"
"1455","1455.png","Storageroom_Lv1.png","Rooms","Room filename/design"
"1457","1457.png","Storageroom_Lv2.png","Rooms","Room filename/design"
"1493","1493.png","Storageroom_Lv3.png","Rooms","Room filename/design"
"1501","1501.png","Storageroom_Lv4.png","Rooms","Room filename/design"
"1835","1835.png","Storageroom_Lv5.png","Rooms","Room filename/design"
"1852","1852.png","Storageroom_Lv6.png","Rooms","Room filename/design"
"1857","1857.png","Storageroom_Lv7.png","Rooms","Room filename/design"
"3352","3352.png","Storageroom_Lv8.png","Rooms","Room filename/design"
"3353","3353.png","Storageroom_Lv9.png","Rooms","Room filename/design"
"8024","8024.png","SuperLaser_Lv2.png","Rooms","Room filename/design"
"1757","1757.png","SuperMissileLauncherRoom_Lv1.png","Rooms","Room filename/design"
"1758","1758.png","SuperMissileLauncherRoom_Lv2.png","Rooms","Room filename/design"
"8290","8290.png","TacticalNukeLauncher_destroyed.png","Rooms","Room filename/design"
"8284","8284.png","TacticalNukeLauncher_lv1.png","Rooms","Room filename/design"
"10382","10382.png","TacticalNukeLauncher_Lv2.png","Rooms","Room filename/design"
"10383","10383.png","TacticalNukeLauncher_Lv3.png","Rooms","Room filename/design"
"10384","10384.png","TacticalNukeLauncher_Lv4.png","Rooms","Room filename/design"
"6938","6938.png","tech-eye-beacon-room.png","Rooms","Room filename/design"
"6939","6939.png","tech-eye-beacon-room-ext.png","Rooms","Room filename/design"
"199","199.png","TeleportAnimation_Arrived.png","Rooms","Room filename/design"
"198","198.png","TeleportAnimation_Sent.png","Rooms","Room filename/design"
"10120","10120.png","TeleportIndicatorGate_Lv3.png","Rooms","Room filename/design"
"8105","8105.png","TeleportInterdictorGate_Destroyed.png","Rooms","Room filename/design"
"8106","8106.png","TeleportRepulsionShield_Destroyed.png","Rooms","Room filename/design"
"8047","8047.png","TeleportRepulsionShield_Lv1.png","Rooms","Room filename/design"
"8048","8048.png","TeleportRepulsionShield_Lv2.png","Rooms","Room filename/design"
"10121","10121.png","TeleportRepulsionShield_Lv3_animation.png","Rooms","Room filename/design"
"8746","8746.png","TeleportRepulsor_Gerbil.png","Rooms","Room filename/design"
"8077","8077.png","TeleportRoom_Anubis.png","Rooms","Room filename/design"
"421","421.png","Teleport-room_destoried.png","Rooms","Room filename/design"
"5943","5943.png","Teleport-room_Lv1_animation.png","Rooms","Room filename/design"
"5513","5513.png","Teleport-room_Lv10.png","Rooms","Room filename/design"
"5952","5952.png","Teleport-room_Lv10_animation.png","Rooms","Room filename/design"
"10635","10635.png","TeleportRoom_Lv11_animationsheet.png","Rooms","Room filename/design"
"319","319.png","Teleport-room_Lv2.png","Rooms","Room filename/design"
"5944","5944.png","Teleport-room_Lv2_animation.png","Rooms","Room filename/design"
"320","320.png","Teleport-room_Lv3.png","Rooms","Room filename/design"
"5945","5945.png","Teleport-room_Lv3_animation.png","Rooms","Room filename/design"
"321","321.png","Teleport-room_Lv4.png","Rooms","Room filename/design"
"5946","5946.png","Teleport-room_Lv4_animation.png","Rooms","Room filename/design"
"322","322.png","Teleport-room_Lv5.png","Rooms","Room filename/design"
"5947","5947.png","Teleport-room_Lv5_animation.png","Rooms","Room filename/design"
"323","323.png","Teleport-room_Lv6.png","Rooms","Room filename/design"
"5948","5948.png","Teleport-room_Lv6_animation.png","Rooms","Room filename/design"
"814","814.png","Teleport-room_Lv7.png","Rooms","Room filename/design"
"5949","5949.png","Teleport-room_Lv7_animation.png","Rooms","Room filename/design"
"815","815.png","Teleport-room_Lv8.png","Rooms","Room filename/design"
"5950","5950.png","Teleport-room_Lv8_animation.png","Rooms","Room filename/design"
"3839","3839.png","Teleport-room_Lv9.png","Rooms","Room filename/design"
"5951","5951.png","Teleport-room_Lv9_animation.png","Rooms","Room filename/design"
"9945","9945.png","TeleportRoom_NighmareDimention.png","Rooms","Room filename/design"
"8079","8079.png","TeleportRoom_Portal_Active.png","Rooms","Room filename/design"
"8078","8078.png","TeleportRoom_Portal_Idle.png","Rooms","Room filename/design"
"3457","3457.png","TeslaRoom.png","Rooms","Room filename/design"
"3664","3664.png","toilet.png","Rooms","Room filename/design"
"8102","8102.png","TorpedoLauncher_Destroyed.png","Rooms","Room filename/design"
"8039","8039.png","TorpedoLauncher_Lv1.png","Rooms","Room filename/design"
"8040","8040.png","TorpedoLauncher_Lv2.png","Rooms","Room filename/design"
"10138","10138.png","TorpedoLauncher_Lv3_animation.png","Rooms","Room filename/design"
"6424","6424.png","tour-android-room.png","Rooms","Room filename/design"
"6961","6961.png","TourDove_CoinMiningRoom.png","Rooms","Room filename/design"
"7199","7199.png","tour-hydra-bedroom-ver2.png","Rooms","Room filename/design"
"6962","6962.png","TourReward_CoinMiningRoom.png","Rooms","Room filename/design"
"8299","8299.png","TractorBeamEmitter_destroyed.png","Rooms","Room filename/design"
"8298","8298.png","TractorBeamEmitter_lv1.png","Rooms","Room filename/design"
"10139","10139.png","TractorBeamEmitter_Lv2_animation.png","Rooms","Room filename/design"
"10140","10140.png","TractorBeamEmitter_Lv3_animation.png","Rooms","Room filename/design"
"1630","1630.png","TrapRoom_Lv1_Animation.png","Rooms","Room filename/design"
"1899","1899.png","TrapRoom_Lv4_Animation.png","Rooms","Room filename/design"
"6624","6624.png","TrashCompactorRoom.png","Rooms","Room filename/design"
"8291","8291.png","TurboLaser_destroyed.png","Rooms","Room filename/design"
"8285","8285.png","TurboLaser_lv1.png","Rooms","Room filename/design"
"10389","10389.png","TurboLaser_Lv2.png","Rooms","Room filename/design"
"10390","10390.png","TurboLaser_Lv3.png","Rooms","Room filename/design"
"10391","10391.png","TurboLaser_Lv4.png","Rooms","Room filename/design"
"10392","10392.png","TurboLaser_Lv5.png","Rooms","Room filename/design"
"3295","3295.png","Vault_Lv1.png","Rooms","Room filename/design"
"3296","3296.png","Vault_Lv2.png","Rooms","Room filename/design"
"3297","3297.png","Vault_Lv3.png","Rooms","Room filename/design"
"3298","3298.png","Vault_Lv4.png","Rooms","Room filename/design"
"3300","3300.png","Vault_Lv5.png","Rooms","Room filename/design"
"10141","10141.png","Warehouse Lv12.png","Rooms","Room filename/design"
"5539","5539.png","WarehouseRoom_Lv10.png","Rooms","Room filename/design"
"8017","8017.png","WarehouseRoom_Lv11.png","Rooms","Room filename/design"
"10053","10053.png","WarpHangar_Crafts.png","Rooms","Room filename/design"
"10112","10112.png","WarpHangar_destroyed.png","Rooms","Room filename/design"
"10468","10468.png","WarpHangar_ext.png","Rooms","Room filename/design"
"10050","10050.png","WarpHangar_lv1.png","Rooms","Room filename/design"
"10051","10051.png","WarpHangar_lv2.png","Rooms","Room filename/design"
"10052","10052.png","WarpHangar_lv3.png","Rooms","Room filename/design"
"7412","7412.png","WonderlandGalaxyGym.png","Rooms","Room filename/design"
"7414","7414.png","WonderlandGxyGymRoomCard.png","Rooms","Room filename/design"
"1442","1442.png","WorkShop_Lv1.png","Rooms","Room filename/design"
"3378","3378.png","WorkShop_Lv2.png","Rooms","Room filename/design"
"1499","1499.png","Xmas_room.png","Rooms","Room filename/design"
"3944","3944.png","ZakiDragonGymRoom.png","Rooms","Room filename/design"
"3946","3946.png","ZakiDragonGymRoom2.png","Rooms","Room filename/design"
"4241","4241.png","ZakiEDefenceRoom.png","Rooms","Room filename/design"
"4246","4246.png","ZakiEDefenceRoom_Destroyed.png","Rooms","Room filename/design"
"7885","7885.png","7474 Devastator_Lv13_Exterior.png","Ships","Official ShipDesign FileId"
"7887","7887.png","7474 Devastator_Lv13_Exterior_Type2.png","Ships","Official ShipDesign FileId"
"7886","7886.png","7474 Devastator_Lv13_Interior.png","Ships","Official ShipDesign FileId"
"7888","7888.png","7474 Devastator_Lv13_Interior_Type2.png","Ships","Official ShipDesign FileId"
"9964","9964.png","7474 Devastator_Lv14_EX_Exterior.png","Ships","Official ShipDesign FileId"
"9965","9965.png","7474 Devastator_Lv14_EX_Interior.png","Ships","Official ShipDesign FileId"
"9966","9966.png","7474 Devastator_Lv14_Exterior.png","Ships","Official ShipDesign FileId"
"9967","9967.png","7474 Devastator_Lv14_Interior.png","Ships","Official ShipDesign FileId"
"5581","5581.png","7474_Lv12_Type2.png","Ships","Official ShipDesign FileId"
"5582","5582.png","7474_Lv12_Type2_inside.png","Ships","Official ShipDesign FileId"
"1878","1878.png","AdsShip_Banner_0.png","Ships","Ship filename/design"
"5414","5414.png","AdsShip_Banner_0_RU.png","Ships","Ship filename/design"
"4152","4152.png","AdsShip_Banner_0_ZH.png","Ships","Ship filename/design"
"1863","1863.png","AdsShip_Banner_1.png","Ships","Ship filename/design"
"5415","5415.png","AdsShip_Banner_1_RU.png","Ships","Ship filename/design"
"4140","4140.png","AdsShip_Banner_1_ZH.png","Ships","Ship filename/design"
"1864","1864.png","AdsShip_Banner_2.png","Ships","Ship filename/design"
"5416","5416.png","AdsShip_Banner_2_RU.png","Ships","Ship filename/design"
"4141","4141.png","AdsShip_Banner_2_ZH.png","Ships","Ship filename/design"
"1866","1866.png","AdsShip_Banner_3.png","Ships","Ship filename/design"
"5417","5417.png","AdsShip_Banner_3_RU.png","Ships","Ship filename/design"
"4142","4142.png","AdsShip_Banner_3_ZH.png","Ships","Ship filename/design"
"4094","4094.png","AdvanceMiniUFO.png","Ships","Ship filename/design"
"683","683.png","Advertising-Ship.png","Ships","Ship filename/design"
"1862","1862.png","Advertising-Ship_new.png","Ships","Ship filename/design"
"4321","4321.png","Alien_Ship_inner_Lv5_New.png","Ships","Official ShipDesign FileId"
"45","45.png","Alien_Ship_Lv1.png","Ships","Official ShipDesign FileId"
"4373","4373.png","Alien_Ship_Lv10_inner_New.png","Ships","Official ShipDesign FileId"
"4377","4377.png","Alien_Ship_Lv10_inner_New_Extend.png","Ships","Official ShipDesign FileId"
"4372","4372.png","Alien_Ship_Lv10_New.png","Ships","Official ShipDesign FileId"
"4376","4376.png","Alien_Ship_Lv10_New_extend.png","Ships","Official ShipDesign FileId"
"4375","4375.png","Alien_Ship_Lv11_inner_New.png","Ships","Official ShipDesign FileId"
"4379","4379.png","Alien_Ship_Lv11_inner_New_Extend.png","Ships","Official ShipDesign FileId"
"4374","4374.png","Alien_Ship_Lv11_New.png","Ships","Official ShipDesign FileId"
"4378","4378.png","Alien_Ship_Lv11_New_extend.png","Ships","Official ShipDesign FileId"
"5454","5454.png","Alien_Ship_Lv12.png","Ships","Official ShipDesign FileId"
"5455","5455.png","Alien_Ship_Lv12_interior.png","Ships","Official ShipDesign FileId"
"5458","5458.png","Alien_Ship_Lv12_Type2.png","Ships","Official ShipDesign FileId"
"5459","5459.png","Alien_Ship_Lv12_Type2_interior.png","Ships","Official ShipDesign FileId"
"4320","4320.png","Alien_Ship_Lv5_New.png","Ships","Official ShipDesign FileId"
"4349","4349.png","Alien_Ship_Lv8_Inner_New.png","Ships","Official ShipDesign FileId"
"4348","4348.png","Alien_Ship_Lv8_New.png","Ships","Official ShipDesign FileId"
"4355","4355.png","Alien_Ship_Lv9_Inner_New__4355.png","Ships","Official ShipDesign FileId"
"4354","4354.png","Alien_Ship_Lv9_New__4354.png","Ships","Official ShipDesign FileId"
"133","133.png","AlienShipLaserGun_Lv1.png","Ships","Ship filename/design"
"464","464.png","AlienShipLaserGun_Lv1_Destoried.png","Ships","Ship filename/design"
"1051","1051.png","AlienShipLaserGun_Lv10-13.png","Ships","Ship filename/design"
"1041","1041.png","AlienShipLaserGun_Lv4-6.png","Ships","Ship filename/design"
"1046","1046.png","AlienShipLaserGun_Lv7-9.png","Ships","Ship filename/design"
"1062","1062.png","AlienShipMachineGun_Lv10-13.png","Ships","Ship filename/design"
"1057","1057.png","AlienShipMachineGun_Lv7-9.png","Ships","Ship filename/design"
"803","803.png","AlienShipMachineGunLv1-3.png","Ships","Ship filename/design"
"224","224.png","AlienShipMissileGun_Lv1.png","Ships","Ship filename/design"
"467","467.png","AlienShipMissileGun_Lv1_Destoried.png","Ships","Ship filename/design"
"1083","1083.png","AlienShipMissileGun_Lv10-12.png","Ships","Ship filename/design"
"9827","9827.png","Alpha Piscium Megalith_Lv14_EX_Exterior.png","Ships","Official ShipDesign FileId"
"9828","9828.png","Alpha Piscium Megalith_Lv14_EX_Interior.png","Ships","Official ShipDesign FileId"
"9829","9829.png","Alpha Piscium Megalith_Lv14_Exterior.png","Ships","Official ShipDesign FileId"
"9830","9830.png","Alpha Piscium Megalith_Lv14_Interior.png","Ships","Official ShipDesign FileId"
"7893","7893.png","Alpha_Piscium_Megalith_Lv13_Exterior.png","Ships","Official ShipDesign FileId"
"7895","7895.png","Alpha_Piscium_Megalith_Lv13_Exterior_Type2.png","Ships","Official ShipDesign FileId"
"7894","7894.png","Alpha_Piscium_Megalith_Lv13_Interior.png","Ships","Official ShipDesign FileId"
"7896","7896.png","Alpha_Piscium_Megalith_Lv13_Interior_Type2.png","Ships","Official ShipDesign FileId"
"6087","6087.png","Alpha-piscium-ext.png","Ships","Official ShipDesign FileId"
"6098","6098.png","Alpha-piscium-ext_t2.png","Ships","Official ShipDesign FileId"
"6095","6095.png","Alpha-piscium-int.png","Ships","Official ShipDesign FileId"
"6099","6099.png","Alpha-piscium-int_t2.png","Ships","Official ShipDesign FileId"
"3144","3144.png","Anti-Aircraft-Laser-Launcher-StarBase.png","Ships","Ship filename/design"
"3145","3145.png","Anti-Aircraft-Laser-Launcher-StarBase-destoried.png","Ships","Ship filename/design"
"981","981.png","Anti-Aircraft-Laser-Launcher-UFO.png","Ships","Ship filename/design"
"985","985.png","Anti-Aircraft-Laser-Launcher-UFO-destoried.png","Ships","Ship filename/design"
"3237","3237.png","Anti-Aircraft-Missile-Launcher-StarBase.png","Ships","Ship filename/design"
"3238","3238.png","Anti-Aircraft-Missile-Launcher-StarBase_Destoryed.png","Ships","Ship filename/design"
"980","980.png","Anti-Aircraft-Missile-Launcher-UFO.png","Ships","Ship filename/design"
"990","990.png","Anti-Aircraft-Missile-Launcher-UFO-destoried.png","Ships","Ship filename/design"
"7762","7762.png","Ardent_Lv13_Exterior_Type1.png","Ships","Official ShipDesign FileId"
"7764","7764.png","Ardent_Lv13_Exterior_Type2.png","Ships","Official ShipDesign FileId"
"7763","7763.png","Ardent_Lv13_Interior_Type1.png","Ships","Official ShipDesign FileId"
"7765","7765.png","Ardent_Lv13_Interior_Type2.png","Ships","Official ShipDesign FileId"
"9976","9976.png","Ardent_Lv14_EX_Exterior.png","Ships","Official ShipDesign FileId"
"9977","9977.png","Ardent_Lv14_EX_Interior.png","Ships","Official ShipDesign FileId"
"9978","9978.png","Ardent_Lv14_Exterior.png","Ships","Official ShipDesign FileId"
"9979","9979.png","Ardent_Lv14_Interior.png","Ships","Official ShipDesign FileId"
"5486","5486.png","ArdentProtector_Lv12.png","Ships","Official ShipDesign FileId"
"5487","5487.png","ArdentProtector_Lv12_interior.png","Ships","Official ShipDesign FileId"
"5488","5488.png","ArdentProtector_Lv12_Type2.png","Ships","Official ShipDesign FileId"
"5489","5489.png","ArdentProtector_Lv12_Type2_interior.png","Ships","Official ShipDesign FileId"
"1288","1288.png","Bank-Ship.png","Ships","Ship filename/design"
"7605","7605.png","BankShip_Carnival.png","Ships","Ship filename/design"
"7606","7606.png","BankShip_CNY.png","Ships","Ship filename/design"
"1578","1578.png","Bank-Ship_inside.png","Ships","Ship filename/design"
"7161","7161.png","BankShip_Mothersday.png","Ships","Ship filename/design"
"7136","7136.png","Bank-Ship-easter-ext.png","Ships","Ship filename/design"
"7137","7137.png","Bank-Ship-easter-int.png","Ships","Ship filename/design"
"7244","7244.png","Bank-Ship-Pink.png","Ships","Ship filename/design"
"7245","7245.png","Bank-Ship-Pink_int.png","Ships","Ship filename/design"
"9836","9836.png","BEBOP_lvl14_EX_Interior.png","Ships","Official ShipDesign FileId"
"9837","9837.png","BEBOP_lvl14_Interior.png","Ships","Official ShipDesign FileId"
"5723","5723.png","Bg_ShipGraveyard.png","Ships","Ship filename/design"
"6816","6816.png","blue-astroid.png","Ships","Official ShipDesign FileId"
"6817","6817.png","blue-astroid_int.png","Ships","Official ShipDesign FileId"
"83","83.png","blueRoomAsset.png","Ships","Official ShipDesign FileId"
"9299","9299.png","BombardierMissileShip.png","Ships","Official ShipDesign FileId"
"5570","5570.png","BWR_Lv12_interior_Type2.png","Ships","Official ShipDesign FileId"
"5569","5569.png","BWR_Lv12_Type2.png","Ships","Official ShipDesign FileId"
"7889","7889.png","BWR_Lv13_Exterior.png","Ships","Official ShipDesign FileId"
"7891","7891.png","BWR_Lv13_Exterior_Type2.png","Ships","Official ShipDesign FileId"
"7890","7890.png","BWR_Lv13_Interior.png","Ships","Official ShipDesign FileId"
"7892","7892.png","BWR_Lv13_Interior_Type2.png","Ships","Official ShipDesign FileId"
"9910","9910.png","BWR_Lv14_EX_Exterior.png","Ships","Official ShipDesign FileId"
"9912","9912.png","BWR_Lv14_EX_Interior.png","Ships","Official ShipDesign FileId"
"9911","9911.png","BWR_Lv14_Exterior.png","Ships","Official ShipDesign FileId"
"9913","9913.png","BWR_Lv14_Interior.png","Ships","Official ShipDesign FileId"
"5237","5237.png","Cargo_Lv10_new.png","Ships","Official ShipDesign FileId"
"5239","5239.png","Cargo_Lv10_new_extend.png","Ships","Official ShipDesign FileId"
"5238","5238.png","Cargo_Lv10_new_inside.png","Ships","Official ShipDesign FileId"
"5240","5240.png","Cargo_Lv10_new_inside_extend.png","Ships","Official ShipDesign FileId"
"5241","5241.png","Cargo_Lv11_New.png","Ships","Official ShipDesign FileId"
"5243","5243.png","Cargo_Lv11_new_extend.png","Ships","Official ShipDesign FileId"
"5242","5242.png","Cargo_Lv11_new_inside.png","Ships","Official ShipDesign FileId"
"5244","5244.png","Cargo_Lv11_new_inside_extend.png","Ships","Official ShipDesign FileId"
"1121","1121.png","Carrier_launch_Efx_animation.png","Ships","Ship filename/design"
"10428","10428.png","carriers-craft-Jet-3-firehawk.png","Ships","Ship filename/design"
"10429","10429.png","carriers-craft-Jet-4-EMP-Updated.png","Ships","Ship filename/design"
"10430","10430.png","carriers-craft-Jet-catapult-Updated.png","Ships","Ship filename/design"
"10431","10431.png","carriers-craft-Jet-interceptor-Updated.png","Ships","Ship filename/design"
"10432","10432.png","carriers-craft-Jet-stinger-Updated.png","Ships","Ship filename/design"
"1067","1067.png","carriers-Jet-1__1067.png","Ships","Ship filename/design"
"1068","1068.png","carriers-Jet-2__1068.png","Ships","Ship filename/design"
"1255","1255.png","carriers-Jet-3-firehawk.png","Ships","Ship filename/design"
"1583","1583.png","carriers-Jet-4_EMP.png","Ships","Ship filename/design"
"4027","4027.png","carriers-Jet-5_stinger.png","Ships","Ship filename/design"
"7878","7878.png","Celestial_Lance_Exterior_LV13_Type1.png","Ships","Official ShipDesign FileId"
"7897","7897.png","Celestial_Lance_Gold_Exterior_Lv13_Type1.png","Ships","Official ShipDesign FileId"
"7898","7898.png","Celestial_Lance_Gold_Interior_Lv13_Type1.png","Ships","Official ShipDesign FileId"
"7899","7899.png","Celestial_Lance_Gold_Interior_Lv13_Type2.png","Ships","Official ShipDesign FileId"
"7879","7879.png","Celestial_Lance_Interior_LV13_Type1.png","Ships","Official ShipDesign FileId"
"7880","7880.png","Celestial_Lance_Interior_LV13_Type2.png","Ships","Official ShipDesign FileId"
"9968","9968.png","CelestialLance_Lv14_EX_Exterior.png","Ships","Official ShipDesign FileId"
"9969","9969.png","CelestialLance_Lv14_EX_Interior.png","Ships","Official ShipDesign FileId"
"9970","9970.png","CelestialLance_Lv14_Exterior.png","Ships","Official ShipDesign FileId"
"9971","9971.png","CelestialLance_Lv14_Interior.png","Ships","Official ShipDesign FileId"
"6660","6660.png","Conjoint_ship_int_t2.png","Ships","Official ShipDesign FileId"
"6661","6661.png","Conjoint_ship_t2.png","Ships","Official ShipDesign FileId"
"7936","7936.png","ConjointFlagship_Lv13_Exterior.png","Ships","Official ShipDesign FileId"
"7938","7938.png","ConjointFlagship_Lv13_Exterior_Type2.png","Ships","Official ShipDesign FileId"
"7937","7937.png","ConjointFlagship_Lv13_Interior.png","Ships","Official ShipDesign FileId"
"7939","7939.png","ConjointFlagship_Lv13_Interior_Type2.png","Ships","Official ShipDesign FileId"
"9980","9980.png","ConjointFlagship_Lv14_EX_Exterior.png","Ships","Official ShipDesign FileId"
"9981","9981.png","ConjointFlagship_Lv14_EX_Interior.png","Ships","Official ShipDesign FileId"
"9982","9982.png","ConjointFlagship_Lv14_Exterior.png","Ships","Official ShipDesign FileId"
"9983","9983.png","ConjointFlagship_Lv14_Interior.png","Ships","Official ShipDesign FileId"
"9569","9569.png","CowboyBebop_Lv13_Exterior.png","Ships","Official ShipDesign FileId"
"9576","9576.png","CowboyBebop_Lv13_Interior_T1.png","Ships","Official ShipDesign FileId"
"9563","9563.png","CowboyBebop_Lv13_Interior_T2.png","Ships","Official ShipDesign FileId"
"3652","3652.png","Cube_Lv11.png","Ships","Official ShipDesign FileId"
"5354","5354.png","Cube_Lv11_inside_New.png","Ships","Official ShipDesign FileId"
"5355","5355.png","Cube_Lv11_inside_New_extend.png","Ships","Official ShipDesign FileId"
"5248","5248.png","CyberShip_Lv10.png","Ships","Official ShipDesign FileId"
"5250","5250.png","CyberShip_Lv10_extend.png","Ships","Official ShipDesign FileId"
"5249","5249.png","CyberShip_Lv10_interior.png","Ships","Official ShipDesign FileId"
"5251","5251.png","CyberShip_Lv10_interior_extend.png","Ships","Official ShipDesign FileId"
"5252","5252.png","CyberShip_Lv11.png","Ships","Official ShipDesign FileId"
"5254","5254.png","CyberShip_Lv11_extend.png","Ships","Official ShipDesign FileId"
"5253","5253.png","CyberShip_Lv11_interior.png","Ships","Official ShipDesign FileId"
"5255","5255.png","CyberShip_Lv11_interior_extend.png","Ships","Official ShipDesign FileId"
"5470","5470.png","CyberShip_Lv12_type2.png","Ships","Official ShipDesign FileId"
"5471","5471.png","CyberShip_Lv12_Type2_interior.png","Ships","Official ShipDesign FileId"
"7575","7575.png","Cybership_Lv13.png","Ships","Official ShipDesign FileId"
"7576","7576.png","Cybership_Lv13_Interior.png","Ships","Official ShipDesign FileId"
"7577","7577.png","Cybership_Lv13_Interior_Type2.png","Ships","Official ShipDesign FileId"
"9984","9984.png","Cybership_Lv14_EX_Exterior.png","Ships","Official ShipDesign FileId"
"9985","9985.png","Cybership_Lv14_EX_Interior.png","Ships","Official ShipDesign FileId"
"9986","9986.png","Cybership_Lv14_Exterior.png","Ships","Official ShipDesign FileId"
"9987","9987.png","Cybership_Lv14_Interior.png","Ships","Official ShipDesign FileId"
"84","84.png","darkRoomAsset.png","Ships","Official ShipDesign FileId"
"9588","9588.png","Defense Platform Ship_Lv10_Placeholder.png","Ships","Official ShipDesign FileId"
"9587","9587.png","Defense Platform Ship_Lv10_Placeholder_Interior.png","Ships","Official ShipDesign FileId"
"9582","9582.png","Defense Platform Ship_Miniship_sheet.png","Ships","Ship filename/design"
"5450","5450.png","Dish_Lv12.png","Ships","Official ShipDesign FileId"
"5451","5451.png","Dish_Lv12_interior.png","Ships","Official ShipDesign FileId"
"5452","5452.png","Dish_Lv12_type2.png","Ships","Official ShipDesign FileId"
"5453","5453.png","Dish_Lv12_type2_interior.png","Ships","Official ShipDesign FileId"
"7944","7944.png","DisherOfDestruction_Lv13_Exterior.png","Ships","Official ShipDesign FileId"
"7946","7946.png","DisherOfDestruction_Lv13_Exterior_Type2.png","Ships","Official ShipDesign FileId"
"7945","7945.png","DisherOfDestruction_Lv13_Interior.png","Ships","Official ShipDesign FileId"
"7947","7947.png","DisherOfDestruction_Lv13_Interior_Type2.png","Ships","Official ShipDesign FileId"
"10065","10065.png","DisherOfDestruction_Lv14_EX_Exterior.png","Ships","Official ShipDesign FileId"
"10066","10066.png","DisherOfDestruction_Lv14_EX_Interior.png","Ships","Official ShipDesign FileId"
"10067","10067.png","DisherOfDestruction_Lv14_Exterior.png","Ships","Official ShipDesign FileId"
"10068","10068.png","DisherOfDestruction_Lv14_Interior.png","Ships","Official ShipDesign FileId"
"7925","7925.png","DoomSphere_Lv12_Exterior.png","Ships","Official ShipDesign FileId"
"7927","7927.png","DoomSphere_Lv12_Interior_Type2.png","Ships","Official ShipDesign FileId"
"8071","8071.png","DoomSphere_Lv13_Exterior.png","Ships","Official ShipDesign FileId"
"8249","8249.png","DoomSphere_Lv13_Interior_Type1_New.png.png","Ships","Official ShipDesign FileId"
"8250","8250.png","DoomSphere_Lv13_Interior_Type2_New.png.png","Ships","Official ShipDesign FileId"
"9838","9838.png","Doomsphere_Lv14_EX_Exterior.png","Ships","Official ShipDesign FileId"
"9839","9839.png","Doomsphere_Lv14_EX_Interior.png","Ships","Official ShipDesign FileId"
"9840","9840.png","Doomsphere_Lv14_Exterior.png","Ships","Official ShipDesign FileId"
"9841","9841.png","Doomsphere_Lv14_Interior.png","Ships","Official ShipDesign FileId"
"5615","5615.png","DragonShip_lv10_new.png","Ships","Official ShipDesign FileId"
"5616","5616.png","DragonShip_lv10_new_interior.png","Ships","Official ShipDesign FileId"
"5617","5617.png","DragonShip_lv10_new_type2.png","Ships","Official ShipDesign FileId"
"5618","5618.png","DragonShip_lv10_new_type2_interior.png","Ships","Official ShipDesign FileId"
"5619","5619.png","DragonShip_lv11_new.png","Ships","Official ShipDesign FileId"
"5620","5620.png","DragonShip_lv11_new_interior.png","Ships","Official ShipDesign FileId"
"5621","5621.png","DragonShip_lv11_new_type2.png","Ships","Official ShipDesign FileId"
"5622","5622.png","DragonShip_lv11_new_type2_interior.png","Ships","Official ShipDesign FileId"
"5623","5623.png","DragonShip_lv12.png","Ships","Official ShipDesign FileId"
"5624","5624.png","DragonShip_lv12_interior.png","Ships","Official ShipDesign FileId"
"5625","5625.png","DragonShip_lv12_type2.png","Ships","Official ShipDesign FileId"
"5626","5626.png","DragonShip_lv12_type2_interior.png","Ships","Official ShipDesign FileId"
"9988","9988.png","DragonShip_lv14_EX_Exterior.png","Ships","Official ShipDesign FileId"
"9989","9989.png","DragonShip_lv14_EX_Interior.png","Ships","Official ShipDesign FileId"
"9990","9990.png","DragonShip_lv14_Exterior.png","Ships","Official ShipDesign FileId"
"9991","9991.png","DragonShip_lv14_Interior.png","Ships","Official ShipDesign FileId"
"7904","7904.png","DragonstarFlagship_Lv13_Exterior.png","Ships","Official ShipDesign FileId"
"7906","7906.png","DragonstarFlagship_Lv13_Exterior_Type2.png","Ships","Official ShipDesign FileId"
"7905","7905.png","DragonstarFlagship_Lv13_Interior.png","Ships","Official ShipDesign FileId"
"7907","7907.png","DragonstarFlagship_Lv13_Interior_Type2.png","Ships","Official ShipDesign FileId"
"9992","9992.png","Drakian Star Palace_Lv14_EX_Interior.png","Ships","Official ShipDesign FileId"
"9993","9993.png","Drakian Star Palace_Lv14_Exterior.png","Ships","Official ShipDesign FileId"
"9994","9994.png","Drakian Star Palace_Lv14_Interior.png","Ships","Official ShipDesign FileId"
"8074","8074.png","DrakianStarPalace_Lv13_Exterior.png","Ships","Official ShipDesign FileId"
"8075","8075.png","DrakianStarPalace_Lv13_Interior_Type1.png","Ships","Official ShipDesign FileId"
"8076","8076.png","DrakianStarPalace_Lv13_Interior_Type2.png","Ships","Official ShipDesign FileId"
"918","918.png","Dropship_inside.png","Ships","Ship filename/design"
"934","934.png","Dropship_inside_empty.png","Ships","Official ShipDesign FileId"
"917","917.png","Dropship_outside.png","Ships","Official ShipDesign FileId"
"919","919.png","DropshipBox.png","Ships","Ship filename/design"
"920","920.png","DropshipBoxOpen.png","Ships","Ship filename/design"
"5492","5492.png","Eclipse_Lv12_type2_exterior.png","Ships","Official ShipDesign FileId"
"5493","5493.png","Eclipse_Lv12_type2_interior.png","Ships","Official ShipDesign FileId"
"7745","7745.png","Eclipse_Lv13_Exterior_Type1.png","Ships","Official ShipDesign FileId"
"7747","7747.png","Eclipse_Lv13_Exterior_Type2.png","Ships","Official ShipDesign FileId"
"7746","7746.png","Eclipse_Lv13_Interior_Type1.png","Ships","Official ShipDesign FileId"
"7752","7752.png","Eclipse_Lv13_Interior_Type2.png","Ships","Official ShipDesign FileId"
"9995","9995.png","EclipseCopper_Lv14_EX_Exterior.png","Ships","Official ShipDesign FileId"
"9996","9996.png","EclipseCopper_Lv14_EX_Interior.png","Ships","Official ShipDesign FileId"
"10416","10416.png","EclipseRed_Lv14_EX_Exterior.png","Ships","Official ShipDesign FileId"
"10417","10417.png","EclipseRed_Lv14_EX_Interior.png","Ships","Official ShipDesign FileId"
"10418","10418.png","EclipseRed_Lv14_Exterior.png","Ships","Official ShipDesign FileId"
"10419","10419.png","EclipseRed_Lv14_Interior.png","Ships","Official ShipDesign FileId"
"9997","9997.png","EclipseZaki_Lv14_Exterior__9997.png","Ships","Official ShipDesign FileId"
"9998","9998.png","EclipseZaki_Lv14_Interior__9998.png","Ships","Official ShipDesign FileId"
"1615","1615.png","EggShip_Lv10.png","Ships","Official ShipDesign FileId"
"4291","4291.png","EggShip_Lv10_extend.png","Ships","Official ShipDesign FileId"
"1616","1616.png","EggShip_Lv10_inside.png","Ships","Official ShipDesign FileId"
"4292","4292.png","EggShip_Lv10_inside_extend.png","Ships","Official ShipDesign FileId"
"1619","1619.png","EggShip_Lv11.png","Ships","Official ShipDesign FileId"
"4261","4261.png","EggShip_Lv11_extend.png","Ships","Official ShipDesign FileId"
"1620","1620.png","EggShip_Lv11_inside.png","Ships","Official ShipDesign FileId"
"4263","4263.png","EggShip_Lv11_inside_extend.png","Ships","Official ShipDesign FileId"
"9999","9999.png","Empyrean dragon flagship_Lv14_EX_Exterior.png","Ships","Official ShipDesign FileId"
"10000","10000.png","Empyrean dragon flagship_Lv14_EX_Interior.png","Ships","Official ShipDesign FileId"
"10001","10001.png","Empyrean dragon flagship_Lv14_Exterior.png","Ships","Official ShipDesign FileId"
"10002","10002.png","Empyrean dragon flagship_Lv14_Interior.png","Ships","Official ShipDesign FileId"
"7195","7195.png","Empyrean_Dragon_ext_T2.png","Ships","Official ShipDesign FileId"
"7754","7754.png","Empyrean_Dragon_Flagship_Lv13_Exterior_Type1.png","Ships","Official ShipDesign FileId"
"7756","7756.png","Empyrean_Dragon_Flagship_Lv13_Exterior_Type2.png","Ships","Official ShipDesign FileId"
"7755","7755.png","Empyrean_Dragon_Flagship_Lv13_Interior_Type1.png","Ships","Official ShipDesign FileId"
"7757","7757.png","Empyrean_Dragon_Flagship_Lv13_Interior_Type2.png","Ships","Official ShipDesign FileId"
"7196","7196.png","Empyrean_Dragon_int_T2.png","Ships","Official ShipDesign FileId"
"946","946.png","External-Carrier-Alien.png","Ships","Ship filename/design"
"991","991.png","External-Carrier-Alien-destoried.png","Ships","Ship filename/design"
"945","945.png","External-Carrier-Fed.png","Ships","Ship filename/design"
"992","992.png","External-Carrier-Fed-destoried.png","Ships","Ship filename/design"
"947","947.png","External-Carrier-Pirate.png","Ships","Ship filename/design"
"993","993.png","External-Carrier-Pirate-destoried.png","Ships","Ship filename/design"
"1266","1266.png","External-Carrier-Red.png","Ships","Ship filename/design"
"1267","1267.png","External-Carrier-Red-destoried.png","Ships","Ship filename/design"
"3315","3315.png","External-Carrier-StarBase.png","Ships","Ship filename/design"
"3316","3316.png","External-Carrier-StarBase-destoried.png","Ships","Ship filename/design"
"982","982.png","External-Carrier-UFO.png","Ships","Ship filename/design"
"994","994.png","External-Carrier-UFO-destoried.png","Ships","Ship filename/design"
"5442","5442.png","Fed_Assault_lv12.png","Ships","Official ShipDesign FileId"
"5443","5443.png","Fed_Assault_lv12_interior.png","Ships","Official ShipDesign FileId"
"5444","5444.png","Fed_Assault_lv12_Type2.png","Ships","Official ShipDesign FileId"
"5445","5445.png","Fed_Assault_lv12_Type2_interior.png","Ships","Official ShipDesign FileId"
"1128","1128.png","Fed_Marin_Lv10.png","Ships","Official ShipDesign FileId"
"4287","4287.png","Fed_Marin_Lv10_extend.png","Ships","Official ShipDesign FileId"
"1129","1129.png","Fed_Marin_Lv10_inside.png","Ships","Official ShipDesign FileId"
"4293","4293.png","Fed_Marin_Lv10_inside_extend.png","Ships","Official ShipDesign FileId"
"1460","1460.png","Fed_Marin_Lv11.png","Ships","Official ShipDesign FileId"
"4288","4288.png","Fed_Marin_Lv11_extend.png","Ships","Official ShipDesign FileId"
"1461","1461.png","Fed_Marin_Lv11_inside.png","Ships","Official ShipDesign FileId"
"4294","4294.png","Fed_Marin_Lv11_inside_extend.png","Ships","Official ShipDesign FileId"
"11","11.png","Fed_Ship_Lv1.png","Ships","Official ShipDesign FileId"
"4364","4364.png","Fed_Ship_Lv10_extend_new.png","Ships","Official ShipDesign FileId"
"4365","4365.png","Fed_Ship_Lv10_inside_extend_new.png","Ships","Official ShipDesign FileId"
"4345","4345.png","Fed_Ship_Lv10_inside_new.png","Ships","Official ShipDesign FileId"
"4344","4344.png","Fed_Ship_Lv10_new.png","Ships","Official ShipDesign FileId"
"4366","4366.png","Fed_Ship_Lv11_extend_new.png","Ships","Official ShipDesign FileId"
"4367","4367.png","Fed_Ship_Lv11_inside_extend_new.png","Ships","Official ShipDesign FileId"
"4347","4347.png","Fed_Ship_Lv11_inside_new.png","Ships","Official ShipDesign FileId"
"4346","4346.png","Fed_Ship_Lv11_new.png","Ships","Official ShipDesign FileId"
"5393","5393.png","Fed_Ship_Lv12.png","Ships","Official ShipDesign FileId"
"5394","5394.png","Fed_Ship_Lv12_inside.png","Ships","Official ShipDesign FileId"
"5396","5396.png","Fed_Ship_Lv12_inside_Type2.png","Ships","Official ShipDesign FileId"
"5395","5395.png","Fed_Ship_Lv12_Type2.png","Ships","Official ShipDesign FileId"
"4313","4313.png","Fed_Ship_Lv6_inside_new.png","Ships","Official ShipDesign FileId"
"4312","4312.png","Fed_Ship_Lv6_new.png","Ships","Official ShipDesign FileId"
"4339","4339.png","Fed_Ship_Lv8_inside_new.png","Ships","Official ShipDesign FileId"
"4338","4338.png","Fed_Ship_Lv8_new.png","Ships","Official ShipDesign FileId"
"4341","4341.png","Fed_Ship_Lv9_inside_new.png","Ships","Official ShipDesign FileId"
"4340","4340.png","Fed_Ship_Lv9_new.png","Ships","Official ShipDesign FileId"
"7578","7578.png","FederationAssault_Lv13.png","Ships","Official ShipDesign FileId"
"7579","7579.png","FederationAssault_Lv13_Interior.png","Ships","Official ShipDesign FileId"
"7580","7580.png","FederationAssault_Lv13_Interior_Type2.png","Ships","Official ShipDesign FileId"
"10003","10003.png","FederationAssault_Lv14_EX_Exterior.png","Ships","Official ShipDesign FileId"
"10004","10004.png","FederationAssault_Lv14_EX_Interior.png","Ships","Official ShipDesign FileId"
"10005","10005.png","FederationAssault_Lv14_Exterior.png","Ships","Official ShipDesign FileId"
"10006","10006.png","FederationAssault_Lv14_Interior.png","Ships","Official ShipDesign FileId"
"7728","7728.png","FederationTitan_Exterior_Type2.png","Ships","Official ShipDesign FileId"
"7727","7727.png","FederationTitan_Interior.png","Ships","Official ShipDesign FileId"
"7729","7729.png","FederationTitan_Interior_Type2.png","Ships","Official ShipDesign FileId"
"10007","10007.png","FederationTitan_Lv14_EX_Exterior.png","Ships","Official ShipDesign FileId"
"10008","10008.png","FederationTitan_Lv14_EX_Interior.png","Ships","Official ShipDesign FileId"
"10009","10009.png","FederationTitan_Lv14_Exterior.png","Ships","Official ShipDesign FileId"
"10010","10010.png","FederationTitan_Lv14_Interior.png","Ships","Official ShipDesign FileId"
"134","134.png","FedShipLaserGun_Lv1.png","Ships","Ship filename/design"
"465","465.png","FedShipLaserGun_Lv1_Destoried.png","Ships","Ship filename/design"
"1052","1052.png","FedShipLaserGun_Lv10-13.png","Ships","Ship filename/design"
"1042","1042.png","FedShipLaserGun_Lv4-6.png","Ships","Ship filename/design"
"1047","1047.png","FedShipLaserGun_Lv7-9.png","Ships","Ship filename/design"
"1063","1063.png","FedShipMachineGun_Lv10-13.png","Ships","Ship filename/design"
"1058","1058.png","FedShipMachineGun_Lv7-9.png","Ships","Ship filename/design"
"804","804.png","FedShipMachineGunLv1-3.png","Ships","Ship filename/design"
"222","222.png","FedShipMissileGun_Lv1.png","Ships","Ship filename/design"
"468","468.png","FedShipMissileGun_Lv1_Destoried.png","Ships","Ship filename/design"
"1084","1084.png","FedShipMissileGun_Lv10-12.png","Ships","Ship filename/design"
"7881","7881.png","Fleetbreakers_Wrath_Exterior_Lv13.png","Ships","Official ShipDesign FileId"
"7883","7883.png","Fleetbreakers_Wrath_Exterior_Lv13_Type2.png","Ships","Official ShipDesign FileId"
"7882","7882.png","Fleetbreakers_Wrath_Interior_Lv13.png","Ships","Official ShipDesign FileId"
"7884","7884.png","Fleetbreakers_Wrath_Interior_Lv13_Type2.png","Ships","Official ShipDesign FileId"
"5955","5955.png","Fleetbreaker's-Wrath_exteior.png","Ships","Official ShipDesign FileId"
"5956","5956.png","Fleetbreaker's-Wrath_inteior.png","Ships","Official ShipDesign FileId"
"9823","9823.png","Fleetbreaker'sWrath_Lvl14_EX_Exterior.png","Ships","Official ShipDesign FileId"
"9824","9824.png","Fleetbreaker'sWrath_Lvl14_Exterior.png","Ships","Official ShipDesign FileId"
"9825","9825.png","Fleetbreaker'sWrath_Lvl14_Interior.png","Ships","Official ShipDesign FileId"
"9826","9826.png","Fleetbreaker'sWrath_Lvl14_Interior_Extended.png","Ships","Official ShipDesign FileId"
"6100","6100.png","FleetbreakerWrath_ext_t2.png","Ships","Official ShipDesign FileId"
"6101","6101.png","FleetbreakerWrath_int_t2.png","Ships","Official ShipDesign FileId"
"7928","7928.png","GalaxyArmada_Lv13_Exterior.png","Ships","Official ShipDesign FileId"
"7930","7930.png","GalaxyArmada_Lv13_Exterior_Type2.png","Ships","Official ShipDesign FileId"
"7929","7929.png","GalaxyArmada_Lv13_Interior.png","Ships","Official ShipDesign FileId"
"7931","7931.png","GalaxyArmada_Lv13_Interior_Type2.png","Ships","Official ShipDesign FileId"
"5510","5510.png","Gold_Ship_Lv12_Galaxy_Type2.png","Ships","Official ShipDesign FileId"
"5511","5511.png","Gold_Ship_Lv12_Galaxy_Type2_interior.png","Ships","Official ShipDesign FileId"
"10013","10013.png","Golden Armada Galaxy Flagship Lv14_EX_Exterior.png","Ships","Official ShipDesign FileId"
"10014","10014.png","Golden Armada Galaxy Flagship Lv14_EX_Interior.png","Ships","Official ShipDesign FileId"
"10011","10011.png","Golden Armada Galaxy Flagship Lv14_Exterior.png","Ships","Official ShipDesign FileId"
"10012","10012.png","Golden Armada Galaxy Flagship Lv14_Interior.png","Ships","Official ShipDesign FileId"
"10015","10015.png","Golden_Armada_Flagship_Lv14_EX_Exterior.png","Ships","Official ShipDesign FileId"
"10016","10016.png","Golden_Armada_Flagship_Lv14_EX_Interior.png","Ships","Official ShipDesign FileId"
"10017","10017.png","Golden_Armada_Flagship_Lv14_Exterior.png","Ships","Official ShipDesign FileId"
"10018","10018.png","Golden_Armada_Flagship_Lv14_Interior.png","Ships","Official ShipDesign FileId"
"5584","5584.png","Golden_Armada_Lv10.png","Ships","Official ShipDesign FileId"
"5585","5585.png","Golden_Armada_Lv10_Interior.png","Ships","Official ShipDesign FileId"
"5586","5586.png","Golden_Armada_Lv10_Type2.png","Ships","Official ShipDesign FileId"
"5587","5587.png","Golden_Armada_Lv10_Type2_interior.png","Ships","Official ShipDesign FileId"
"5588","5588.png","Golden_Armada_Lv11.png","Ships","Official ShipDesign FileId"
"5589","5589.png","Golden_Armada_Lv11_interior.png","Ships","Official ShipDesign FileId"
"5590","5590.png","Golden_Armada_Lv11_Type2.png","Ships","Official ShipDesign FileId"
"5591","5591.png","Golden_Armada_Lv11_Type2_interior.png","Ships","Official ShipDesign FileId"
"7912","7912.png","Golden_Armada_Lv13_Exterior.png","Ships","Official ShipDesign FileId"
"7914","7914.png","Golden_Armada_Lv13_Exterior_Type2.png","Ships","Official ShipDesign FileId"
"7913","7913.png","Golden_Armada_Lv13_Interior.png","Ships","Official ShipDesign FileId"
"7915","7915.png","Golden_Armada_Lv13_Interior_Type2.png","Ships","Official ShipDesign FileId"
"82","82.png","goldRoomAsset.png","Ships","Official ShipDesign FileId"
"7820","7820.png","Gray_Mothership_Lv10_Exterior_Type1_New.png","Ships","Ship filename/design"
"7821","7821.png","Gray_Mothership_Lv10_Interior_Type1_New.png","Ships","Ship filename/design"
"7823","7823.png","Gray_Mothership_Lv11_Exterior_Type1_New.png","Ships","Ship filename/design"
"7825","7825.png","Gray_Mothership_Lv11_Interior_Type2_New.png","Ships","Ship filename/design"
"7829","7829.png","Gray_Mothership_Lv13_Exterior_Type1_New.png","Ships","Ship filename/design"
"7830","7830.png","Gray_Mothership_Lv13_Interior_Type1_New.png","Ships","Ship filename/design"
"7831","7831.png","Gray_Mothership_Lv13_Interior_Type2_New.png","Ships","Ship filename/design"
"10019","10019.png","GrayMothership_Lv14_EX_Exterior.png","Ships","Official ShipDesign FileId"
"10020","10020.png","GrayMothership_Lv14_EX_Interior.png","Ships","Official ShipDesign FileId"
"10021","10021.png","GrayMothership_Lv14_Exterior.png","Ships","Official ShipDesign FileId"
"10022","10022.png","GrayMothership_Lv14_Interior.png","Ships","Official ShipDesign FileId"
"4646","4646.png","GreatYamaLv11.png","Ships","Official ShipDesign FileId"
"4648","4648.png","GreatYamaLv11_extend.png","Ships","Official ShipDesign FileId"
"4647","4647.png","GreatYamaLv11_inside.png","Ships","Official ShipDesign FileId"
"4649","4649.png","GreatYamaLv11_inside_extend.png","Ships","Official ShipDesign FileId"
"4653","4653.png","GreatYamaSpecial_Extend.png","Ships","Official ShipDesign FileId"
"4652","4652.png","GreatYamaSpecial_inside.png","Ships","Official ShipDesign FileId"
"4654","4654.png","GreatYamaSpecial_inside_Extend.png","Ships","Official ShipDesign FileId"
"4651","4651.png","GreatYamaZakiSpecial.png","Ships","Official ShipDesign FileId"
"6425","6425.png","GreenOozeShipSkin1.png","Ships","Ship filename/design"
"4049","4049.png","Green-Pie_Lv10_1_extend.png","Ships","Official ShipDesign FileId"
"4561","4561.png","Green-Pie_Lv10_inside_extend_new.png","Ships","Official ShipDesign FileId"
"4559","4559.png","Green-Pie_Lv10_inside_New.png","Ships","Official ShipDesign FileId"
"1458","1458.png","Green-Pie_Lv11.png","Ships","Official ShipDesign FileId"
"4051","4051.png","Green-Pie_Lv11_extend.png","Ships","Official ShipDesign FileId"
"4562","4562.png","Green-Pie_Lv11_inside_extend_new.png","Ships","Official ShipDesign FileId"
"4560","4560.png","Green-Pie_Lv11_inside_New.png","Ships","Official ShipDesign FileId"
"561","561.png","greenRoomAsset.png","Ships","Official ShipDesign FileId"
"10513","10513.png","Grey MothershipLv11_Updated_EX_Exterior.png","Ships","Official ShipDesign FileId"
"10514","10514.png","Grey MothershipLv11_Updated_EX_Interior.png","Ships","Official ShipDesign FileId"
"10515","10515.png","Grey MothershipLv11_Updated_Exterior.png","Ships","Official ShipDesign FileId"
"10516","10516.png","Grey MothershipLv11_UpdatedInterior.png","Ships","Official ShipDesign FileId"
"10517","10517.png","Grey MothershipLv12_Updated_EX_Exterior.png","Ships","Official ShipDesign FileId"
"10518","10518.png","Grey MothershipLv12_Updated_EX_Interior.png","Ships","Official ShipDesign FileId"
"10519","10519.png","Grey MothershipLv12_Updated_Exterior.png","Ships","Official ShipDesign FileId"
"10520","10520.png","Grey MothershipLv12_Updated_Interior.png","Ships","Official ShipDesign FileId"
"10521","10521.png","Grey MothershipLv13_Updated_EX_Exterior.png","Ships","Official ShipDesign FileId"
"10522","10522.png","Grey MothershipLv13_Updated_EX_Interior.png","Ships","Official ShipDesign FileId"
"10523","10523.png","Grey MothershipLv13_Updated_Exterior.png","Ships","Official ShipDesign FileId"
"10524","10524.png","Grey MothershipLv13_UpdatedInterior.png","Ships","Official ShipDesign FileId"
"10509","10509.png","Greyship_Lv10_Updated_EX_Exterior.png","Ships","Official ShipDesign FileId"
"10510","10510.png","Greyship_Lv10_Updated_EX_Interior.png","Ships","Official ShipDesign FileId"
"10511","10511.png","Greyship_Lv10_Updated_Exterior.png","Ships","Official ShipDesign FileId"
"10512","10512.png","Greyship_Lv10_Updated_Interior.png","Ships","Official ShipDesign FileId"
"10505","10505.png","Greyship_Lv9_Updated_Exterior.png","Ships","Official ShipDesign FileId"
"10506","10506.png","Greyship_Lv9_Updated_Interior.png","Ships","Official ShipDesign FileId"
"4461","4461.png","Halloween_Ship_Lv10_inside_extended_new.png","Ships","Official ShipDesign FileId"
"4460","4460.png","Halloween_Ship_Lv10_inside_new.png","Ships","Official ShipDesign FileId"
"4463","4463.png","Halloween_Ship_Lv11_inside_extended_new.png","Ships","Official ShipDesign FileId"
"4462","4462.png","Halloween_Ship_Lv11_inside_new.png","Ships","Official ShipDesign FileId"
"6416","6416.png","halloween-oracle-exterior-t1.png","Ships","Official ShipDesign FileId"
"6418","6418.png","halloween-oracle-exterior-t2.png","Ships","Official ShipDesign FileId"
"6417","6417.png","halloween-oracle-interior-t1.png","Ships","Official ShipDesign FileId"
"6419","6419.png","halloween-oracle-interior-t2.png","Ships","Official ShipDesign FileId"
"4221","4221.png","Holloween_Lv10_Extended.png","Ships","Official ShipDesign FileId"
"4223","4223.png","Holloween_Lv11_extended.png","Ships","Official ShipDesign FileId"
"1289","1289.png","Holloween_Ship_Lv10.png","Ships","Official ShipDesign FileId"
"1462","1462.png","Holloween_Ship_Lv11.png","Ships","Official ShipDesign FileId"
"4381","4381.png","Holloween_Ship_Lv11_evil.png","Ships","Official ShipDesign FileId"
"4382","4382.png","Holloween_Ship_Lv11_evil_inside.png","Ships","Official ShipDesign FileId"
"5858","5858.png","Hull_Reinforcement_type1.png","Ships","Ship filename/design"
"4172","4172.png","HullDamageAnimation.png","Ships","Ship filename/design"
"4173","4173.png","HullDamageCrack.png","Ships","Ship filename/design"
"10023","10023.png","Hydra2020_RewardShipSkin_EX_Exterior.png","Ships","Official ShipDesign FileId"
"10024","10024.png","Hydra2020_RewardShipSkin_EX_Interior.png","Ships","Official ShipDesign FileId"
"10025","10025.png","Hydra2020_RewardShipSkin_Exterior__10025.png","Ships","Official ShipDesign FileId"
"6160","6160.png","Hydra2020_RewardShipSkin_exterior_T2.png","Ships","Official ShipDesign FileId"
"10026","10026.png","Hydra2020_RewardShipSkin_Interior__10026.png","Ships","Official ShipDesign FileId"
"6161","6161.png","Hydra2020_RewardShipSkin_interior_T2.png","Ships","Official ShipDesign FileId"
"8093","8093.png","Hydra2020RewardShipSkin_lv13_exterior.png","Ships","Official ShipDesign FileId"
"8094","8094.png","Hydra2020RewardShipSkin_lv13_interior.png","Ships","Official ShipDesign FileId"
"8095","8095.png","Hydra2020RewardShipSkin_lv13_Type2_exterior.png","Ships","Official ShipDesign FileId"
"8096","8096.png","Hydra2020RewardShipSkin_lv13_Type2_interior.png","Ships","Official ShipDesign FileId"
"6885","6885.png","ks-ship-satellite.png","Ships","Official ShipDesign FileId"
"6886","6886.png","ks-ship-satellite-int.png","Ships","Official ShipDesign FileId"
"6936","6936.png","ks-ship-satellite-int-t2.png","Ships","Official ShipDesign FileId"
"3163","3163.png","LiftTrack_StarBase.png","Ships","Ship filename/design"
"6498","6498.png","Loading-scene-Default-Ship.png","Ships","Ship filename/design"
"9815","9815.png","Lost_Infected_Vessel_lvl14_EX_Exterior.png","Ships","Official ShipDesign FileId"
"9816","9816.png","Lost_Infected_Vessel_lvl14_EX_Interior.png","Ships","Official ShipDesign FileId"
"9817","9817.png","Lost_Infected_Vessel_lvl14_exterior.png","Ships","Official ShipDesign FileId"
"9818","9818.png","Lost_Infected_Vessel_lvl14_Interior.png","Ships","Official ShipDesign FileId"
"8097","8097.png","LostInfectedOracle_Lv13_Exterior.png","Ships","Official ShipDesign FileId"
"8099","8099.png","LostInfectedOracle_Lv13_Exterior_Type2.png","Ships","Official ShipDesign FileId"
"8098","8098.png","LostInfectedOracle_Lv13_Interior_Type1.png","Ships","Official ShipDesign FileId"
"8100","8100.png","LostInfectedOracle_Lv13_Interior_Type2.png","Ships","Official ShipDesign FileId"
"5610","5610.png","Lv12_Mini_Ships.png","Ships","Ship filename/design"
"3057","3057.png","Main_Icons.png","Ships","Official ShipDesign FileId"
"4525","4525.png","MaskyShip_Lv10_inside_new.png","Ships","Official ShipDesign FileId"
"6766","6766.png","MerchantMiniships.png","Ships","Ship filename/design"
"10035","10035.png","Milennium_Lv14_EX_Exterior.png","Ships","Official ShipDesign FileId"
"10036","10036.png","Milennium_Lv14_EX_Interior.png","Ships","Official ShipDesign FileId"
"10037","10037.png","Milennium_Lv14_Exterior.png","Ships","Official ShipDesign FileId"
"10038","10038.png","Milennium_Lv14_Interior.png","Ships","Official ShipDesign FileId"
"10039","10039.png","MilenniumGold_Lv14_EX_Exterior.png","Ships","Official ShipDesign FileId"
"10040","10040.png","MilenniumGold_Lv14_EX_Interior.png","Ships","Official ShipDesign FileId"
"10041","10041.png","MilenniumGold_Lv14_Exterior.png","Ships","Official ShipDesign FileId"
"10042","10042.png","MilenniumGold_Lv14_Interior.png","Ships","Official ShipDesign FileId"
"5085","5085.png","Millenium_Lv10_inside_extend.png","Ships","Official ShipDesign FileId"
"5086","5086.png","Millenium_Lv11_inside_Type2.png","Ships","Official ShipDesign FileId"
"5353","5353.png","MilleniumShip_inside_Lv11_New.png","Ships","Official ShipDesign FileId"
"5467","5467.png","MilleniumShip_inside_Lv12_Type2_interior.png","Ships","Official ShipDesign FileId"
"4393","4393.png","MilleniumShip_Lv10.png","Ships","Official ShipDesign FileId"
"5351","5351.png","MilleniumShip_Lv10_extend.png","Ships","Official ShipDesign FileId"
"4394","4394.png","MilleniumShip_Lv10_inside.png","Ships","Official ShipDesign FileId"
"4391","4391.png","MilleniumShip_Lv11.png","Ships","Official ShipDesign FileId"
"5352","5352.png","MilleniumShip_Lv11_extend.png","Ships","Official ShipDesign FileId"
"5466","5466.png","MilleniumShip_Lv12_Type2.png","Ships","Official ShipDesign FileId"
"7758","7758.png","Millennium_Two_Lv13_Exterior_Type1.png","Ships","Official ShipDesign FileId"
"7760","7760.png","Millennium_Two_Lv13_Exterior_Type2.png","Ships","Official ShipDesign FileId"
"7759","7759.png","Millennium_Two_Lv13_Interior_Type1.png","Ships","Official ShipDesign FileId"
"7761","7761.png","Millennium_Two_Lv13_Interior_Type2.png","Ships","Official ShipDesign FileId"
"7782","7782.png","MillenniumGold_Lv13_Exterior_Type1.png","Ships","Official ShipDesign FileId"
"7784","7784.png","MillenniumGold_Lv13_Exterior_Type2.png","Ships","Official ShipDesign FileId"
"7783","7783.png","MillenniumGold_Lv13_Interior_Type1.png","Ships","Official ShipDesign FileId"
"7785","7785.png","MillenniumGold_Lv13_Interior_Type2.png","Ships","Official ShipDesign FileId"
"6965","6965.png","mini-ks-ship-satellite.png","Ships","Ship filename/design"
"8051","8051.png","MinishipCelestialLance_Gold.png","Ships","Ship filename/design"
"8052","8052.png","MinishipCelestialLance_Silver.png","Ships","Ship filename/design"
"1144","1144.png","MiniShipFed.png","Ships","Ship filename/design"
"1146","1146.png","MiniShipPirate.png","Ships","Ship filename/design"
"1145","1145.png","MiniShipQaterrien.png","Ships","Ship filename/design"
"1241","1241.png","MiniShipUFO.png","Ships","Ship filename/design"
"1802","1802.png","MiniStarBase.png","Ships","Ship filename/design"
"3832","3832.png","MiniUFO.png","Ships","Ship filename/design"
"1406","1406.png","NewExtra_ship_mini.png","Ships","Ship filename/design"
"1537","1537.png","New-UI-Spritesheet.png","Ships","Official ShipDesign FileId"
"4295","4295.png","Oil-Tank.png","Ships","Official ShipDesign FileId"
"4296","4296.png","Oil-Tank_inside.png","Ships","Official ShipDesign FileId"
"5524","5524.png","Oracle_Lv12.png","Ships","Official ShipDesign FileId"
"5525","5525.png","Oracle_Lv12_interior.png","Ships","Official ShipDesign FileId"
"7940","7940.png","Oracle_Lv13_Exterior.png","Ships","Official ShipDesign FileId"
"7942","7942.png","Oracle_Lv13_Exterior_Type2.png","Ships","Official ShipDesign FileId"
"7941","7941.png","Oracle_Lv13_Interior.png","Ships","Official ShipDesign FileId"
"7943","7943.png","Oracle_Lv13_Interior_Type2.png","Ships","Official ShipDesign FileId"
"9811","9811.png","Oracle_Lv14_EX_Exterior__9811.png","Ships","Official ShipDesign FileId"
"9812","9812.png","Oracle_Lv14_EX_Interior__9812.png","Ships","Official ShipDesign FileId"
"9813","9813.png","Oracle_Lv14_Exterior__9813.png","Ships","Official ShipDesign FileId"
"9814","9814.png","Oracle_Lv14_Interior__9814.png","Ships","Official ShipDesign FileId"
"7739","7739.png","Oumaumau_Lv13_Exterior_Type1.png","Ships","Official ShipDesign FileId"
"7741","7741.png","Oumaumau_Lv13_Exterior_Type2.png","Ships","Official ShipDesign FileId"
"7740","7740.png","Oumaumau_Lv13_Interior_Type1.png","Ships","Official ShipDesign FileId"
"7742","7742.png","Oumaumau_Lv13_Interior_Type2.png","Ships","Official ShipDesign FileId"
"10027","10027.png","Oumaumau_lvl14_EX_exterior.png","Ships","Official ShipDesign FileId"
"10028","10028.png","Oumaumau_lvl14_EX_interior.png","Ships","Official ShipDesign FileId"
"10029","10029.png","Oumaumau_lvl14_exterior.png","Ships","Official ShipDesign FileId"
"10030","10030.png","Oumaumau_lvl14_interior.png","Ships","Official ShipDesign FileId"
"10627","10627.png","Oumuamua_infected.png","Ships","Official ShipDesign FileId"
"4533","4533.png","Oumuamua-Ship_lv10.png","Ships","Official ShipDesign FileId"
"4534","4534.png","Oumuamua-Ship_lv10_inside.png","Ships","Official ShipDesign FileId"
"5114","5114.png","Oumuamua-Ship_lv10_inside_type2.png","Ships","Official ShipDesign FileId"
"5112","5112.png","Oumuamua-Ship_lv10_type2_exterior.png","Ships","Official ShipDesign FileId"
"4535","4535.png","Oumuamua-Ship_lv11.png","Ships","Official ShipDesign FileId"
"4536","4536.png","Oumuamua-Ship_lv11_inside.png","Ships","Official ShipDesign FileId"
"5115","5115.png","Oumuamua-Ship_lv11_inside_type2.png","Ships","Official ShipDesign FileId"
"5113","5113.png","Oumuamua-Ship_lv11_type2_exterior.png","Ships","Official ShipDesign FileId"
"5551","5551.png","Oumuamua-Ship_lv12.png","Ships","Official ShipDesign FileId"
"5552","5552.png","Oumuamua-Ship_lv12_interior.png","Ships","Official ShipDesign FileId"
"5553","5553.png","Oumuamua-Ship_lv12_Type2.png","Ships","Official ShipDesign FileId"
"5554","5554.png","Oumuamua-Ship_lv12_Type2_nterior.png","Ships","Official ShipDesign FileId"
"3122","3122.png","PINKRabbit_Lv11.png","Ships","Official ShipDesign FileId"
"4247","4247.png","PINKRabbit_Lv11_extended.png","Ships","Official ShipDesign FileId"
"261","261.png","Pirate_Ship_Lv1.png","Ships","Official ShipDesign FileId"
"4368","4368.png","Pirate_Ship_Lv10_extend_new.png","Ships","Official ShipDesign FileId"
"4369","4369.png","Pirate_Ship_Lv10_inside_extend_new.png","Ships","Official ShipDesign FileId"
"4361","4361.png","Pirate_Ship_Lv10_inside_new.png","Ships","Official ShipDesign FileId"
"4360","4360.png","Pirate_Ship_Lv10_new.png","Ships","Official ShipDesign FileId"
"4370","4370.png","Pirate_Ship_Lv11_extend_new.png","Ships","Official ShipDesign FileId"
"4371","4371.png","Pirate_Ship_Lv11_inside_extend_new.png","Ships","Official ShipDesign FileId"
"4363","4363.png","Pirate_Ship_Lv11_inside_new.png","Ships","Official ShipDesign FileId"
"4362","4362.png","Pirate_Ship_Lv11_new.png","Ships","Official ShipDesign FileId"
"5397","5397.png","Pirate_Ship_Lv12.png","Ships","Official ShipDesign FileId"
"5398","5398.png","Pirate_Ship_Lv12_interior.png","Ships","Official ShipDesign FileId"
"5400","5400.png","Pirate_Ship_Lv12_interior_type2.png","Ships","Official ShipDesign FileId"
"5399","5399.png","Pirate_Ship_Lv12_type2.png","Ships","Official ShipDesign FileId"
"7482","7482.png","Pirate_Ship_Lv13.png","Ships","Official ShipDesign FileId"
"7483","7483.png","Pirate_Ship_Lv13_Interior.png","Ships","Official ShipDesign FileId"
"7484","7484.png","Pirate_Ship_Lv13_Interior_Type2.png","Ships","Official ShipDesign FileId"
"6","6.png","Pirate_Ship_Lv2.png","Ships","Ship filename/design"
"4327","4327.png","Pirate_Ship_Lv3_inside_new.png","Ships","Official ShipDesign FileId"
"4326","4326.png","Pirate_Ship_Lv3_new.png","Ships","Official ShipDesign FileId"
"4329","4329.png","Pirate_Ship_Lv4_inside_new.png","Ships","Official ShipDesign FileId"
"4328","4328.png","Pirate_Ship_Lv4_new.png","Ships","Official ShipDesign FileId"
"4353","4353.png","Pirate_Ship_Lv8_Inner_New.png","Ships","Official ShipDesign FileId"
"4352","4352.png","Pirate_Ship_Lv8_New.png","Ships","Official ShipDesign FileId"
"4357","4357.png","Pirate_Ship_Lv9_inside_new.png","Ships","Official ShipDesign FileId"
"4356","4356.png","Pirate_Ship_Lv9_new.png","Ships","Official ShipDesign FileId"
"135","135.png","PirateShipLaserGun_Lv1.png","Ships","Ship filename/design"
"463","463.png","PirateShipLaserGun_Lv1_Destoried.png","Ships","Ship filename/design"
"1053","1053.png","PirateShipLaserGun_Lv10-13.png","Ships","Ship filename/design"
"1043","1043.png","PirateShipLaserGun_Lv4-6.png","Ships","Ship filename/design"
"1048","1048.png","PirateShipLaserGun_Lv7-9.png","Ships","Ship filename/design"
"1064","1064.png","PirateShipMachineGun_Lv10-13.png","Ships","Ship filename/design"
"1059","1059.png","PirateShipMachineGun_Lv7-9.png","Ships","Ship filename/design"
"805","805.png","PirateShipMachineGunLv1-3.png","Ships","Ship filename/design"
"223","223.png","PirateShipMissileGun_Lv1.png","Ships","Ship filename/design"
"466","466.png","PirateShipMissileGun_Lv1_Destoried.png","Ships","Ship filename/design"
"1085","1085.png","PirateShipMissileGun_Lv10-12.png","Ships","Ship filename/design"
"10031","10031.png","PirateTitan_Lv14_EX_Exterior.png","Ships","Official ShipDesign FileId"
"10032","10032.png","PirateTitan_Lv14_EX_Interior.png","Ships","Official ShipDesign FileId"
"10033","10033.png","PirateTitan_Lv14_Exterior.png","Ships","Official ShipDesign FileId"
"10034","10034.png","PirateTitan_Lv14_Interior.png","Ships","Official ShipDesign FileId"
"4677","4677.png","PixelstarshipsCap.png","Ships","Ship filename/design"
"9557","9557.png","PSCB_Miniship.png","Ships","Ship filename/design"
"7651","7651.png","PSS-Bpass-S18-Shipskin-Chocolate.png","Ships","Ship filename/design"
"7652","7652.png","PSS-Bpass-S18-Shipskin-iocn-Chocolate.png","Ships","Ship filename/design"
"7770","7770.png","Qtarian_Hybrid_Lv13_Exterior_Type1.png","Ships","Official ShipDesign FileId"
"7772","7772.png","Qtarian_Hybrid_Lv13_Exterior_Type2.png","Ships","Official ShipDesign FileId"
"7771","7771.png","Qtarian_Hybrid_Lv13_Interior_Type1.png","Ships","Official ShipDesign FileId"
"7773","7773.png","Qtarian_Hybrid_Lv13_Interior_Type2.png","Ships","Official ShipDesign FileId"
"10043","10043.png","Qtarian_Hybrid_Lv14_EX_Exterior.png","Ships","Official ShipDesign FileId"
"10044","10044.png","Qtarian_Hybrid_Lv14_EX_Interior.png","Ships","Official ShipDesign FileId"
"10045","10045.png","Qtarian_Hybrid_Lv14_Exterior.png","Ships","Official ShipDesign FileId"
"10046","10046.png","Qtarian_Hybrid_Lv14_Interior.png","Ships","Official ShipDesign FileId"
"7766","7766.png","Qtarian_Titan_Lv13_Exterior_Type1.png","Ships","Official ShipDesign FileId"
"7768","7768.png","Qtarian_Titan_Lv13_Exterior_Type2.png","Ships","Official ShipDesign FileId"
"7767","7767.png","Qtarian_Titan_Lv13_Interior_Type1.png","Ships","Official ShipDesign FileId"
"7769","7769.png","Qtarian_Titan_Lv13_Interior_Type2.png","Ships","Official ShipDesign FileId"
"5476","5476.png","Qtarian-Hybrid_Lv10.png","Ships","Official ShipDesign FileId"
"5477","5477.png","Qtarian-Hybrid_Lv10_interior.png","Ships","Official ShipDesign FileId"
"5478","5478.png","QtarianHybrid_Lv10_Type2.png","Ships","Official ShipDesign FileId"
"5479","5479.png","QtarianHybrid_Lv10_Type2_interior.png","Ships","Official ShipDesign FileId"
"5480","5480.png","QtarianHybrid_Lv11.png","Ships","Official ShipDesign FileId"
"5481","5481.png","QtarianHybrid_Lv11_interior.png","Ships","Official ShipDesign FileId"
"5482","5482.png","QtarianHybrid_Lv11_Type2.png","Ships","Official ShipDesign FileId"
"5483","5483.png","QtarianHybrid_Lv11_Type2_interior.png","Ships","Official ShipDesign FileId"
"5446","5446.png","Qtarian-Hybrid_Lv12.png","Ships","Official ShipDesign FileId"
"5447","5447.png","Qtarian-Hybrid_Lv12_interior.png","Ships","Official ShipDesign FileId"
"10047","10047.png","QtarianTitan_Lv14_EX_Exterior.png","Ships","Official ShipDesign FileId"
"10048","10048.png","QtarianTitan_Lv14_EX_Interior.png","Ships","Official ShipDesign FileId"
"10049","10049.png","QtarianTitan_Lv14_Exterior.png","Ships","Official ShipDesign FileId"
"10054","10054.png","QtarianTitan_Lv14_Interior.png","Ships","Official ShipDesign FileId"
"1132","1132.png","RedJet_Lv10_.png","Ships","Official ShipDesign FileId"
"4220","4220.png","RedJet_Lv10_extend.png","Ships","Official ShipDesign FileId"
"4509","4509.png","RedJet_Lv10_extend_inside_new.png","Ships","Official ShipDesign FileId"
"4508","4508.png","RedJet_Lv10_inside_new.png","Ships","Official ShipDesign FileId"
"1453","1453.png","RedJet_Lv11.png","Ships","Official ShipDesign FileId"
"4236","4236.png","RedJet_Lv11_extend_1.png","Ships","Official ShipDesign FileId"
"4510","4510.png","RedJet_Lv11_inside_extend_new.png","Ships","Official ShipDesign FileId"
"4511","4511.png","RedJet_Lv11_inside_new.png","Ships","Official ShipDesign FileId"
"1302","1302.png","redRoomAsset.png","Ships","Official ShipDesign FileId"
"1065","1065.png","RedShipMachineGun_Lv10-13.png","Ships","Ship filename/design"
"1060","1060.png","RedShipMachineGun_Lv7-9.png","Ships","Ship filename/design"
"821","821.png","RedWormShipLaserGun_Lv1.png","Ships","Ship filename/design"
"822","822.png","RedWormShipLaserGun_Lv1_Destoried.png","Ships","Ship filename/design"
"1054","1054.png","RedWormShipLaserGun_Lv10-13.png","Ships","Ship filename/design"
"1045","1045.png","RedWormShipLaserGun_Lv4-6.png","Ships","Ship filename/design"
"1049","1049.png","RedWormShipLaserGun_Lv7-9.png","Ships","Ship filename/design"
"806","806.png","RedWormShipMachineGunLv1-3.png","Ships","Ship filename/design"
"605","605.png","RedWormShipMissileLanucher_Lv1.png","Ships","Ship filename/design"
"1390","1390.png","RedWormShipMissileLanucher_Lv10-12.png","Ships","Ship filename/design"
"1388","1388.png","RedWormShipMissileLanucher_Lv1-3.png","Ships","Ship filename/design"
"1389","1389.png","RedWormShipMissileLanucher_Lv7-9.png","Ships","Ship filename/design"
"6118","6118.png","Rocket_exterior.png","Ships","Official ShipDesign FileId"
"6119","6119.png","Rocket_interior_t1.png","Ships","Official ShipDesign FileId"
"7748","7748.png","Santa_Ship_Lv13_Exterior_Type1.png","Ships","Official ShipDesign FileId"
"7750","7750.png","Santa_Ship_Lv13_Exterior_Type2.png","Ships","Official ShipDesign FileId"
"7749","7749.png","Santa_Ship_Lv13_Interior_Type1.png","Ships","Official ShipDesign FileId"
"7751","7751.png","Santa_Ship_Lv13_Interior_Type2.png","Ships","Official ShipDesign FileId"
"10055","10055.png","Santa_Ship_Lv14_EX_Exterior.png","Ships","Official ShipDesign FileId"
"10056","10056.png","Santa_Ship_Lv14_EX_Interior.png","Ships","Official ShipDesign FileId"
"10057","10057.png","Santa_Ship_Lv14_Exterior.png","Ships","Official ShipDesign FileId"
"10058","10058.png","Santa_Ship_Lv14_Interior.png","Ships","Official ShipDesign FileId"
"1396","1396.png","SantaShip_Lv10.png","Ships","Official ShipDesign FileId"
"4262","4262.png","SantaShip_Lv10_extended.png","Ships","Official ShipDesign FileId"
"1397","1397.png","SantaShip_Lv10_inside.png","Ships","Official ShipDesign FileId"
"4264","4264.png","SantaShip_Lv10_inside_extended.png","Ships","Official ShipDesign FileId"
"1466","1466.png","Santa's-Ride_Lv11.png","Ships","Official ShipDesign FileId"
"4265","4265.png","Santa's-Ride_Lv11_extended.png","Ships","Official ShipDesign FileId"
"1467","1467.png","Santa's-Ride_Lv11_inside.png","Ships","Official ShipDesign FileId"
"4266","4266.png","Santa's-Ride_Lv11_inside_extended.png","Ships","Official ShipDesign FileId"
"5460","5460.png","Scavenger_Dreadnought_Lv12.png","Ships","Official ShipDesign FileId"
"5461","5461.png","Scavenger_Dreadnought_Lv12_interior.png","Ships","Official ShipDesign FileId"
"5462","5462.png","Scavenger_Dreadnought_Lv12-_Type2.png","Ships","Official ShipDesign FileId"
"5463","5463.png","Scavenger_Dreadnought_Lv12-_Type2_interior.png","Ships","Official ShipDesign FileId"
"7917","7917.png","Scavenger_Lv13_Exterior.png","Ships","Official ShipDesign FileId"
"7919","7919.png","Scavenger_Lv13_Exterior_Type2.png","Ships","Official ShipDesign FileId"
"7918","7918.png","Scavenger_Lv13_Interior.png","Ships","Official ShipDesign FileId"
"7920","7920.png","Scavenger_Lv13_Interior_Type2.png","Ships","Official ShipDesign FileId"
"8881","8881.png","Scavenger-Hulk_Lv13_Armored.png","Ships","Official ShipDesign FileId"
"9831","9831.png","ScavengerHulk_Lvl14_EX_Exterior.png","Ships","Official ShipDesign FileId"
"9834","9834.png","ScavengerHulk_Lvl14_EX_Interior.png","Ships","Official ShipDesign FileId"
"9833","9833.png","ScavengerHulk_Lvl14_Exterior.png","Ships","Official ShipDesign FileId"
"9835","9835.png","ScavengerHulk_Lvl14_Interior.png","Ships","Official ShipDesign FileId"
"9781","9781.png","ship_atk_icon.png","Ships","Ship filename/design"
"7192","7192.png","ship-badges.png","Ships","Ship filename/design"
"200","200.png","Ship-destory-Explosion.png","Ships","Ship filename/design"
"196","196.png","ShipLaserBeam_Lv1.png","Ships","Ship filename/design"
"195","195.png","ShipLaserFire_Lv1.png","Ships","Ship filename/design"
"602","602.png","ship-partical-animation.png","Ships","Ship filename/design"
"9276","9276.png","ShipThruster_Steampunk.png","Ships","Ship filename/design"
"9591","9591.png","ShipThrusters_Infected.png","Ships","Ship filename/design"
"4414","4414.png","Skull.png","Ships","Official ShipDesign FileId"
"4465","4465.png","Skull_inside.png","Ships","Official ShipDesign FileId"
"5573","5573.png","Star_Horizon_Lv12_Type2.png","Ships","Official ShipDesign FileId"
"5574","5574.png","Star_Horizon_Lv12_Type2_interior.png","Ships","Official ShipDesign FileId"
"3135","3135.png","StarBaseArmor.png","Ships","Ship filename/design"
"3141","3141.png","StarBaseLaserGun_Lv1_Destoried.png","Ships","Ship filename/design"
"3322","3322.png","StarBaseLaserGun_Lv10-13.png","Ships","Ship filename/design"
"3140","3140.png","StarBaseLaserGun_Lv1-3.png","Ships","Ship filename/design"
"3320","3320.png","StarBaseLaserGun_Lv4-6.png","Ships","Ship filename/design"
"3321","3321.png","StarBaseLaserGun_Lv7-9.png","Ships","Ship filename/design"
"3325","3325.png","StarBaseLaserGunLv10-13.png","Ships","Ship filename/design"
"7246","7246.png","Star-Base-lv1_ext_2023.png","Ships","Official ShipDesign FileId"
"7247","7247.png","Star-Base-lv1_int_2023_t1.png","Ships","Official ShipDesign FileId"
"7249","7249.png","Star-Base-lv2_ext_2023.png","Ships","Official ShipDesign FileId"
"7252","7252.png","Star-Base-lv3_ext_2023.png","Ships","Official ShipDesign FileId"
"7256","7256.png","Star-Base-lv4_ext_2023.png","Ships","Official ShipDesign FileId"
"7259","7259.png","Star-Base-lv5_ext_2023.png","Ships","Official ShipDesign FileId"
"7262","7262.png","Star-Base-lv6_ext_2023.png","Ships","Official ShipDesign FileId"
"7265","7265.png","Star-Base-lv7_ext_2023.png","Ships","Official ShipDesign FileId"
"7268","7268.png","Star-Base-lv8_ext_2023.png","Ships","Official ShipDesign FileId"
"7269","7269.png","Star-Base-lv8_int_2023_t1.png","Ships","Official ShipDesign FileId"
"7270","7270.png","Star-Base-lv8_int_2023_t2.png","Ships","Official ShipDesign FileId"
"3239","3239.png","StarBaseMachineGun_Lv1-3.png","Ships","Ship filename/design"
"3323","3323.png","StarBaseMachineGun_Lv4-6.png","Ships","Ship filename/design"
"3324","3324.png","StarBaseMachineGun_Lv7-9.png","Ships","Ship filename/design"
"3142","3142.png","StarBaseMissileGun_Lv1-3.png","Ships","Ship filename/design"
"3317","3317.png","StarBaseMissileGun_Lv4-6.png","Ships","Ship filename/design"
"3319","3319.png","StarBaseMissileGun_Lv7-9.png","Ships","Ship filename/design"
"3134","3134.png","StarBaseRoomAsset.png","Ships","Official ShipDesign FileId"
"7666","7666.png","StarHorizon_Lv13_Exterior.png","Ships","Official ShipDesign FileId"
"7668","7668.png","StarHorizon_Lv13_Exterior_Type2.png","Ships","Official ShipDesign FileId"
"7667","7667.png","StarHorizon_Lv13_Interior.png","Ships","Official ShipDesign FileId"
"7669","7669.png","StarHorizon_Lv13_Interior_Type2.png","Ships","Official ShipDesign FileId"
"10060","10060.png","StarHorizon_Lv14_EX_Exterior.png","Ships","Official ShipDesign FileId"
"10061","10061.png","StarHorizon_Lv14_EX_Interior.png","Ships","Official ShipDesign FileId"
"10062","10062.png","StarHorizon_Lv14_Interior.png","Ships","Official ShipDesign FileId"
"7908","7908.png","Starship_Lv13_Exterior.png","Ships","Official ShipDesign FileId"
"7910","7910.png","Starship_Lv13_Exterior_Type2.png","Ships","Official ShipDesign FileId"
"7909","7909.png","Starship_Lv13_Interior.png","Ships","Official ShipDesign FileId"
"7911","7911.png","Starship_Lv13_Interior_Type2.png","Ships","Official ShipDesign FileId"
"9932","9932.png","Starship_Lv14_EX_Exterior.png","Ships","Official ShipDesign FileId"
"9933","9933.png","Starship_Lv14_EX_Interior.png","Ships","Official ShipDesign FileId"
"9931","9931.png","Starship_Lv14_Exterior.png","Ships","Official ShipDesign FileId"
"9930","9930.png","Starship_Lv14_Interior.png","Ships","Official ShipDesign FileId"
"6138","6138.png","Starship-promotion.png","Ships","Ship filename/design"
"1627","1627.png","StarshipUniformBody_2.png","Ships","Ship filename/design"
"1484","1484.png","StarshipUniformBodyBlue.png","Ships","Ship filename/design"
"1628","1628.png","StarshipUniformBodyBlue_2.png","Ships","Ship filename/design"
"1485","1485.png","StarshipUniformBodyRed.png","Ships","Ship filename/design"
"1629","1629.png","StarshipUniformBodyRed_2.png","Ships","Ship filename/design"
"9972","9972.png","StormLance_Lv14_EX_Exterior.png","Ships","Official ShipDesign FileId"
"9973","9973.png","StormLance_Lv14_EX_Interior.png","Ships","Official ShipDesign FileId"
"9974","9974.png","StormLance_Lv14_Exterior.png","Ships","Official ShipDesign FileId"
"9975","9975.png","StormLance_Lv14_Interior.png","Ships","Official ShipDesign FileId"
"8522","8522.png","Summit_Starbreaker_Exterior.png","Ships","Official ShipDesign FileId"
"8523","8523.png","Summit_Starbreaker_Interior_T1.png","Ships","Official ShipDesign FileId"
"8524","8524.png","Summit_Starbreaker_Interior_T2.png","Ships","Official ShipDesign FileId"
"9842","9842.png","SummitStarbreaker_Lvl14_EX_Exterior.png","Ships","Official ShipDesign FileId"
"9843","9843.png","SummitStarbreaker_Lvl14_EX_Interior.png","Ships","Official ShipDesign FileId"
"9844","9844.png","SummitStarbreaker_Lvl14_Exterior.png","Ships","Official ShipDesign FileId"
"9845","9845.png","SummitStarbreaker_Lvl14_Interior.png","Ships","Official ShipDesign FileId"
"9819","9819.png","Super_Rock_Destroyer_Lvl14_EX_Exterior__9819.png","Ships","Official ShipDesign FileId"
"9820","9820.png","Super_Rock_Destroyer_Lvl14_EX_Interior__9820.png","Ships","Official ShipDesign FileId"
"9821","9821.png","Super_Rock_Destroyer_Lvl14_Exterior__9821.png","Ships","Official ShipDesign FileId"
"9822","9822.png","Super_Rock_Destroyer_Lvl14_Interior__9822.png","Ships","Official ShipDesign FileId"
"5843","5843.png","SuperRockDestroyer.png","Ships","Official ShipDesign FileId"
"5844","5844.png","SuperRockDestroyer_interior.png","Ships","Official ShipDesign FileId"
"7900","7900.png","SuperRockDestroyer_Lv13_Exterior.png","Ships","Official ShipDesign FileId"
"7901","7901.png","SuperRockDestroyer_Lv13_Interior.png","Ships","Official ShipDesign FileId"
"7902","7902.png","SuperRockDestroyer_Lv13_Type2_Exterior.png","Ships","Official ShipDesign FileId"
"7903","7903.png","SuperRockDestroyer_Lv13_Type2_Interior.png","Ships","Official ShipDesign FileId"
"6096","6096.png","SuperRockDestroyer_t2_ext.png","Ships","Official ShipDesign FileId"
"6097","6097.png","SuperRockDestroyer_t2_int.png","Ships","Official ShipDesign FileId"
"5144","5144.png","TurkeyShip_Lv10_Interior_new.png","Ships","Official ShipDesign FileId"
"5139","5139.png","TurkeyShip_Lv10_Interior_type2.png","Ships","Official ShipDesign FileId"
"5143","5143.png","TurkeyShip_Lv10_new.png","Ships","Official ShipDesign FileId"
"5140","5140.png","TurkeyShip_Lv10_type2.png","Ships","Official ShipDesign FileId"
"5146","5146.png","TurkeyShip_Lv11_interior_new.png","Ships","Official ShipDesign FileId"
"5141","5141.png","TurkeyShip_Lv11_Interior_type2.png","Ships","Official ShipDesign FileId"
"5145","5145.png","TurkeyShip_Lv11_new.png","Ships","Official ShipDesign FileId"
"5142","5142.png","TurkeyShip_Lv11_type2.png","Ships","Official ShipDesign FileId"
"5500","5500.png","TurkeyShip_Lv12.png","Ships","Official ShipDesign FileId"
"5501","5501.png","TurkeyShip_Lv12_interior.png","Ships","Official ShipDesign FileId"
"5502","5502.png","TurkeyShip_Lv12_type2.png","Ships","Official ShipDesign FileId"
"5503","5503.png","TurkeyShip_Lv12_type2_interior.png","Ships","Official ShipDesign FileId"
"7932","7932.png","TurkeyShip_Lv13_Exterior.png","Ships","Official ShipDesign FileId"
"7934","7934.png","TurkeyShip_Lv13_Exterior_Type2.png","Ships","Official ShipDesign FileId"
"7933","7933.png","TurkeyShip_Lv13_Interior.png","Ships","Official ShipDesign FileId"
"7935","7935.png","TurkeyShip_Lv13_Interior_Type2.png","Ships","Official ShipDesign FileId"
"10085","10085.png","TurkeyShip_Lv14_EX_Exterior__10085.png","Ships","Official ShipDesign FileId"
"10086","10086.png","TurkeyShip_Lv14_EX_Interior__10086.png","Ships","Official ShipDesign FileId"
"10087","10087.png","TurkeyShip_Lv14_Exterior__10087.png","Ships","Official ShipDesign FileId"
"10088","10088.png","TurkeyShip_Lv14_Interior__10088.png","Ships","Official ShipDesign FileId"
"617","617.png","UFO_Lv8.png","Ships","Ship filename/design"
"618","618.png","UFO_Lv8_inside.png","Ships","Ship filename/design"
"619","619.png","UFO_Lv9.png","Ships","Ship filename/design"
"620","620.png","UFO_Lv9_inside.png","Ships","Ship filename/design"
"1122","1122.png","UFO2_Lv10.png","Ships","Official ShipDesign FileId"
"873","873.png","UFOArmor.png","Ships","Ship filename/design"
"1087","1087.png","UFOMissileLanucher_Lv10-12.png","Ships","Ship filename/design"
"596","596.png","UFOMissileLauncher_Lv4-6.png","Ships","Ship filename/design"
"597","597.png","UFOShipLaserGun_Lv1.png","Ships","Ship filename/design"
"823","823.png","UFOShipLaserGun_Lv1_Destoried.png","Ships","Ship filename/design"
"1055","1055.png","UFOShipLaserGun_Lv10-13.png","Ships","Ship filename/design"
"1044","1044.png","UFOShipLaserGun_Lv4-6.png","Ships","Ship filename/design"
"1050","1050.png","UFOShipLaserGun_Lv7-9.png","Ships","Ship filename/design"
"1066","1066.png","UFOShipMachineGun_Lv10-13.png","Ships","Ship filename/design"
"1061","1061.png","UFOShipMachineGun_Lv7-9.png","Ships","Ship filename/design"
"807","807.png","UFOShipMachineGunLv1-3.png","Ships","Ship filename/design"
"5556","5556.png","Vindicator_Lv10_New.png","Ships","Official ShipDesign FileId"
"5557","5557.png","Vindicator_Lv10_New_interior.png","Ships","Official ShipDesign FileId"
"5558","5558.png","Vindicator_Lv10_New_Type2.png","Ships","Official ShipDesign FileId"
"5559","5559.png","Vindicator_Lv10_New_Type2_interior.png","Ships","Official ShipDesign FileId"
"5560","5560.png","Vindicator_Lv11_New.png","Ships","Official ShipDesign FileId"
"5561","5561.png","Vindicator_Lv11_New_interior.png","Ships","Official ShipDesign FileId"
"5562","5562.png","Vindicator_Lv11_New_Type2.png","Ships","Official ShipDesign FileId"
"5563","5563.png","Vindicator_Lv11_New_Type2_interior.png","Ships","Official ShipDesign FileId"
"9265","9265.png","Vindicator_Lv13_EMP.png","Ships","Official ShipDesign FileId"
"7921","7921.png","Vindicator_Lv13_Exterior.png","Ships","Official ShipDesign FileId"
"7923","7923.png","Vindicator_Lv13_Exterior_Type2.png","Ships","Official ShipDesign FileId"
"7922","7922.png","Vindicator_Lv13_Interior.png","Ships","Official ShipDesign FileId"
"7924","7924.png","Vindicator_Lv13_Interior_Type2.png","Ships","Official ShipDesign FileId"
"10069","10069.png","Vindicator_Lv14_EX_Exterior.png","Ships","Official ShipDesign FileId"
"10070","10070.png","Vindicator_Lv14_EX_Interior.png","Ships","Official ShipDesign FileId"
"10071","10071.png","Vindicator_Lv14_Exterior.png","Ships","Official ShipDesign FileId"
"10072","10072.png","Vindicator_Lv14_Interior.png","Ships","Official ShipDesign FileId"
"5540","5540.png","Visiri_Lv12.png","Ships","Official ShipDesign FileId"
"5541","5541.png","Visiri_Lv12_Interior.png","Ships","Official ShipDesign FileId"
"5542","5542.png","Visiri_Lv12_Type2.png","Ships","Official ShipDesign FileId"
"5543","5543.png","Visiri_Lv12_type2_Interior.png","Ships","Official ShipDesign FileId"
"6804","6804.png","Visiri-Emissary-miniship.png","Ships","Ship filename/design"
"7636","7636.png","VisiriHybrid_Lv13.png","Ships","Official ShipDesign FileId"
"7637","7637.png","VisiriHybrid_Lv13_Interior.png","Ships","Official ShipDesign FileId"
"7638","7638.png","VisiriHybrid_Lv13_Interior_Type2.png","Ships","Official ShipDesign FileId"
"10073","10073.png","VisiriHybrid_Lv14_EX_Exterior.png","Ships","Official ShipDesign FileId"
"10074","10074.png","VisiriHybrid_Lv14_EX_Interior.png","Ships","Official ShipDesign FileId"
"10075","10075.png","VisiriHybrid_Lv14_Exterior.png","Ships","Official ShipDesign FileId"
"10076","10076.png","VisiriHybrid_Lv14_Interior.png","Ships","Official ShipDesign FileId"
"3933","3933.png","WhiteMaskyShip_Lv10.png","Ships","Official ShipDesign FileId"
"4037","4037.png","WhiteMaskyShip_Lv10_extend.png","Ships","Official ShipDesign FileId"
"4526","4526.png","WhiteMaskyShip_Lv10_extend_new.png","Ships","Official ShipDesign FileId"
"3863","3863.png","WhiteMaskyShip_Lv11.png","Ships","Official ShipDesign FileId"
"4289","4289.png","WhiteMaskyShip_Lv11_extend.png","Ships","Official ShipDesign FileId"
"4528","4528.png","WhiteMaskyShip_Lv11_inside_extend_new.png","Ships","Official ShipDesign FileId"
"4527","4527.png","WhiteMaskyShip_Lv11_inside_new.png","Ships","Official ShipDesign FileId"
"4570","4570.png","WhiteRabbit_Lv11_extended_new.png","Ships","Official ShipDesign FileId"
"4569","4569.png","WhiteRabbit_Lv11_inside_new.png","Ships","Official ShipDesign FileId"
"790","790.png","wormAlien_Lv6.png","Ships","Official ShipDesign FileId"
"791","791.png","wormAlien_Lv6_inside.png","Ships","Official ShipDesign FileId"
"7974","7974.png","ZakiWarship_Exterior.png","Ships","Official ShipDesign FileId"
"7975","7975.png","ZakiWarship_Interior_Type1.png","Ships","Official ShipDesign FileId"
"7976","7976.png","ZakiWarship_Interior_Type2.png","Ships","Official ShipDesign FileId"
"6258","6258.png","2000stardate sticker.png","Stickers","Sticker/emote filename"
"6978","6978.png","2023-lunar-new-year-sticker.png","Stickers","Sticker/emote filename"
"6979","6979.png","2023-lunar-new-year-sticker-icon.png","Stickers","Sticker/emote filename"
"4613","4613.png","AlienSticker.png","Stickers","Sticker/emote filename"
"6144","6144.png","Alpha-piscium-sticker.png","Stickers","Sticker/emote filename"
"6858","6858.png","bp8_sticker.png","Stickers","Sticker/emote filename"
"6859","6859.png","bp8_sticker_icon.png","Stickers","Sticker/emote filename"
"3382","3382.png","CandyCaneSticker.png","Stickers","Sticker/emote filename"
"4011","4011.png","Character_fatigue_emoji.png","Stickers","Sticker/emote filename"
"6353","6353.png","crystal-sticker_1.png","Stickers","Sticker/emote filename"
"4971","4971.png","DarkCristalSticker_1.png","Stickers","Sticker/emote filename"
"7566","7566.png","Dec-tour-reward-sticker.png","Stickers","Sticker/emote filename"
"7563","7563.png","Dec-tour-summit-sticker.png","Stickers","Sticker/emote filename"
"3202","3202.png","DMHSticker.png","Stickers","Sticker/emote filename"
"3222","3222.png","Doge2Sticker.png","Stickers","Sticker/emote filename"
"3219","3219.png","DogeSticker.png","Stickers","Sticker/emote filename"
"6697","6697.png","DoveSticker.png","Stickers","Sticker/emote filename"
"6145","6145.png","EasterBunnySticker.png","Stickers","Sticker/emote filename"
"7788","7788.png","EightBallSticker.png","Stickers","Sticker/emote filename"
"4002","4002.png","EmojiHelmet.png","Stickers","Sticker/emote filename"
"4003","4003.png","EmotionSticker.png","Stickers","Sticker/emote filename"
"4873","4873.png","EmotionSticker2.png","Stickers","Sticker/emote filename"
"6152","6152.png","FleetbreakerWrath_sticker.png","Stickers","Sticker/emote filename"
"5061","5061.png","GreySticker.png","Stickers","Sticker/emote filename"
"5029","5029.png","HullDamageSticker.png","Stickers","Sticker/emote filename"
"6070","6070.png","KissMarkSticker.png","Stickers","Sticker/emote filename"
"6963","6963.png","ks-cat-sticker.png","Stickers","Sticker/emote filename"
"6964","6964.png","ks-cat-sticker-icon.png","Stickers","Sticker/emote filename"
"6725","6725.png","LoongSticker.png","Stickers","Sticker/emote filename"
"4389","4389.png","MillenniumStickers.png","Stickers","Sticker/emote filename"
"1772","1772.png","MissileSticker.png","Stickers","Sticker/emote filename"
"1774","1774.png","MissileSticker_2.png","Stickers","Sticker/emote filename"
"9900","9900.png","MotokoFaceSticker.png","Stickers","Sticker/emote filename"
"9902","9902.png","MotokoWithCableSticker.png","Stickers","Sticker/emote filename"
"7163","7163.png","MoutSticker.png","Stickers","Sticker/emote filename"
"7162","7162.png","NeonSticker.png","Stickers","Sticker/emote filename"
"6443","6443.png","OozeSticker.png","Stickers","Sticker/emote filename"
"5107","5107.png","PigBankSticker.png","Stickers","Sticker/emote filename"
"3218","3218.png","PillagingScourgeSticker.png","Stickers","Sticker/emote filename"
"5220","5220.png","PSS_sticker.png","Stickers","Sticker/emote filename"
"9539","9539.png","PSS-Bpass-S29-SkullSticker_icon.png","Stickers","Sticker/emote filename"
"9538","9538.png","PSS-Bpass-S29-SkullSticker_Profile.png","Stickers","Sticker/emote filename"
"4468","4468.png","PumpkinSticker.png","Stickers","Sticker/emote filename"
"7220","7220.png","RainbowFlagSticker.png","Stickers","Sticker/emote filename"
"3380","3380.png","ReindeerSticker.png","Stickers","Sticker/emote filename"
"9899","9899.png","SAC_2045Sticker.png","Stickers","Sticker/emote filename"
"9908","9908.png","SadHorseSticker.png","Stickers","Sticker/emote filename"
"3381","3381.png","SantaSticker.png","Stickers","Sticker/emote filename"
"4593","4593.png","SavysodaSticker.png","Stickers","Sticker/emote filename"
"9898","9898.png","Section9LogoSticker.png","Stickers","Sticker/emote filename"
"3379","3379.png","ShootingStarSticker.png","Stickers","Sticker/emote filename"
"1775","1775.png","SkullSticker.png","Stickers","Sticker/emote filename"
"6726","6726.png","SnakeSticker.png","Stickers","Sticker/emote filename"
"1771","1771.png","SoilderSticker.png","Stickers","Sticker/emote filename"
"7683","7683.png","Stardate3000Stickers.png","Stickers","Sticker/emote filename"
"1773","1773.png","StarSticker.png","Stickers","Sticker/emote filename"
"5032","5032.png","Sticker_Visiri.png","Stickers","Sticker/emote filename"
"6503","6503.png","Sticker-2022.png","Stickers","Sticker/emote filename"
"9903","9903.png","StickerIcon_GITS.png","Stickers","Sticker/emote filename"
"1834","1834.png","StickersIcon.png","Stickers","Sticker/emote filename"
"6150","6150.png","SuperRockDestroyer_sticker.png","Stickers","Sticker/emote filename"
"9901","9901.png","TachikomaSticker.png","Stickers","Sticker/emote filename"
"6576","6576.png","TigerSticker.png","Stickers","Sticker/emote filename"
"5381","5381.png","training-sticker.png","Stickers","Sticker/emote filename"
"5170","5170.png","TurkeySticker.png","Stickers","Sticker/emote filename"
"10420","10420.png","VengabirbSticker.png","Stickers","Sticker/emote filename"
"6625","6625.png","VictorySticker.png","Stickers","Sticker/emote filename"
"1779","1779.png","WW2StickerGirl.png","Stickers","Sticker/emote filename"
"8301","8301.png"," MiniNukeLauncher_ext.png","Unclassified","No confident design or filename match"
"10186","10186.png","10186.png","Unclassified","No confident design or filename match"
"10188","10188.png","10188.png","Unclassified","No confident design or filename match"
"10189","10189.png","10189.png","Unclassified","No confident design or filename match"
"10191","10191.png","10191.png","Unclassified","No confident design or filename match"
"10219","10219.png","10219.png","Unclassified","No confident design or filename match"
"10237","10237.png","10237.png","Unclassified","No confident design or filename match"
"10257","10257.png","10257.png","Unclassified","No confident design or filename match"
"10278","10278.png","10278.png","Unclassified","No confident design or filename match"
"10301","10301.png","10301.png","Unclassified","No confident design or filename match"
"10325","10325.png","10325.png","Unclassified","No confident design or filename match"
"10327","10327.png","10327.png","Unclassified","No confident design or filename match"
"10339","10339.png","10339.png","Unclassified","No confident design or filename match"
"10341","10341.png","10341.png","Unclassified","No confident design or filename match"
"10344","10344.png","10344.png","Unclassified","No confident design or filename match"
"10348","10348.png","10348.png","Unclassified","No confident design or filename match"
"10353","10353.png","10353.png","Unclassified","No confident design or filename match"
"10354","10354.png","10354.png","Unclassified","No confident design or filename match"
"10355","10355.png","10355.png","Unclassified","No confident design or filename match"
"10356","10356.png","10356.png","Unclassified","No confident design or filename match"
"10357","10357.png","10357.png","Unclassified","No confident design or filename match"
"10358","10358.png","10358.png","Unclassified","No confident design or filename match"
"10359","10359.png","10359.png","Unclassified","No confident design or filename match"
"10360","10360.png","10360.png","Unclassified","No confident design or filename match"
"10361","10361.png","10361.png","Unclassified","No confident design or filename match"
"10362","10362.png","10362.png","Unclassified","No confident design or filename match"
"10364","10364.png","10364.png","Unclassified","No confident design or filename match"
"10365","10365.png","10365.png","Unclassified","No confident design or filename match"
"10366","10366.png","10366.png","Unclassified","No confident design or filename match"
"10367","10367.png","10367.png","Unclassified","No confident design or filename match"
"10369","10369.png","10369.png","Unclassified","No confident design or filename match"
"10372","10372.png","10372.png","Unclassified","No confident design or filename match"
"10402","10402.png","10402.png","Unclassified","No confident design or filename match"
"10406","10406.png","10406.png","Unclassified","No confident design or filename match"
"10410","10410.png","10410.png","Unclassified","No confident design or filename match"
"10415","10415.png","10415.png","Unclassified","No confident design or filename match"
"3347","3347.png","13thMr.png","Unclassified","No confident design or filename match"
"5043","5043.png","2019ChsValentinesBankPromo.png","Unclassified","No confident design or filename match"
"5121","5121.png","2019HalloweenPromo.png","Unclassified","No confident design or filename match"
"5079","5079.png","2019MidAutumnBankPromo.png","Unclassified","No confident design or filename match"
"5019","5019.png","2019SummerBankPromo.png","Unclassified","No confident design or filename match"
"5324","5324.png","2020_Amethyst_AccessaryTank.png","Unclassified","No confident design or filename match"
"5322","5322.png","2020_Class_A_AccessaryTank.png","Unclassified","No confident design or filename match"
"5344","5344.png","2020_Class_A_AccessaryTank_MkII.png","Unclassified","No confident design or filename match"
"5345","5345.png","2020_Class_A_AccessaryTank_MkIII.png","Unclassified","No confident design or filename match"
"5321","5321.png","2020_Class_B_AccessaryTank.png","Unclassified","No confident design or filename match"
"5342","5342.png","2020_Class_B_AccessaryTank_MkII.png","Unclassified","No confident design or filename match"
"5343","5343.png","2020_Class_B_AccessaryTank_MkIII.png","Unclassified","No confident design or filename match"
"5320","5320.png","2020_Class_C_AccessaryTank.png","Unclassified","No confident design or filename match"
"5341","5341.png","2020_Class_C_AccessaryTank_MkII.png","Unclassified","No confident design or filename match"
"5319","5319.png","2020_Class_D_AccessaryTank.png","Unclassified","No confident design or filename match"
"5346","5346.png","2020_Class_S_AccessaryTank_MkII.png","Unclassified","No confident design or filename match"
"5347","5347.png","2020_Class_S_AccessaryTank_MkIII.png","Unclassified","No confident design or filename match"
"5323","5323.png","2020_Diamond_AccessaryTank.png","Unclassified","No confident design or filename match"
"5660","5660.png","2020MarReward_Medbay_alterLv8.png","Unclassified","No confident design or filename match"
"5420","5420.png","2020MarReward_Medbay_Destroyed.png","Unclassified","No confident design or filename match"
"5661","5661.png","2020MarReward_Medbay_Lv8.png","Unclassified","No confident design or filename match"
"6056","6056.png","2021_Amethyst_AccessaryDrone.png","Unclassified","No confident design or filename match"
"6050","6050.png","2021_Class_A_AccessaryDrone_MKI.png","Unclassified","No confident design or filename match"
"6051","6051.png","2021_Class_A_AccessaryDrone_MKII.png","Unclassified","No confident design or filename match"
"6052","6052.png","2021_Class_A_AccessaryDrone_MKIII.png","Unclassified","No confident design or filename match"
"6047","6047.png","2021_Class_B_AccessaryDrone_MKI.png","Unclassified","No confident design or filename match"
"6048","6048.png","2021_Class_B_AccessaryDrone_MKII.png","Unclassified","No confident design or filename match"
"6049","6049.png","2021_Class_B_AccessaryDrone_MKIII.png","Unclassified","No confident design or filename match"
"6045","6045.png","2021_Class_C_AccessaryDrone_MKI.png","Unclassified","No confident design or filename match"
"6046","6046.png","2021_Class_C_AccessaryDrone_MKII.png","Unclassified","No confident design or filename match"
"6044","6044.png","2021_Class_D_AccessaryDrone.png","Unclassified","No confident design or filename match"
"6053","6053.png","2021_Class_S_AccessaryDrone_MKI.png","Unclassified","No confident design or filename match"
"6054","6054.png","2021_Class_S_AccessaryDrone_MKII.png","Unclassified","No confident design or filename match"
"6055","6055.png","2021_Class_S_AccessaryDrone_MKIII.png","Unclassified","No confident design or filename match"
"6691","6691.png","2021_reward_shield_animation.png","Unclassified","No confident design or filename match"
"6057","6057.png","2021_Special_SpaceMarine_AccessaryDrone_.png","Unclassified","No confident design or filename match"
"7017","7017.png","2023-tour-amethyst-chest.png","Unclassified","No confident design or filename match"
"6999","6999.png","2023-tour-class-a-chest-lv1.png","Unclassified","No confident design or filename match"
"7002","7002.png","2023-tour-class-a-chest-lv2.png","Unclassified","No confident design or filename match"
"7005","7005.png","2023-tour-class-a-chest-lv3.png","Unclassified","No confident design or filename match"
"6990","6990.png","2023-tour-class-b-chest-lv1.png","Unclassified","No confident design or filename match"
"6993","6993.png","2023-tour-class-b-chest-lv2.png","Unclassified","No confident design or filename match"
"6996","6996.png","2023-tour-class-b-chest-lv3.png","Unclassified","No confident design or filename match"
"6984","6984.png","2023-tour-class-c-chest-lv1.png","Unclassified","No confident design or filename match"
"6987","6987.png","2023-tour-class-c-chest-lv2.png","Unclassified","No confident design or filename match"
"6981","6981.png","2023-tour-class-d-chest-lv1.png","Unclassified","No confident design or filename match"
"7008","7008.png","2023-tour-class-s-chest-lv1.png","Unclassified","No confident design or filename match"
"7011","7011.png","2023-tour-class-s-chest-lv2.png","Unclassified","No confident design or filename match"
"7014","7014.png","2023-tour-class-s-chest-lv3.png","Unclassified","No confident design or filename match"
"7069","7069.png","2023-tour-gear-chest-a.png","Unclassified","No confident design or filename match"
"7079","7079.png","2023-tour-gear-chest-Amethyst.png","Unclassified","No confident design or filename match"
"7064","7064.png","2023-tour-gear-chest-b.png","Unclassified","No confident design or filename match"
"7059","7059.png","2023-tour-gear-chest-c.png","Unclassified","No confident design or filename match"
"7054","7054.png","2023-tour-gear-chest-d.png","Unclassified","No confident design or filename match"
"7074","7074.png","2023-tour-gear-chest-s.png","Unclassified","No confident design or filename match"
"7084","7084.png","2023-tour-gear-chest-Special.png","Unclassified","No confident design or filename match"
"7020","7020.png","2023-tour-special-chest.png","Unclassified","No confident design or filename match"
"7489","7489.png","2024-tour-amethyst-chest.png","Unclassified","No confident design or filename match"
"7517","7517.png","2024-tour-Animationsheet.png","Unclassified","No confident design or filename match"
"7490","7490.png","2024-tour-class-a-chest-lv1.png","Unclassified","No confident design or filename match"
"7491","7491.png","2024-tour-class-a-chest-lv2.png","Unclassified","No confident design or filename match"
"7492","7492.png","2024-tour-class-a-chest-lv3.png","Unclassified","No confident design or filename match"
"7493","7493.png","2024-tour-class-b-chest-lv1.png","Unclassified","No confident design or filename match"
"7494","7494.png","2024-tour-class-b-chest-lv2.png","Unclassified","No confident design or filename match"
"7495","7495.png","2024-tour-class-b-chest-lv3.png","Unclassified","No confident design or filename match"
"7496","7496.png","2024-tour-class-c-chest-lv1.png","Unclassified","No confident design or filename match"
"7497","7497.png","2024-tour-class-c-chest-lv2.png","Unclassified","No confident design or filename match"
"7498","7498.png","2024-tour-class-d-chest-lv1.png","Unclassified","No confident design or filename match"
"7499","7499.png","2024-tour-class-s-chest-lv1.png","Unclassified","No confident design or filename match"
"7500","7500.png","2024-tour-class-s-chest-lv2.png","Unclassified","No confident design or filename match"
"7501","7501.png","2024-tour-class-s-chest-lv3.png","Unclassified","No confident design or filename match"
"7502","7502.png","2024-tour-special-chest.png","Unclassified","No confident design or filename match"
"8410","8410.png","2025-tour-class-a-chest-lv1.png","Unclassified","No confident design or filename match"
"8411","8411.png","2025-tour-class-a-chest-lv2.png","Unclassified","No confident design or filename match"
"8412","8412.png","2025-tour-class-a-chest-lv3.png","Unclassified","No confident design or filename match"
"8413","8413.png","2025-tour-class-amethyst-chest.png","Unclassified","No confident design or filename match"
"8414","8414.png","2025-tour-class-b-chest-lv1.png","Unclassified","No confident design or filename match"
"8415","8415.png","2025-tour-class-b-chest-lv2.png","Unclassified","No confident design or filename match"
"8416","8416.png","2025-tour-class-b-chest-lv3.png","Unclassified","No confident design or filename match"
"8417","8417.png","2025-tour-class-c-chest-lv1.png","Unclassified","No confident design or filename match"
"8418","8418.png","2025-tour-class-c-chest-lv2.png","Unclassified","No confident design or filename match"
"8419","8419.png","2025-tour-class-d-chest-lv1.png","Unclassified","No confident design or filename match"
"8420","8420.png","2025-tour-class-s-chest-lv1.png","Unclassified","No confident design or filename match"
"8421","8421.png","2025-tour-class-s-chest-lv2.png","Unclassified","No confident design or filename match"
"8422","8422.png","2025-tour-class-s-chest-lv3.png","Unclassified","No confident design or filename match"
"8423","8423.png","2025-tour-class-special-chest.png","Unclassified","No confident design or filename match"
"6386","6386.png","3Reward.png","Unclassified","No confident design or filename match"
"1284","1284.png","3x3_CannonExterior.png","Unclassified","No confident design or filename match"
"7229","7229.png","4th-fo-july.png","Unclassified","No confident design or filename match"
"7230","7230.png","4th-fo-july-int.png","Unclassified","No confident design or filename match"
"6239","6239.png","4thofJuly BG_parallel.png","Unclassified","No confident design or filename match"
"9573","9573.png","50Reward.png","Unclassified","No confident design or filename match"
"7635","7635.png","7635.png","Unclassified","No confident design or filename match"
"7688","7688.png","7688.png","Unclassified","No confident design or filename match"
"7689","7689.png","7689.png","Unclassified","No confident design or filename match"
"7696","7696.png","7696.png","Unclassified","No confident design or filename match"
"7697","7697.png","7697.png","Unclassified","No confident design or filename match"
"7698","7698.png","7698.png","Unclassified","No confident design or filename match"
"7699","7699.png","7699.png","Unclassified","No confident design or filename match"
"7700","7700.png","7700.png","Unclassified","No confident design or filename match"
"7775","7775.png","7775.png","Unclassified","No confident design or filename match"
"7776","7776.png","7776.png","Unclassified","No confident design or filename match"
"7777","7777.png","7777.png","Unclassified","No confident design or filename match"
"7814","7814.png","7814.png","Unclassified","No confident design or filename match"
"7815","7815.png","7815.png","Unclassified","No confident design or filename match"
"7816","7816.png","7816.png","Unclassified","No confident design or filename match"
"7817","7817.png","7817.png","Unclassified","No confident design or filename match"
"7868","7868.png","7868.png","Unclassified","No confident design or filename match"
"7870","7870.png","7870.png","Unclassified","No confident design or filename match"
"7871","7871.png","7871.png","Unclassified","No confident design or filename match"
"8054","8054.png","8054.png","Unclassified","No confident design or filename match"
"8055","8055.png","8055.png","Unclassified","No confident design or filename match"
"8056","8056.png","8056.png","Unclassified","No confident design or filename match"
"8057","8057.png","8057.png","Unclassified","No confident design or filename match"
"8058","8058.png","8058.png","Unclassified","No confident design or filename match"
"8062","8062.png","8062.png","Unclassified","No confident design or filename match"
"8136","8136.png","8136.png","Unclassified","No confident design or filename match"
"8138","8138.png","8138.png","Unclassified","No confident design or filename match"
"8146","8146.png","8146.png","Unclassified","No confident design or filename match"
"8147","8147.png","8147.png","Unclassified","No confident design or filename match"
"8148","8148.png","8148.png","Unclassified","No confident design or filename match"
"8149","8149.png","8149.png","Unclassified","No confident design or filename match"
"8150","8150.png","8150.png","Unclassified","No confident design or filename match"
"8151","8151.png","8151.png","Unclassified","No confident design or filename match"
"8152","8152.png","8152.png","Unclassified","No confident design or filename match"
"8153","8153.png","8153.png","Unclassified","No confident design or filename match"
"8154","8154.png","8154.png","Unclassified","No confident design or filename match"
"8165","8165.png","8165.png","Unclassified","No confident design or filename match"
"8167","8167.png","8167.png","Unclassified","No confident design or filename match"
"8176","8176.png","8176.png","Unclassified","No confident design or filename match"
"8177","8177.png","8177.png","Unclassified","No confident design or filename match"
"8193","8193.png","8193.png","Unclassified","No confident design or filename match"
"8245","8245.png","8245.png","Unclassified","No confident design or filename match"
"8246","8246.png","8246.png","Unclassified","No confident design or filename match"
"8320","8320.png","8320.png","Unclassified","No confident design or filename match"
"8322","8322.png","8322.png","Unclassified","No confident design or filename match"
"8324","8324.png","8324.png","Unclassified","No confident design or filename match"
"8325","8325.png","8325.png","Unclassified","No confident design or filename match"
"8333","8333.png","8333.png","Unclassified","No confident design or filename match"
"8334","8334.png","8334.png","Unclassified","No confident design or filename match"
"8335","8335.png","8335.png","Unclassified","No confident design or filename match"
"8337","8337.png","8337.png","Unclassified","No confident design or filename match"
"8347","8347.png","8347.png","Unclassified","No confident design or filename match"
"8348","8348.png","8348.png","Unclassified","No confident design or filename match"
"8349","8349.png","8349.png","Unclassified","No confident design or filename match"
"8351","8351.png","8351.png","Unclassified","No confident design or filename match"
"8356","8356.png","8356.png","Unclassified","No confident design or filename match"
"8357","8357.png","8357.png","Unclassified","No confident design or filename match"
"8358","8358.png","8358.png","Unclassified","No confident design or filename match"
"8359","8359.png","8359.png","Unclassified","No confident design or filename match"
"8360","8360.png","8360.png","Unclassified","No confident design or filename match"
"8371","8371.png","8371.png","Unclassified","No confident design or filename match"
"8374","8374.png","8374.png","Unclassified","No confident design or filename match"
"8375","8375.png","8375.png","Unclassified","No confident design or filename match"
"8377","8377.png","8377.png","Unclassified","No confident design or filename match"
"8378","8378.png","8378.png","Unclassified","No confident design or filename match"
"8379","8379.png","8379.png","Unclassified","No confident design or filename match"
"8380","8380.png","8380.png","Unclassified","No confident design or filename match"
"8381","8381.png","8381.png","Unclassified","No confident design or filename match"
"8385","8385.png","8385.png","Unclassified","No confident design or filename match"
"8389","8389.png","8389.png","Unclassified","No confident design or filename match"
"8391","8391.png","8391.png","Unclassified","No confident design or filename match"
"8490","8490.png","8490.png","Unclassified","No confident design or filename match"
"8491","8491.png","8491.png","Unclassified","No confident design or filename match"
"8493","8493.png","8493.png","Unclassified","No confident design or filename match"
"8494","8494.png","8494.png","Unclassified","No confident design or filename match"
"8495","8495.png","8495.png","Unclassified","No confident design or filename match"
"8510","8510.png","8510.png","Unclassified","No confident design or filename match"
"8512","8512.png","8512.png","Unclassified","No confident design or filename match"
"8514","8514.png","8514.png","Unclassified","No confident design or filename match"
"8515","8515.png","8515.png","Unclassified","No confident design or filename match"
"8516","8516.png","8516.png","Unclassified","No confident design or filename match"
"8517","8517.png","8517.png","Unclassified","No confident design or filename match"
"8518","8518.png","8518.png","Unclassified","No confident design or filename match"
"8519","8519.png","8519.png","Unclassified","No confident design or filename match"
"8520","8520.png","8520.png","Unclassified","No confident design or filename match"
"8521","8521.png","8521.png","Unclassified","No confident design or filename match"
"8609","8609.png","8609.png","Unclassified","No confident design or filename match"
"8610","8610.png","8610.png","Unclassified","No confident design or filename match"
"8613","8613.png","8613.png","Unclassified","No confident design or filename match"
"8614","8614.png","8614.png","Unclassified","No confident design or filename match"
"8620","8620.png","8620.png","Unclassified","No confident design or filename match"
"8625","8625.png","8625.png","Unclassified","No confident design or filename match"
"8631","8631.png","8631.png","Unclassified","No confident design or filename match"
"8632","8632.png","8632.png","Unclassified","No confident design or filename match"
"8634","8634.png","8634.png","Unclassified","No confident design or filename match"
"8637","8637.png","8637.png","Unclassified","No confident design or filename match"
"8638","8638.png","8638.png","Unclassified","No confident design or filename match"
"8639","8639.png","8639.png","Unclassified","No confident design or filename match"
"8640","8640.png","8640.png","Unclassified","No confident design or filename match"
"8643","8643.png","8643.png","Unclassified","No confident design or filename match"
"8644","8644.png","8644.png","Unclassified","No confident design or filename match"
"8650","8650.png","8650.png","Unclassified","No confident design or filename match"
"8655","8655.png","8655.png","Unclassified","No confident design or filename match"
"8656","8656.png","8656.png","Unclassified","No confident design or filename match"
"8658","8658.png","8658.png","Unclassified","No confident design or filename match"
"8659","8659.png","8659.png","Unclassified","No confident design or filename match"
"8660","8660.png","8660.png","Unclassified","No confident design or filename match"
"8661","8661.png","8661.png","Unclassified","No confident design or filename match"
"8662","8662.png","8662.png","Unclassified","No confident design or filename match"
"8663","8663.png","8663.png","Unclassified","No confident design or filename match"
"8664","8664.png","8664.png","Unclassified","No confident design or filename match"
"8665","8665.png","8665.png","Unclassified","No confident design or filename match"
"8666","8666.png","8666.png","Unclassified","No confident design or filename match"
"8667","8667.png","8667.png","Unclassified","No confident design or filename match"
"8668","8668.png","8668.png","Unclassified","No confident design or filename match"
"8669","8669.png","8669.png","Unclassified","No confident design or filename match"
"8670","8670.png","8670.png","Unclassified","No confident design or filename match"
"8671","8671.png","8671.png","Unclassified","No confident design or filename match"
"8672","8672.png","8672.png","Unclassified","No confident design or filename match"
"8673","8673.png","8673.png","Unclassified","No confident design or filename match"
"8674","8674.png","8674.png","Unclassified","No confident design or filename match"
"8675","8675.png","8675.png","Unclassified","No confident design or filename match"
"8676","8676.png","8676.png","Unclassified","No confident design or filename match"
"8677","8677.png","8677.png","Unclassified","No confident design or filename match"
"8678","8678.png","8678.png","Unclassified","No confident design or filename match"
"8679","8679.png","8679.png","Unclassified","No confident design or filename match"
"8680","8680.png","8680.png","Unclassified","No confident design or filename match"
"8681","8681.png","8681.png","Unclassified","No confident design or filename match"
"8682","8682.png","8682.png","Unclassified","No confident design or filename match"
"8709","8709.png","8709.png","Unclassified","No confident design or filename match"
"8710","8710.png","8710.png","Unclassified","No confident design or filename match"
"8712","8712.png","8712.png","Unclassified","No confident design or filename match"
"8715","8715.png","8715.png","Unclassified","No confident design or filename match"
"8716","8716.png","8716.png","Unclassified","No confident design or filename match"
"8735","8735.png","8716_icon.png","Unclassified","No confident design or filename match"
"8717","8717.png","8717.png","Unclassified","No confident design or filename match"
"8737","8737.png","8717_icon.png","Unclassified","No confident design or filename match"
"8718","8718.png","8718.png","Unclassified","No confident design or filename match"
"8738","8738.png","8718_icon.png","Unclassified","No confident design or filename match"
"8740","8740.png","8740.png","Unclassified","No confident design or filename match"
"8742","8742.png","8742.png","Unclassified","No confident design or filename match"
"8754","8754.png","8754.png","Unclassified","No confident design or filename match"
"8756","8756.png","8756.png","Unclassified","No confident design or filename match"
"8757","8757.png","8757.png","Unclassified","No confident design or filename match"
"8758","8758.png","8758.png","Unclassified","No confident design or filename match"
"8761","8761.png","8761.png","Unclassified","No confident design or filename match"
"8762","8762.png","8762.png","Unclassified","No confident design or filename match"
"8768","8768.png","8768.png","Unclassified","No confident design or filename match"
"8773","8773.png","8773.png","Unclassified","No confident design or filename match"
"8779","8779.png","8779.png","Unclassified","No confident design or filename match"
"8780","8780.png","8780.png","Unclassified","No confident design or filename match"
"8781","8781.png","8781.png","Unclassified","No confident design or filename match"
"8784","8784.png","8784.png","Unclassified","No confident design or filename match"
"8785","8785.png","8785.png","Unclassified","No confident design or filename match"
"8791","8791.png","8791.png","Unclassified","No confident design or filename match"
"8796","8796.png","8796.png","Unclassified","No confident design or filename match"
"8802","8802.png","8802.png","Unclassified","No confident design or filename match"
"8803","8803.png","8803.png","Unclassified","No confident design or filename match"
"8805","8805.png","8805.png","Unclassified","No confident design or filename match"
"8808","8808.png","8808.png","Unclassified","No confident design or filename match"
"8812","8812.png","8812.png","Unclassified","No confident design or filename match"
"8817","8817.png","8817.png","Unclassified","No confident design or filename match"
"8818","8818.png","8818.png","Unclassified","No confident design or filename match"
"8824","8824.png","8824.png","Unclassified","No confident design or filename match"
"8825","8825.png","8825.png","Unclassified","No confident design or filename match"
"8839","8839.png","8839.png","Unclassified","No confident design or filename match"
"8848","8848.png","8848.png","Unclassified","No confident design or filename match"
"8849","8849.png","8849.png","Unclassified","No confident design or filename match"
"8850","8850.png","8850.png","Unclassified","No confident design or filename match"
"8851","8851.png","8851.png","Unclassified","No confident design or filename match"
"8852","8852.png","8852.png","Unclassified","No confident design or filename match"
"8853","8853.png","8853.png","Unclassified","No confident design or filename match"
"8854","8854.png","8854.png","Unclassified","No confident design or filename match"
"8855","8855.png","8855.png","Unclassified","No confident design or filename match"
"8856","8856.png","8856.png","Unclassified","No confident design or filename match"
"8857","8857.png","8857.png","Unclassified","No confident design or filename match"
"8858","8858.png","8858.png","Unclassified","No confident design or filename match"
"8859","8859.png","8859.png","Unclassified","No confident design or filename match"
"8860","8860.png","8860.png","Unclassified","No confident design or filename match"
"8864","8864.png","8864.png","Unclassified","No confident design or filename match"
"8870","8870.png","8870.png","Unclassified","No confident design or filename match"
"8872","8872.png","8872.png","Unclassified","No confident design or filename match"
"8873","8873.png","8873.png","Unclassified","No confident design or filename match"
"8874","8874.png","8874.png","Unclassified","No confident design or filename match"
"8959","8959.png","8959.png","Unclassified","No confident design or filename match"
"8962","8962.png","8962.png","Unclassified","No confident design or filename match"
"8963","8963.png","8963.png","Unclassified","No confident design or filename match"
"8970","8970.png","8970.png","Unclassified","No confident design or filename match"
"8996","8996.png","8996.png","Unclassified","No confident design or filename match"
"8997","8997.png","8997.png","Unclassified","No confident design or filename match"
"9000","9000.png","9000.png","Unclassified","No confident design or filename match"
"9004","9004.png","9004.png","Unclassified","No confident design or filename match"
"9010","9010.png","9010.png","Unclassified","No confident design or filename match"
"9011","9011.png","9011.png","Unclassified","No confident design or filename match"
"9017","9017.png","9017.png","Unclassified","No confident design or filename match"
"9018","9018.png","9018.png","Unclassified","No confident design or filename match"
"9019","9019.png","9019.png","Unclassified","No confident design or filename match"
"9020","9020.png","9020.png","Unclassified","No confident design or filename match"
"9021","9021.png","9021.png","Unclassified","No confident design or filename match"
"9022","9022.png","9022.png","Unclassified","No confident design or filename match"
"9023","9023.png","9023.png","Unclassified","No confident design or filename match"
"9024","9024.png","9024.png","Unclassified","No confident design or filename match"
"9025","9025.png","9025.png","Unclassified","No confident design or filename match"
"9026","9026.png","9026.png","Unclassified","No confident design or filename match"
"9043","9043.png","9043.png","Unclassified","No confident design or filename match"
"9061","9061.png","9061.png","Unclassified","No confident design or filename match"
"9080","9080.png","9080.png","Unclassified","No confident design or filename match"
"9129","9129.png","9129.png","Unclassified","No confident design or filename match"
"9131","9131.png","9131.png","Unclassified","No confident design or filename match"
"9134","9134.png","9134.png","Unclassified","No confident design or filename match"
"9138","9138.png","9138.png","Unclassified","No confident design or filename match"
"9139","9139.png","9139.png","Unclassified","No confident design or filename match"
"9141","9141.png","9141.png","Unclassified","No confident design or filename match"
"9144","9144.png","9144.png","Unclassified","No confident design or filename match"
"9148","9148.png","9148.png","Unclassified","No confident design or filename match"
"9153","9153.png","9153.png","Unclassified","No confident design or filename match"
"9154","9154.png","9154.png","Unclassified","No confident design or filename match"
"9156","9156.png","9156.png","Unclassified","No confident design or filename match"
"9159","9159.png","9159.png","Unclassified","No confident design or filename match"
"9162","9162.png","9162.png","Unclassified","No confident design or filename match"
"9163","9163.png","9163.png","Unclassified","No confident design or filename match"
"9164","9164.png","9164.png","Unclassified","No confident design or filename match"
"9165","9165.png","9165.png","Unclassified","No confident design or filename match"
"9166","9166.png","9166.png","Unclassified","No confident design or filename match"
"9167","9167.png","9167.png","Unclassified","No confident design or filename match"
"9168","9168.png","9168.png","Unclassified","No confident design or filename match"
"9170","9170.png","9170.png","Unclassified","No confident design or filename match"
"9173","9173.png","9173.png","Unclassified","No confident design or filename match"
"9177","9177.png","9177.png","Unclassified","No confident design or filename match"
"9182","9182.png","9182.png","Unclassified","No confident design or filename match"
"9188","9188.png","9188.png","Unclassified","No confident design or filename match"
"9189","9189.png","9189.png","Unclassified","No confident design or filename match"
"9190","9190.png","9190.png","Unclassified","No confident design or filename match"
"9191","9191.png","9191.png","Unclassified","No confident design or filename match"
"9193","9193.png","9193.png","Unclassified","No confident design or filename match"
"9196","9196.png","9196.png","Unclassified","No confident design or filename match"
"9197","9197.png","9197.png","Unclassified","No confident design or filename match"
"9198","9198.png","9198.png","Unclassified","No confident design or filename match"
"9200","9200.png","9200.png","Unclassified","No confident design or filename match"
"9203","9203.png","9203.png","Unclassified","No confident design or filename match"
"9204","9204.png","9204.png","Unclassified","No confident design or filename match"
"9205","9205.png","9205.png","Unclassified","No confident design or filename match"
"9206","9206.png","9206.png","Unclassified","No confident design or filename match"
"9207","9207.png","9207.png","Unclassified","No confident design or filename match"
"9209","9209.png","9209.png","Unclassified","No confident design or filename match"
"9212","9212.png","9212.png","Unclassified","No confident design or filename match"
"9221","9221.png","9221.png","Unclassified","No confident design or filename match"
"9227","9227.png","9227.png","Unclassified","No confident design or filename match"
"9234","9234.png","9234.png","Unclassified","No confident design or filename match"
"9235","9235.png","9235.png","Unclassified","No confident design or filename match"
"9237","9237.png","9237.png","Unclassified","No confident design or filename match"
"9240","9240.png","9240.png","Unclassified","No confident design or filename match"
"9243","9243.png","9243.png","Unclassified","No confident design or filename match"
"9244","9244.png","9244.png","Unclassified","No confident design or filename match"
"9245","9245.png","9245.png","Unclassified","No confident design or filename match"
"9246","9246.png","9246.png","Unclassified","No confident design or filename match"
"9248","9248.png","9248.png","Unclassified","No confident design or filename match"
"9249","9249.png","9249.png","Unclassified","No confident design or filename match"
"9250","9250.png","9250.png","Unclassified","No confident design or filename match"
"9251","9251.png","9251.png","Unclassified","No confident design or filename match"
"9252","9252.png","9252.png","Unclassified","No confident design or filename match"
"9348","9348.png","9348.png","Unclassified","No confident design or filename match"
"9351","9351.png","9351.png","Unclassified","No confident design or filename match"
"9355","9355.png","9355.png","Unclassified","No confident design or filename match"
"9360","9360.png","9360.png","Unclassified","No confident design or filename match"
"9361","9361.png","9361.png","Unclassified","No confident design or filename match"
"9371","9371.png","9371.png","Unclassified","No confident design or filename match"
"9372","9372.png","9372.png","Unclassified","No confident design or filename match"
"9374","9374.png","9374.png","Unclassified","No confident design or filename match"
"9375","9375.png","9375.png","Unclassified","No confident design or filename match"
"9379","9379.png","9379.png","Unclassified","No confident design or filename match"
"9380","9380.png","9380.png","Unclassified","No confident design or filename match"
"9381","9381.png","9381.png","Unclassified","No confident design or filename match"
"9384","9384.png","9384.png","Unclassified","No confident design or filename match"
"9388","9388.png","9388.png","Unclassified","No confident design or filename match"
"9393","9393.png","9393.png","Unclassified","No confident design or filename match"
"9399","9399.png","9399.png","Unclassified","No confident design or filename match"
"9400","9400.png","9400.png","Unclassified","No confident design or filename match"
"9401","9401.png","9401.png","Unclassified","No confident design or filename match"
"9403","9403.png","9403.png","Unclassified","No confident design or filename match"
"9406","9406.png","9406.png","Unclassified","No confident design or filename match"
"9410","9410.png","9410.png","Unclassified","No confident design or filename match"
"9411","9411.png","9411.png","Unclassified","No confident design or filename match"
"9412","9412.png","9412.png","Unclassified","No confident design or filename match"
"9413","9413.png","9413.png","Unclassified","No confident design or filename match"
"9415","9415.png","9415.png","Unclassified","No confident design or filename match"
"9416","9416.png","9416.png","Unclassified","No confident design or filename match"
"9417","9417.png","9417.png","Unclassified","No confident design or filename match"
"9419","9419.png","9419.png","Unclassified","No confident design or filename match"
"9422","9422.png","9422.png","Unclassified","No confident design or filename match"
"9426","9426.png","9426.png","Unclassified","No confident design or filename match"
"9427","9427.png","9427.png","Unclassified","No confident design or filename match"
"9429","9429.png","9429.png","Unclassified","No confident design or filename match"
"9430","9430.png","9430.png","Unclassified","No confident design or filename match"
"9431","9431.png","9431.png","Unclassified","No confident design or filename match"
"9432","9432.png","9432.png","Unclassified","No confident design or filename match"
"9435","9435.png","9435.png","Unclassified","No confident design or filename match"
"9436","9436.png","9436.png","Unclassified","No confident design or filename match"
"9437","9437.png","9437.png","Unclassified","No confident design or filename match"
"9438","9438.png","9438.png","Unclassified","No confident design or filename match"
"9440","9440.png","9440.png","Unclassified","No confident design or filename match"
"9446","9446.png","9446.png","Unclassified","No confident design or filename match"
"9447","9447.png","9447.png","Unclassified","No confident design or filename match"
"9460","9460.png","9460.png","Unclassified","No confident design or filename match"
"9461","9461.png","9461.png","Unclassified","No confident design or filename match"
"9464","9464.png","9464.png","Unclassified","No confident design or filename match"
"9623","9623.png","9623.png","Unclassified","No confident design or filename match"
"9624","9624.png","9624.png","Unclassified","No confident design or filename match"
"9626","9626.png","9626.png","Unclassified","No confident design or filename match"
"9628","9628.png","9628.png","Unclassified","No confident design or filename match"
"9631","9631.png","9631.png","Unclassified","No confident design or filename match"
"9632","9632.png","9632.png","Unclassified","No confident design or filename match"
"9634","9634.png","9634.png","Unclassified","No confident design or filename match"
"9637","9637.png","9637.png","Unclassified","No confident design or filename match"
"9639","9639.png","9639.png","Unclassified","No confident design or filename match"
"9641","9641.png","9641.png","Unclassified","No confident design or filename match"
"9644","9644.png","9644.png","Unclassified","No confident design or filename match"
"9648","9648.png","9648.png","Unclassified","No confident design or filename match"
"9653","9653.png","9653.png","Unclassified","No confident design or filename match"
"9659","9659.png","9659.png","Unclassified","No confident design or filename match"
"9685","9685.png","9685.png","Unclassified","No confident design or filename match"
"9686","9686.png","9686.png","Unclassified","No confident design or filename match"
"9687","9687.png","9687.png","Unclassified","No confident design or filename match"
"9688","9688.png","9688.png","Unclassified","No confident design or filename match"
"9691","9691.png","9691.png","Unclassified","No confident design or filename match"
"9692","9692.png","9692.png","Unclassified","No confident design or filename match"
"9701","9701.png","9701.png","Unclassified","No confident design or filename match"
"9702","9702.png","9702.png","Unclassified","No confident design or filename match"
"9703","9703.png","9703.png","Unclassified","No confident design or filename match"
"9706","9706.png","9706.png","Unclassified","No confident design or filename match"
"9707","9707.png","9707.png","Unclassified","No confident design or filename match"
"9715","9715.png","9715.png","Unclassified","No confident design or filename match"
"9716","9716.png","9716.png","Unclassified","No confident design or filename match"
"9717","9717.png","9717.png","Unclassified","No confident design or filename match"
"9738","9738.png","9738.png","Unclassified","No confident design or filename match"
"9739","9739.png","9739.png","Unclassified","No confident design or filename match"
"9740","9740.png","9740.png","Unclassified","No confident design or filename match"
"9741","9741.png","9741.png","Unclassified","No confident design or filename match"
"9742","9742.png","9742.png","Unclassified","No confident design or filename match"
"9743","9743.png","9743.png","Unclassified","No confident design or filename match"
"9744","9744.png","9744.png","Unclassified","No confident design or filename match"
"9745","9745.png","9745.png","Unclassified","No confident design or filename match"
"9746","9746.png","9746.png","Unclassified","No confident design or filename match"
"9747","9747.png","9747.png","Unclassified","No confident design or filename match"
"9748","9748.png","9748.png","Unclassified","No confident design or filename match"
"9749","9749.png","9749.png","Unclassified","No confident design or filename match"
"9750","9750.png","9750.png","Unclassified","No confident design or filename match"
"7088","7088.png","AA_laser_dove_reward.png","Unclassified","No confident design or filename match"
"7089","7089.png","AA_laser_tour_reward.png","Unclassified","No confident design or filename match"
"3654","3654.png","Advance_KiasKannon_Lv1.png","Unclassified","No confident design or filename match"
"1726","1726.png","AI_Battle_RewardBox.png","Unclassified","No confident design or filename match"
"1650","1650.png","AI-battle.png","Unclassified","No confident design or filename match"
"1680","1680.png","AI-battle_ZH.png","Unclassified","No confident design or filename match"
"1728","1728.png","AI-battle-collect_Animation.png","Unclassified","No confident design or filename match"
"1157","1157.png","Alien4Hands.png","Unclassified","No confident design or filename match"
"4871","4871.png","AlienSpineTexture.png","Unclassified","No confident design or filename match"
"3133","3133.png","AllianceEngineDestoryed.png","Unclassified","No confident design or filename match"
"3128","3128.png","AllianceEngineLv1.png","Unclassified","No confident design or filename match"
"3129","3129.png","AllianceEngineLv2.png","Unclassified","No confident design or filename match"
"3130","3130.png","AllianceEngineLv3.png","Unclassified","No confident design or filename match"
"3131","3131.png","AllianceEngineLv4.png","Unclassified","No confident design or filename match"
"3132","3132.png","AllianceEngineLv5.png","Unclassified","No confident design or filename match"
"3136","3136.png","AllianceEngineLv6.png","Unclassified","No confident design or filename match"
"3146","3146.png","AllianceEngineLv7.png","Unclassified","No confident design or filename match"
"3188","3188.png","AllianceLaserDestoryed.png","Unclassified","No confident design or filename match"
"3190","3190.png","AllianceLaserExterior.png","Unclassified","No confident design or filename match"
"3191","3191.png","AllianceLaserExteriorDestoryed.png","Unclassified","No confident design or filename match"
"3155","3155.png","AllianceLaserLv1.png","Unclassified","No confident design or filename match"
"3156","3156.png","AllianceLaserLv2.png","Unclassified","No confident design or filename match"
"3157","3157.png","AllianceLaserLv3.png","Unclassified","No confident design or filename match"
"3158","3158.png","AllianceLaserLv4.png","Unclassified","No confident design or filename match"
"3159","3159.png","AllianceLaserLv5.png","Unclassified","No confident design or filename match"
"3196","3196.png","AllianceLaserLv6.png","Unclassified","No confident design or filename match"
"3278","3278.png","AllianceLaserLv7.png","Unclassified","No confident design or filename match"
"3280","3280.png","AllianceLaserLv8.png","Unclassified","No confident design or filename match"
"3281","3281.png","AllianceLaserLv9.png","Unclassified","No confident design or filename match"
"3124","3124.png","AllianceMissileDestoryed.png","Unclassified","No confident design or filename match"
"3192","3192.png","AllianceMissileExterior.png","Unclassified","No confident design or filename match"
"3193","3193.png","AllianceMissileExteriorDestoryed.png","Unclassified","No confident design or filename match"
"3113","3113.png","AllianceMissileLv1.png","Unclassified","No confident design or filename match"
"3114","3114.png","AllianceMissileLv2.png","Unclassified","No confident design or filename match"
"3115","3115.png","AllianceMissileLv3.png","Unclassified","No confident design or filename match"
"3119","3119.png","AllianceMissileLv4.png","Unclassified","No confident design or filename match"
"3137","3137.png","AllianceMissileLv5.png","Unclassified","No confident design or filename match"
"3138","3138.png","AllianceMissileLv6.png","Unclassified","No confident design or filename match"
"3139","3139.png","AllianceMissileLv7.png","Unclassified","No confident design or filename match"
"3277","3277.png","AllianceMissileLv8.png","Unclassified","No confident design or filename match"
"3291","3291.png","AllianceMissileLv9.png","Unclassified","No confident design or filename match"
"3160","3160.png","AllianceSheildLv1.png","Unclassified","No confident design or filename match"
"3161","3161.png","AllianceSheildLv2.png","Unclassified","No confident design or filename match"
"3162","3162.png","AllianceSheildLv3.png","Unclassified","No confident design or filename match"
"3189","3189.png","AllianceShieldDestoryed.png","Unclassified","No confident design or filename match"
"3164","3164.png","AllianceShieldLv4.png","Unclassified","No confident design or filename match"
"3169","3169.png","AllianceShieldLv5.png","Unclassified","No confident design or filename match"
"3170","3170.png","AllianceShieldLv6.png","Unclassified","No confident design or filename match"
"3270","3270.png","AllianceShieldLv7.png","Unclassified","No confident design or filename match"
"3271","3271.png","AllianceShieldLv8.png","Unclassified","No confident design or filename match"
"944","944.png","Anti-Aircraft-Laser-Launcher-Alien.png","Unclassified","No confident design or filename match"
"983","983.png","Anti-Aircraft-Laser-Launcher-Alien-destoried.png","Unclassified","No confident design or filename match"
"942","942.png","Anti-Aircraft-Laser-Launcher-Fed.png","Unclassified","No confident design or filename match"
"986","986.png","Anti-Aircraft-Laser-Launcher-Fed-destoried.png","Unclassified","No confident design or filename match"
"943","943.png","Anti-Aircraft-Laser-Launcher-pirate.png","Unclassified","No confident design or filename match"
"984","984.png","Anti-Aircraft-Laser-Launcher-pirate-destoried.png","Unclassified","No confident design or filename match"
"1344","1344.png","Anti-Aircraft-Laser-Launcher-Visiri.png","Unclassified","No confident design or filename match"
"1345","1345.png","Anti-Aircraft-Laser-Launcher-Visiri-destoried.png","Unclassified","No confident design or filename match"
"1346","1346.png","Anti-Aircraft-Missile-Launcher_Visiri.png","Unclassified","No confident design or filename match"
"940","940.png","Anti-Aircraft-Missile-Launcher-Alien.png","Unclassified","No confident design or filename match"
"987","987.png","Anti-Aircraft-Missile-Launcher-Alien-destoried.png","Unclassified","No confident design or filename match"
"939","939.png","Anti-Aircraft-Missile-Launcher-Fed.png","Unclassified","No confident design or filename match"
"988","988.png","Anti-Aircraft-Missile-Launcher-Fed-destoried.png","Unclassified","No confident design or filename match"
"938","938.png","Anti-Aircraft-Missile-Launcher-Pirate.png","Unclassified","No confident design or filename match"
"989","989.png","Anti-Aircraft-Missile-Launcher-Pirate-destoried.png","Unclassified","No confident design or filename match"
"1349","1349.png","Anti-Aircraft-Missile-Launcher-Visiri-destoried.png","Unclassified","No confident design or filename match"
"7985","7985.png","AntiAricraftLaser_Lv9.png","Unclassified","No confident design or filename match"
"4175","4175.png","AP_damage_animation.png","Unclassified","No confident design or filename match"
"4176","4176.png","AP_damage_hole.png","Unclassified","No confident design or filename match"
"4607","4607.png","ArdentArcher.png","Unclassified","No confident design or filename match"
"4618","4618.png","ArdentWarrior.png","Unclassified","No confident design or filename match"
"1161","1161.png","Area51Alien.png","Unclassified","No confident design or filename match"
"6866","6866.png","AutographRunners.png","Unclassified","No confident design or filename match"
"3833","3833.png","AutoLaser.png","Unclassified","No confident design or filename match"
"4096","4096.png","AutoLaser_L.png","Unclassified","No confident design or filename match"
"6431","6431.png","AutumnLeaf.png","Unclassified","No confident design or filename match"
"10115","10115.png","AuxiliaryBooster_FlightControl.png","Unclassified","No confident design or filename match"
"10119","10119.png","AuxiliaryBooster_FlightControl_destroyed.png","Unclassified","No confident design or filename match"
"10114","10114.png","AuxiliaryBooster_MissileReload.png","Unclassified","No confident design or filename match"
"10117","10117.png","AuxiliaryBooster_MissileReload_destroyed.png","Unclassified","No confident design or filename match"
"8597","8597.png","AuxiliaryBooster_nebula.png","Unclassified","No confident design or filename match"
"8316","8316.png","AuxiliaryBooster_Obelisk.png","Unclassified","No confident design or filename match"
"8317","8317.png","AuxiliaryBooster_Rooster.png","Unclassified","No confident design or filename match"
"9565","9565.png","AuxiliaryMissileLauncher_ext.png","Unclassified","No confident design or filename match"
"10166","10166.png","Avenger_Lv5.png","Unclassified","No confident design or filename match"
"8027","8027.png","AvengerDefence_Lv4.png","Unclassified","No confident design or filename match"
"6107","6107.png","AvengerMissile_Lv1.png","Unclassified","No confident design or filename match"
"6108","6108.png","AvengerMissile_Lv2.png","Unclassified","No confident design or filename match"
"6109","6109.png","AvengerMissile_Lv3.png","Unclassified","No confident design or filename match"
"6116","6116.png","AvengerMissileExterior.png","Unclassified","No confident design or filename match"
"9253","9253.png","axoloticon.png","Unclassified","No confident design or filename match"
"4107","4107.png","background_bar.png","Unclassified","No confident design or filename match"
"3450","3450.png","Background_Lines.png","Unclassified","No confident design or filename match"
"7134","7134.png","BallLauncherTurret_Attack.png","Unclassified","No confident design or filename match"
"7135","7135.png","BallLauncherTurret_Idle.png","Unclassified","No confident design or filename match"
"6470","6470.png","BankGlare.png","Unclassified","No confident design or filename match"
"5995","5995.png","BankPromo_CNY2021.png","Unclassified","No confident design or filename match"
"6151","6151.png","BankPromo_Easter2021.png","Unclassified","No confident design or filename match"
"5866","5866.png","BankPromo_Halloween2020.png","Unclassified","No confident design or filename match"
"5962","5962.png","BankPromo_NY2021.png","Unclassified","No confident design or filename match"
"6085","6085.png","BankPromo_Valentines2021.png","Unclassified","No confident design or filename match"
"5219","5219.png","BankPromo2019Christmas.png","Unclassified","No confident design or filename match"
"4472","4472.png","BankPromoContent.png","Unclassified","No confident design or filename match"
"8132","8132.png","BankPromoDoubleDragon.png","Unclassified","No confident design or filename match"
"4470","4470.png","BankPromoFrame.png","Unclassified","No confident design or filename match"
"9907","9907.png","BankPromoGITS.png","Unclassified","No confident design or filename match"
"10633","10633.png","BankPromoIndependent2026.png","Unclassified","No confident design or filename match"
"10654","10654.png","BankPromoKennysgifs.png","Unclassified","No confident design or filename match"
"8049","8049.png","BankPromoLv12.png","Unclassified","No confident design or filename match"
"7810","7810.png","BankPromoLv8.png","Unclassified","No confident design or filename match"
"4473","4473.png","BankPromoOkButton.png","Unclassified","No confident design or filename match"
"4471","4471.png","BankPromoTitle.png","Unclassified","No confident design or filename match"
"9305","9305.png","BankPromoWargames.png","Unclassified","No confident design or filename match"
"6469","6469.png","BankWorker.png","Unclassified","No confident design or filename match"
"8119","8119.png","BarrelPod.png","Unclassified","No confident design or filename match"
"10393","10393.png","barry_ico.png","Unclassified","No confident design or filename match"
"9254","9254.png","battlefieldicon.png","Unclassified","No confident design or filename match"
"7228","7228.png","BattlePass13-reward-card-bg__7228.png","Unclassified","No confident design or filename match"
"7273","7273.png","BattlePass13-reward-card-bg__7273.png","Unclassified","No confident design or filename match"
"795","795.png","BattleStart.png","Unclassified","No confident design or filename match"
"7420","7420.png","Beacon2023Bronze.png","Unclassified","No confident design or filename match"
"7421","7421.png","Beacon2023Bronze_ext.png","Unclassified","No confident design or filename match"
"7426","7426.png","Beacon2023BronzeCrown.png","Unclassified","No confident design or filename match"
"7427","7427.png","Beacon2023BronzeCrown_ext.png","Unclassified","No confident design or filename match"
"7424","7424.png","Beacon2023Gold.png","Unclassified","No confident design or filename match"
"7425","7425.png","Beacon2023Gold_ext.png","Unclassified","No confident design or filename match"
"7430","7430.png","Beacon2023GoldCrown.png","Unclassified","No confident design or filename match"
"7431","7431.png","Beacon2023GoldCrown_ext.png","Unclassified","No confident design or filename match"
"7422","7422.png","Beacon2023Silver.png","Unclassified","No confident design or filename match"
"7423","7423.png","Beacon2023Silver_ext.png","Unclassified","No confident design or filename match"
"7428","7428.png","Beacon2023SilverCrown.png","Unclassified","No confident design or filename match"
"7429","7429.png","Beacon2023SilverCrown_ext.png","Unclassified","No confident design or filename match"
"6482","6482.png","Beacon21Bronze.png","Unclassified","No confident design or filename match"
"6485","6485.png","Beacon21Bronze_ext.png","Unclassified","No confident design or filename match"
"6488","6488.png","Beacon21BronzeCrown.png","Unclassified","No confident design or filename match"
"6491","6491.png","Beacon21BronzeCrown_ext.png","Unclassified","No confident design or filename match"
"6484","6484.png","Beacon21Gold.png","Unclassified","No confident design or filename match"
"6487","6487.png","Beacon21Gold_ext.png","Unclassified","No confident design or filename match"
"6490","6490.png","Beacon21GoldCrown.png","Unclassified","No confident design or filename match"
"6493","6493.png","Beacon21GoldCrown_ext.png","Unclassified","No confident design or filename match"
"6483","6483.png","Beacon21Silver.png","Unclassified","No confident design or filename match"
"6486","6486.png","Beacon21Silver_ext.png","Unclassified","No confident design or filename match"
"6489","6489.png","Beacon21SilverCrown.png","Unclassified","No confident design or filename match"
"6492","6492.png","Beacon21SilverCrown_ext.png","Unclassified","No confident design or filename match"
"6966","6966.png","Beacon22Bronze.png","Unclassified","No confident design or filename match"
"6972","6972.png","Beacon22Bronze_ex.png","Unclassified","No confident design or filename match"
"6969","6969.png","Beacon22BronzeCrown.png","Unclassified","No confident design or filename match"
"6975","6975.png","Beacon22BronzeCrown_ex.png","Unclassified","No confident design or filename match"
"6968","6968.png","Beacon22Gold.png","Unclassified","No confident design or filename match"
"6974","6974.png","Beacon22Gold_ex.png","Unclassified","No confident design or filename match"
"6971","6971.png","Beacon22GoldCrown.png","Unclassified","No confident design or filename match"
"6977","6977.png","Beacon22GoldCrown_ex.png","Unclassified","No confident design or filename match"
"6967","6967.png","Beacon22Silver.png","Unclassified","No confident design or filename match"
"6973","6973.png","Beacon22Silver_ex.png","Unclassified","No confident design or filename match"
"6970","6970.png","Beacon22SilverCrown.png","Unclassified","No confident design or filename match"
"6976","6976.png","Beacon22SilverCrown_ex.png","Unclassified","No confident design or filename match"
"8478","8478.png","Beacon24Bronze.png","Unclassified","No confident design or filename match"
"8484","8484.png","Beacon24Bronze_ext.png","Unclassified","No confident design or filename match"
"8479","8479.png","Beacon24BronzeCrown.png","Unclassified","No confident design or filename match"
"8485","8485.png","Beacon24BronzeCrown_ext.png","Unclassified","No confident design or filename match"
"8482","8482.png","Beacon24Gold.png","Unclassified","No confident design or filename match"
"8488","8488.png","Beacon24Gold_ext.png","Unclassified","No confident design or filename match"
"8483","8483.png","Beacon24GoldCrown.png","Unclassified","No confident design or filename match"
"8489","8489.png","Beacon24GoldCrown_ext.png","Unclassified","No confident design or filename match"
"8480","8480.png","Beacon24Silver.png","Unclassified","No confident design or filename match"
"8486","8486.png","Beacon24Silver_ext.png","Unclassified","No confident design or filename match"
"8481","8481.png","Beacon24SilverCrown.png","Unclassified","No confident design or filename match"
"8487","8487.png","Beacon24SilverCrown_ext.png","Unclassified","No confident design or filename match"
"9847","9847.png","Beacon25Bronze.png","Unclassified","No confident design or filename match"
"9853","9853.png","Beacon25Bronze_ext.png","Unclassified","No confident design or filename match"
"9848","9848.png","Beacon25BronzeCrown.png","Unclassified","No confident design or filename match"
"9854","9854.png","Beacon25BronzeCrown_ext.png","Unclassified","No confident design or filename match"
"9851","9851.png","Beacon25Gold.png","Unclassified","No confident design or filename match"
"9857","9857.png","Beacon25Gold_ext.png","Unclassified","No confident design or filename match"
"9852","9852.png","Beacon25GoldCrown.png","Unclassified","No confident design or filename match"
"9858","9858.png","Beacon25GoldCrown_ext.png","Unclassified","No confident design or filename match"
"9849","9849.png","Beacon25Silver.png","Unclassified","No confident design or filename match"
"9855","9855.png","Beacon25Silver_ext.png","Unclassified","No confident design or filename match"
"9850","9850.png","Beacon25SilverCrown.png","Unclassified","No confident design or filename match"
"9856","9856.png","Beacon25SilverCrown_ext.png","Unclassified","No confident design or filename match"
"6843","6843.png","beer-keg.png","Unclassified","No confident design or filename match"
"9255","9255.png","bewareicon.png","Unclassified","No confident design or filename match"
"8026","8026.png","BFB_Lv2.png","Unclassified","No confident design or filename match"
"10178","10178.png","BFB_Lv3.png","Unclassified","No confident design or filename match"
"797","797.png","bg_5.png","Unclassified","No confident design or filename match"
"9616","9616.png","Bg_BP31.png","Unclassified","No confident design or filename match"
"9958","9958.png","Bg_Bp33.png","Unclassified","No confident design or filename match"
"6001","6001.png","bg_cny_red.png","Unclassified","No confident design or filename match"
"1091","1091.png","Bg_SolarFlare.png","Unclassified","No confident design or filename match"
"1233","1233.png","BigFootballFan.png","Unclassified","No confident design or filename match"
"225","225.png","blankPixel.png","Unclassified","No confident design or filename match"
"1563","1563.png","Blaster_Destoryed.png","Unclassified","No confident design or filename match"
"1562","1562.png","Blaster_Extior.png","Unclassified","No confident design or filename match"
"1558","1558.png","Blaster_hit_Animation.png","Unclassified","No confident design or filename match"
"6876","6876.png","Blaster_hit_Animation_Gold.png","Unclassified","No confident design or filename match"
"5011","5011.png","Blaster_hit_Animation_Red.png","Unclassified","No confident design or filename match"
"1556","1556.png","Blaster_Launch_Animation.png","Unclassified","No confident design or filename match"
"6875","6875.png","Blaster_Launch_Animation_small_Gold.png","Unclassified","No confident design or filename match"
"5012","5012.png","Blaster_Launch_Animation_small_Red.png","Unclassified","No confident design or filename match"
"1559","1559.png","BlasterAnimationLv1.png","Unclassified","No confident design or filename match"
"1560","1560.png","BlasterAnimationLv2.png","Unclassified","No confident design or filename match"
"1561","1561.png","BlasterAnimationLv3.png","Unclassified","No confident design or filename match"
"5013","5013.png","BlasterLaserAnimation_middle_Red.png","Unclassified","No confident design or filename match"
"5387","5387.png","BoostButtonEffect.png","Unclassified","No confident design or filename match"
"5388","5388.png","BoostButtonShineAnimation.png","Unclassified","No confident design or filename match"
"4108","4108.png","BoxIcon.png","Unclassified","No confident design or filename match"
"5940","5940.png","BoxRewardScene_Christmas.png","Unclassified","No confident design or filename match"
"5990","5990.png","BoxRewardScene_CNY.png","Unclassified","No confident design or filename match"
"6137","6137.png","BoxRewardScene_Easter.png","Unclassified","No confident design or filename match"
"6248","6248.png","BoxRewardScene_Independence.png","Unclassified","No confident design or filename match"
"6305","6305.png","BoxRewardScene_Summer.png","Unclassified","No confident design or filename match"
"6934","6934.png","BoxSpriteSheet.png","Unclassified","No confident design or filename match"
"7326","7326.png","BP14_MarkZuckerberg.png","Unclassified","No confident design or filename match"
"7358","7358.png","BP15_Flare.png","Unclassified","No confident design or filename match"
"7355","7355.png","BP15_glowstick__7355.png","Unclassified","No confident design or filename match"
"7357","7357.png","BP15_Glowstick__7357.png","Unclassified","No confident design or filename match"
"7356","7356.png","BP15Floodlight.png","Unclassified","No confident design or filename match"
"7415","7415.png","BP16_beanie.png","Unclassified","No confident design or filename match"
"10452","10452.png","BP34 Subtitle_EN.png","Unclassified","No confident design or filename match"
"10433","10433.png","BP34_background.png","Unclassified","No confident design or filename match"
"6860","6860.png","bp8-barrier-placard.png","Unclassified","No confident design or filename match"
"6777","6777.png","Bpass_S6_Cat_Pet_Lv1.png","Unclassified","No confident design or filename match"
"6778","6778.png","Bpass_S6_Cat_Pet_Lv2.png","Unclassified","No confident design or filename match"
"7129","7129.png","Bpass11-Hanger-Tennis-court.png","Unclassified","No confident design or filename match"
"8585","8585.png","Bpass-S25-VelveteenVanguard.png","Unclassified","No confident design or filename match"
"8586","8586.png","Bpass-S25-WarrenWarden.png","Unclassified","No confident design or filename match"
"6455","6455.png","bpass-s2-bg.png","Unclassified","No confident design or filename match"
"6464","6464.png","bpass-s2-bg-planet.png","Unclassified","No confident design or filename match"
"8603","8603.png","BPInfoPanel_BP26.png","Unclassified","No confident design or filename match"
"9328","9328.png","BPInfoPanel_BP28.png","Unclassified","No confident design or filename match"
"9613","9613.png","BPInfoPanel_BP31.png","Unclassified","No confident design or filename match"
"9884","9884.png","BPInfoPanel_BP32.png","Unclassified","No confident design or filename match"
"9955","9955.png","BPInfoPanel_BP33.png","Unclassified","No confident design or filename match"
"10441","10441.png","BPInfoPanel_BP34.png","Unclassified","No confident design or filename match"
"10626","10626.png","BPInfoPanel_BP35.png","Unclassified","No confident design or filename match"
"7416","7416.png","BPInfoPanel_S16.png","Unclassified","No confident design or filename match"
"9301","9301.png","BPInfoPanel_S27.png","Unclassified","No confident design or filename match"
"9449","9449.png","butter_stretch_ico.png","Unclassified","No confident design or filename match"
"4591","4591.png","ButteredToastCat2.png","Unclassified","No confident design or filename match"
"8574","8574.png","C&H F Bomb.png","Unclassified","No confident design or filename match"
"1639","1639.png","C4.png","Unclassified","No confident design or filename match"
"10394","10394.png","calmdog_ico.png","Unclassified","No confident design or filename match"
"1848","1848.png","camouflage_1.png","Unclassified","No confident design or filename match"
"3715","3715.png","Cancer_2.png","Unclassified","No confident design or filename match"
"5544","5544.png","capacitor_2x1.png","Unclassified","No confident design or filename match"
"5555","5555.png","capacitor_2x1_destoryed.png","Unclassified","No confident design or filename match"
"5678","5678.png","capacitor_2x1_lv2.png","Unclassified","No confident design or filename match"
"7984","7984.png","Capacitor_Lv3.png","Unclassified","No confident design or filename match"
"6322","6322.png","Card_InfectedCrystal.png","Unclassified","No confident design or filename match"
"7650","7650.png","CardBg_BP18.png","Unclassified","No confident design or filename match"
"7836","7836.png","CardBg_BP20.png","Unclassified","No confident design or filename match"
"8010","8010.png","CardBg_BP21.png","Unclassified","No confident design or filename match"
"8116","8116.png","CardBg_BP22.png","Unclassified","No confident design or filename match"
"8273","8273.png","CardBg_BP23.png","Unclassified","No confident design or filename match"
"8473","8473.png","CardBg_Bp24.png","Unclassified","No confident design or filename match"
"8571","8571.png","CardBg_BP26.png","Unclassified","No confident design or filename match"
"9531","9531.png","CardBg_BP29.png","Unclassified","No confident design or filename match"
"9611","9611.png","CardBg_BP31.png","Unclassified","No confident design or filename match"
"9883","9883.png","CardBg_BP32.png","Unclassified","No confident design or filename match"
"9940","9940.png","CardBg_BP33.png","Unclassified","No confident design or filename match"
"10442","10442.png","CardBg_BP34.png","Unclassified","No confident design or filename match"
"8606","8606.png","cardbg_explosion_02.png","Unclassified","No confident design or filename match"
"7107","7107.png","CardBg_S10.png","Unclassified","No confident design or filename match"
"7139","7139.png","CardBg_S11.png","Unclassified","No confident design or filename match"
"7183","7183.png","CardBg_S12.png","Unclassified","No confident design or filename match"
"7320","7320.png","CardBg_S14_2.png","Unclassified","No confident design or filename match"
"7597","7597.png","CardBg_S17.png","Unclassified","No confident design or filename match"
"6448","6448.png","CardBg_S2.png","Unclassified","No confident design or filename match"
"6627","6627.png","CardBg_S3.png","Unclassified","No confident design or filename match"
"6734","6734.png","CardBg_S5.png","Unclassified","No confident design or filename match"
"6779","6779.png","CardBg_S6.png","Unclassified","No confident design or filename match"
"6835","6835.png","CardBg_S7.png","Unclassified","No confident design or filename match"
"6883","6883.png","CardBg_S8.png","Unclassified","No confident design or filename match"
"6927","6927.png","CardBg_S9.png","Unclassified","No confident design or filename match"
"6684","6684.png","CardBgBp4.png","Unclassified","No confident design or filename match"
"8745","8745.png","CarrotCallBeacon.png","Unclassified","No confident design or filename match"
"9448","9448.png","cathy_ico.png","Unclassified","No confident design or filename match"
"6782","6782.png","cat-phaser-animation.png","Unclassified","No confident design or filename match"
"6791","6791.png","CatPhaserCard.png","Unclassified","No confident design or filename match"
"6830","6830.png","ChampionBelt.png","Unclassified","No confident design or filename match"
"9256","9256.png","cheeseicon.png","Unclassified","No confident design or filename match"
"935","935.png","ChracterAdventureBackground.png","Unclassified","No confident design or filename match"
"600","600.png","ChracterSelectPotrait_1.png","Unclassified","No confident design or filename match"
"1116","1116.png","Chracter-Skill-Active-Effect.png","Unclassified","No confident design or filename match"
"6252","6252.png","CircuitWhiteLine.png","Unclassified","No confident design or filename match"
"916","916.png","Clan_Flag_Badge.png","Unclassified","No confident design or filename match"
"8748","8748.png","CloakCelestial_Destroyed.png","Unclassified","No confident design or filename match"
"8302","8302.png","ClusterMissileLauncher_ext.png","Unclassified","No confident design or filename match"
"6827","6827.png","ConfettiSprinkleAnimation.png","Unclassified","No confident design or filename match"
"818","818.png","Construction_4x2.png","Unclassified","No confident design or filename match"
"1849","1849.png","Construction_4x3.png","Unclassified","No confident design or filename match"
"977","977.png","Construction_5x2.png","Unclassified","No confident design or filename match"
"68","68.png","construction1x1.png","Unclassified","No confident design or filename match"
"67","67.png","Construction2x2.png","Unclassified","No confident design or filename match"
"1476","1476.png","Construction2x3.png","Unclassified","No confident design or filename match"
"66","66.png","Construction-3.png","Unclassified","No confident design or filename match"
"1414","1414.png","Construction3x3.png","Unclassified","No confident design or filename match"
"10165","10165.png","Construction3x4.png","Unclassified","No confident design or filename match"
"2007","2007.png","Construction5x3.png","Unclassified","No confident design or filename match"
"3363","3363.png","Construction6x3.png","Unclassified","No confident design or filename match"
"6719","6719.png","CoolingVentBeacon.png","Unclassified","No confident design or filename match"
"6720","6720.png","CoolingVentBeaconEx.png","Unclassified","No confident design or filename match"
"6723","6723.png","CoolVentCard.png","Unclassified","No confident design or filename match"
"7678","7678.png","Coral 32x32.png","Unclassified","No confident design or filename match"
"7679","7679.png","Coral 98x98.png","Unclassified","No confident design or filename match"
"8878","8878.png","CosmicOmniPillarEnergizer_destroyed.png","Unclassified","No confident design or filename match"
"4966","4966.png","Cracking.png","Unclassified","No confident design or filename match"
"956","956.png","Craft.png","Unclassified","No confident design or filename match"
"5164","5164.png","Craft_Turkey.png","Unclassified","No confident design or filename match"
"7328","7328.png","Crafts_Hydra.png","Unclassified","No confident design or filename match"
"3579","3579.png","Craws.png","Unclassified","No confident design or filename match"
"9487","9487.png","CrescentCannon_Beam.png","Unclassified","No confident design or filename match"
"9488","9488.png","CrescentCannon_Hit.png","Unclassified","No confident design or filename match"
"9489","9489.png","CrescentCannon_Launch.png","Unclassified","No confident design or filename match"
"9486","9486.png","CrescentCannonExterior.png","Unclassified","No confident design or filename match"
"10482","10482.png","CryoMissilehit.png","Unclassified","No confident design or filename match"
"6349","6349.png","CrystalEngineCard.png","Unclassified","No confident design or filename match"
"6350","6350.png","CrystalHangerCard.png","Unclassified","No confident design or filename match"
"6344","6344.png","CrystalIntroEnterButton.png","Unclassified","No confident design or filename match"
"6339","6339.png","CrystalIntroPanel.png","Unclassified","No confident design or filename match"
"6342","6342.png","CrystalPet.png","Unclassified","No confident design or filename match"
"9335","9335.png","CrystalPylonTurret.png","Unclassified","No confident design or filename match"
"6348","6348.png","CrystalShieldCard.png","Unclassified","No confident design or filename match"
"6352","6352.png","crystal-wrap.png","Unclassified","No confident design or filename match"
"6354","6354.png","CrystalWrapCard.png","Unclassified","No confident design or filename match"
"6864","6864.png","CupFlag.png","Unclassified","No confident design or filename match"
"6309","6309.png","dark-crystal_rock.png","Unclassified","No confident design or filename match"
"6317","6317.png","dark-crystal-hanger.png","Unclassified","No confident design or filename match"
"6321","6321.png","Dark-crystal-Shield-bubble-activated.png","Unclassified","No confident design or filename match"
"6320","6320.png","Dark-crystal-Shield-bubble-standard.png","Unclassified","No confident design or filename match"
"6310","6310.png","dark-crystal-space-BG-2048x1024.png","Unclassified","No confident design or filename match"
"6311","6311.png","dark-crystal-space-BG-planet.png","Unclassified","No confident design or filename match"
"7389","7389.png","DarkMatterDiver.png","Unclassified","No confident design or filename match"
"3620","3620.png","DarthCat.png","Unclassified","No confident design or filename match"
"3627","3627.png","DarthCatAmor.png","Unclassified","No confident design or filename match"
"10395","10395.png","deadbird_ico.png","Unclassified","No confident design or filename match"
"7365","7365.png","DebrisHarvester3x2.png","Unclassified","No confident design or filename match"
"7204","7204.png","DecoyCraft.png","Unclassified","No confident design or filename match"
"7813","7813.png","DecoyCraftRed.png","Unclassified","No confident design or filename match"
"7567","7567.png","Dec-tour-reward-icon.png","Unclassified","No confident design or filename match"
"7564","7564.png","Dec-tour-summit-icon.png","Unclassified","No confident design or filename match"
"255","255.png","Defeat.png","Unclassified","No confident design or filename match"
"8880","8880.png","DefensiveIonconstellationEmitter_destroyed.png","Unclassified","No confident design or filename match"
"9332","9332.png","DemonStarcoreEngineTrail.png","Unclassified","No confident design or filename match"
"4611","4611.png","desert-background-pixelate.png","Unclassified","No confident design or filename match"
"7607","7607.png","DFATurret.png","Unclassified","No confident design or filename match"
"380","380.png","dialogBox.png","Unclassified","No confident design or filename match"
"1689","1689.png","dialogBox_02_1.png","Unclassified","No confident design or filename match"
"1690","1690.png","dialogBox_02_2.png","Unclassified","No confident design or filename match"
"6677","6677.png","DivingFlippers.png","Unclassified","No confident design or filename match"
"6680","6680.png","DivingFlippers_Lv2.png","Unclassified","No confident design or filename match"
"3491","3491.png","DivisionA_Frame.png","Unclassified","No confident design or filename match"
"3533","3533.png","Division-A-icon.png","Unclassified","No confident design or filename match"
"3537","3537.png","Division-A-Ranks.png","Unclassified","No confident design or filename match"
"3492","3492.png","DivisionB_Frame.png","Unclassified","No confident design or filename match"
"3480","3480.png","DivisionBadge_1.png","Unclassified","No confident design or filename match"
"3477","3477.png","DivisionBadge_2.png","Unclassified","No confident design or filename match"
"3478","3478.png","DivisionBadge_3.png","Unclassified","No confident design or filename match"
"3479","3479.png","DivisionBadge_4.png","Unclassified","No confident design or filename match"
"3538","3538.png","Division-B-Ranks.png","Unclassified","No confident design or filename match"
"3493","3493.png","DivisionC_Frame.png","Unclassified","No confident design or filename match"
"3539","3539.png","Division-C-Ranks.png","Unclassified","No confident design or filename match"
"3494","3494.png","DivisionD_Frame.png","Unclassified","No confident design or filename match"
"3540","3540.png","Division-D-Ranks.png","Unclassified","No confident design or filename match"
"1566","1566.png","DJI-Drone.png","Unclassified","No confident design or filename match"
"1570","1570.png","DJI-Drone-Dark.png","Unclassified","No confident design or filename match"
"824","824.png","DogKennel.png","Unclassified","No confident design or filename match"
"9450","9450.png","dolores_ico.png","Unclassified","No confident design or filename match"
"1777","1777.png","DoubleTurret_Lv1.png","Unclassified","No confident design or filename match"
"1778","1778.png","DoubleTurret_Lv2.png","Unclassified","No confident design or filename match"
"2029","2029.png","DoubleTurret_Lv3.png","Unclassified","No confident design or filename match"
"2030","2030.png","DoubleTurret_Lv4.png","Unclassified","No confident design or filename match"
"2031","2031.png","DoubleTurret_Lv5.png","Unclassified","No confident design or filename match"
"2032","2032.png","DoubleTurret_Lv6.png","Unclassified","No confident design or filename match"
"2033","2033.png","DoubleTurret_Lv7.png","Unclassified","No confident design or filename match"
"2034","2034.png","DoubleTurret_Lv8.png","Unclassified","No confident design or filename match"
"3035","3035.png","DoubleTurret_Lv9.png","Unclassified","No confident design or filename match"
"1810","1810.png","DoubleTurretExterior.png","Unclassified","No confident design or filename match"
"6670","6670.png","dove_galaxtic-council.png","Unclassified","No confident design or filename match"
"6225","6225.png","Dove_Phaser_Plasma_ext.png","Unclassified","No confident design or filename match"
"6223","6223.png","Dove_Phaser_Plasma_final.png","Unclassified","No confident design or filename match"
"6695","6695.png","dove-battery-animation.png","Unclassified","No confident design or filename match"
"6153","6153.png","DoveReward_GasStorage_animation.png","Unclassified","No confident design or filename match"
"5876","5876.png","DoveStore_MinStorage.png","Unclassified","No confident design or filename match"
"1568","1568.png","DragonBlackChest.png","Unclassified","No confident design or filename match"
"6793","6793.png","DragonPet.png","Unclassified","No confident design or filename match"
"1743","1743.png","DragonRedChest.png","Unclassified","No confident design or filename match"
"7611","7611.png","DragonTurret_Attack.png","Unclassified","No confident design or filename match"
"7610","7610.png","DragonTurret_Idle.png","Unclassified","No confident design or filename match"
"361","361.png","drawing-ads_starbucks-draws.png","Unclassified","No confident design or filename match"
"1679","1679.png","drawing-ads_starbucks-draws_ZH.png","Unclassified","No confident design or filename match"
"3868","3868.png","drawing-ads_starbucks-draws4_ZH.png","Unclassified","No confident design or filename match"
"7045","7045.png","DroneKamikaze_Craft.png","Unclassified","No confident design or filename match"
"7047","7047.png","DroneMultitarget_Craft.png","Unclassified","No confident design or filename match"
"7046","7046.png","DroneShiledBuster_Craft.png","Unclassified","No confident design or filename match"
"7044","7044.png","DroneTank_Craft.png","Unclassified","No confident design or filename match"
"1363","1363.png","Earth_background_Earth.png","Unclassified","No confident design or filename match"
"1362","1362.png","Earth_background_Space.png","Unclassified","No confident design or filename match"
"6128","6128.png","easter-2021_2_2.png","Unclassified","No confident design or filename match"
"6666","6666.png","Easter2022Promo.png","Unclassified","No confident design or filename match"
"7156","7156.png","Easter2023Promo.png","Unclassified","No confident design or filename match"
"4847","4847.png","EasterBankPromo.png","Unclassified","No confident design or filename match"
"7141","7141.png","EasterEggEngine.png","Unclassified","No confident design or filename match"
"6135","6135.png","Easter-Eggs-Ray-Specs.png","Unclassified","No confident design or filename match"
"9304","9304.png","ECMDronePulse.png","Unclassified","No confident design or filename match"
"7609","7609.png","EggTurret_Attack.png","Unclassified","No confident design or filename match"
"7608","7608.png","EggTurret_Idle.png","Unclassified","No confident design or filename match"
"1183","1183.png","Elf.png","Unclassified","No confident design or filename match"
"7318","7318.png","EliterhosenShorts.png","Unclassified","No confident design or filename match"
"3453","3453.png","EloneMuskFace.png","Unclassified","No confident design or filename match"
"1117","1117.png","EMP_efx_Animation.png","Unclassified","No confident design or filename match"
"1238","1238.png","EMP-Electric.png","Unclassified","No confident design or filename match"
"1404","1404.png","EMPLaserAnimation.png","Unclassified","No confident design or filename match"
"1557","1557.png","EMPLaserAnimation_middile.png","Unclassified","No confident design or filename match"
"1193","1193.png","EmpWaveAnimation.png","Unclassified","No confident design or filename match"
"7197","7197.png","Empyrean_Dragon_mini.png","Unclassified","No confident design or filename match"
"5901","5901.png","eng_HeavyAmorChest_Lv4.png","Unclassified","No confident design or filename match"
"9575","9575.png","EngagementVS.png","Unclassified","No confident design or filename match"
"5612","5612.png","engine_lv10_hydra.png","Unclassified","No confident design or filename match"
"1854","1854.png","EngineerOutfitHat.png","Unclassified","No confident design or filename match"
"1860","1860.png","EngineerOutfitHat_lv2.png","Unclassified","No confident design or filename match"
"1861","1861.png","EngineerOutfitHat_lv3.png","Unclassified","No confident design or filename match"
"1855","1855.png","EngineerOutfitJaket.png","Unclassified","No confident design or filename match"
"569","569.png","engineLineFed.png","Unclassified","No confident design or filename match"
"570","570.png","engineLineGold.png","Unclassified","No confident design or filename match"
"240","240.png","engineLinePirate.png","Unclassified","No confident design or filename match"
"571","571.png","engineLineRedEnermyAlien.png","Unclassified","No confident design or filename match"
"599","599.png","engineParticalAlien.png","Unclassified","No confident design or filename match"
"598","598.png","engineParticalFed.png","Unclassified","No confident design or filename match"
"241","241.png","engineParticalPirate.png","Unclassified","No confident design or filename match"
"8133","8133.png","EngineTrail_Motorbike.png","Unclassified","No confident design or filename match"
"447","447.png","Escape.png","Unclassified","No confident design or filename match"
"5009","5009.png","EventHorizon_Banner.png","Unclassified","No confident design or filename match"
"1710","1710.png","Event-UI-animation.png","Unclassified","No confident design or filename match"
"1712","1712.png","Event-UI-animation_ZH.png","Unclassified","No confident design or filename match"
"6250","6250.png","ExploreCompleteIcon.png","Unclassified","No confident design or filename match"
"1833","1833.png","FancyGalaxy_1.png","Unclassified","No confident design or filename match"
"4408","4408.png","FedCitizenFemale.png","Unclassified","No confident design or filename match"
"4412","4412.png","FedCitizenInfectedFemale.png","Unclassified","No confident design or filename match"
"4404","4404.png","FedCitizenInfectedMale.png","Unclassified","No confident design or filename match"
"4400","4400.png","FedCitizenMale.png","Unclassified","No confident design or filename match"
"6713","6713.png","FedCleats.png","Unclassified","No confident design or filename match"
"6714","6714.png","FedCleats_Lv2.png","Unclassified","No confident design or filename match"
"9257","9257.png","fedflagicon.png","Unclassified","No confident design or filename match"
"9258","9258.png","fedquackicon.png","Unclassified","No confident design or filename match"
"3830","3830.png","FedSentinel.png","Unclassified","No confident design or filename match"
"1235","1235.png","Fire1.png","Unclassified","No confident design or filename match"
"1236","1236.png","Fire2.png","Unclassified","No confident design or filename match"
"3350","3350.png","FiremanSuit.png","Unclassified","No confident design or filename match"
"1096","1096.png","FireSpot01_Animation.png","Unclassified","No confident design or filename match"
"1097","1097.png","FireSpot02_Animation.png","Unclassified","No confident design or filename match"
"1092","1092.png","fire-spots.png","Unclassified","No confident design or filename match"
"5229","5229.png","Firework_Animation.png","Unclassified","No confident design or filename match"
"5228","5228.png","Firwork_Mine.png","Unclassified","No confident design or filename match"
"1727","1727.png","FishTank_2x3_Animation.png","Unclassified","No confident design or filename match"
"1742","1742.png","FishTank_2x3_Lv2_Animation.png","Unclassified","No confident design or filename match"
"7730","7730.png","Fizzy.png","Unclassified","No confident design or filename match"
"1194","1194.png","FlagAnimation.png","Unclassified","No confident design or filename match"
"7114","7114.png","FlagBadgeAlt.png","Unclassified","No confident design or filename match"
"3593","3593.png","FlameThrowerAnimation.png","Unclassified","No confident design or filename match"
"3927","3927.png","FloatingFootball.png","Unclassified","No confident design or filename match"
"6628","6628.png","FloatingGear.png","Unclassified","No confident design or filename match"
"4831","4831.png","FlyingHuskyCrown.png","Unclassified","No confident design or filename match"
"4782","4782.png","FlyingPig_Lv1.png","Unclassified","No confident design or filename match"
"4783","4783.png","FlyingPig_Lv2.png","Unclassified","No confident design or filename match"
"4784","4784.png","FlyingPig_Lv3.png","Unclassified","No confident design or filename match"
"6249","6249.png","football_3x.png","Unclassified","No confident design or filename match"
"6863","6863.png","FootballFlag.png","Unclassified","No confident design or filename match"
"9452","9452.png","forge_emblem_ico.png","Unclassified","No confident design or filename match"
"3837","3837.png","formTitleBar.png","Unclassified","No confident design or filename match"
"3836","3836.png","formWithoutTitle.png","Unclassified","No confident design or filename match"
"6397","6397.png","FRE_Dove.png","Unclassified","No confident design or filename match"
"6396","6396.png","FRE_Tour.png","Unclassified","No confident design or filename match"
"5160","5160.png","FreezeMine_Lv1.png","Unclassified","No confident design or filename match"
"4874","4874.png","FridayHost.png","Unclassified","No confident design or filename match"
"6429","6429.png","GainStatAnimation.png","Unclassified","No confident design or filename match"
"9590","9590.png","GalactiChemicalLauncher.png","Unclassified","No confident design or filename match"
"5599","5599.png","Galaxy_reward_bolter.png","Unclassified","No confident design or filename match"
"5601","5601.png","Galaxy_reward_CaptainsPet.png","Unclassified","No confident design or filename match"
"5596","5596.png","Galaxy_reward_EMPCannon.png","Unclassified","No confident design or filename match"
"5598","5598.png","Galaxy_reward_engine.png","Unclassified","No confident design or filename match"
"5597","5597.png","Galaxy_reward_IonCannon.png","Unclassified","No confident design or filename match"
"5008","5008.png","GalaxyEvent-Button-animation.png","Unclassified","No confident design or filename match"
"9453","9453.png","gambling_ico.png","Unclassified","No confident design or filename match"
"4870","4870.png","GameConsole.png","Unclassified","No confident design or filename match"
"4166","4166.png","Game-Title.png","Unclassified","No confident design or filename match"
"6220","6220.png","Game-Title_JPN.png","Unclassified","No confident design or filename match"
"6221","6221.png","Game-Title_KR.png","Unclassified","No confident design or filename match"
"6217","6217.png","Game-Title_PT.png","Unclassified","No confident design or filename match"
"5411","5411.png","Game-Title_RU.png","Unclassified","No confident design or filename match"
"1677","1677.png","GameTitle_ZH.png","Unclassified","No confident design or filename match"
"4174","4174.png","Game-Title_ZH.png","Unclassified","No confident design or filename match"
"5421","5421.png","Game-Title_ZHT.png","Unclassified","No confident design or filename match"
"10475","10475.png","GammaBeam.png","Unclassified","No confident design or filename match"
"10472","10472.png","GammaBeamEmmiter_Destroyed.png","Unclassified","No confident design or filename match"
"10473","10473.png","GammaBeamEmmiter_ext.png","Unclassified","No confident design or filename match"
"10469","10469.png","GammaBeamEmmiter_lv1.png","Unclassified","No confident design or filename match"
"10470","10470.png","GammaBeamEmmiter_lv2.png","Unclassified","No confident design or filename match"
"10471","10471.png","GammaBeamEmmiter_lv3.png","Unclassified","No confident design or filename match"
"10474","10474.png","GammaBeamHit.png","Unclassified","No confident design or filename match"
"10476","10476.png","GammaBeamLaunch.png","Unclassified","No confident design or filename match"
"3873","3873.png","GasTrap_Lv1.png","Unclassified","No confident design or filename match"
"5985","5985.png","GasTrap_Lv2.png","Unclassified","No confident design or filename match"
"10106","10106.png","GasTrap_Lv3_animationsheet.png","Unclassified","No confident design or filename match"
"6247","6247.png","GlowEffect.png","Unclassified","No confident design or filename match"
"1172","1172.png","GoldenBoy.png","Unclassified","No confident design or filename match"
"7180","7180.png","GoldiePet.png","Unclassified","No confident design or filename match"
"6704","6704.png","gray-alien-craft.png","Unclassified","No confident design or filename match"
"6802","6802.png","GrayMerchantLogo.png","Unclassified","No confident design or filename match"
"6742","6742.png","GrayPromo.png","Unclassified","No confident design or filename match"
"6741","6741.png","GrayTiara.png","Unclassified","No confident design or filename match"
"6162","6162.png","green engine fire.png","Unclassified","No confident design or filename match"
"6163","6163.png","green engine partical.png","Unclassified","No confident design or filename match"
"3354","3354.png","gridBox.png","Unclassified","No confident design or filename match"
"979","979.png","ground_battle_desert.png","Unclassified","No confident design or filename match"
"6219","6219.png","ground-battle-cave.png","Unclassified","No confident design or filename match"
"10108","10108.png","Guardian Defence System_Lv5_animationsheet.png","Unclassified","No confident design or filename match"
"8029","8029.png","GuardianDefence_Lv4.png","Unclassified","No confident design or filename match"
"8879","8879.png","GuidedInterceptorMissileProtal_destroyed.png","Unclassified","No confident design or filename match"
"5389","5389.png","GxyPVPButtonShineAnimation.png","Unclassified","No confident design or filename match"
"10487","10487.png","HackEffect.png","Unclassified","No confident design or filename match"
"6420","6420.png","halloween-space-bg.png","Unclassified","No confident design or filename match"
"6792","6792.png","HamsterPet.png","Unclassified","No confident design or filename match"
"7859","7859.png","HamsterTube.png","Unclassified","No confident design or filename match"
"9778","9778.png","happy_burger_icon.png","Unclassified","No confident design or filename match"
"5296","5296.png","Happy_text_Drone.png","Unclassified","No confident design or filename match"
"8402","8402.png","hazard_icon.png","Unclassified","No confident design or filename match"
"5227","5227.png","Hazardbackground_EMP.png","Unclassified","No confident design or filename match"
"5682","5682.png","Hazardbackground_Fire.png","Unclassified","No confident design or filename match"
"5222","5222.png","HazardBackground_Freeze.png","Unclassified","No confident design or filename match"
"1239","1239.png","Healing.png","Unclassified","No confident design or filename match"
"6722","6722.png","HeatSinkCard.png","Unclassified","No confident design or filename match"
"8309","8309.png","Heavy Turbo Laser_beam.png","Unclassified","No confident design or filename match"
"8303","8303.png","HeavyTurboLaser_ext.png","Unclassified","No confident design or filename match"
"8310","8310.png","HeavyTurboLaser_hit.png","Unclassified","No confident design or filename match"
"8311","8311.png","HeavyTurboLaser_launch.png","Unclassified","No confident design or filename match"
"8304","8304.png","HellstormRocketBattery_ext.png","Unclassified","No confident design or filename match"
"10063","10063.png","HeraldCraftAnimation.png","Unclassified","No confident design or filename match"
"9454","9454.png","hotdog_ico.png","Unclassified","No confident design or filename match"
"9564","9564.png","Hwacha_ext.png","Unclassified","No confident design or filename match"
"6224","6224.png","Hydra_Phaser_Plasma_ext.png","Unclassified","No confident design or filename match"
"6222","6222.png","Hydra_Phaser_Plasma_final.png","Unclassified","No confident design or filename match"
"5055","5055.png","HydraMaskClone.png","Unclassified","No confident design or filename match"
"6693","6693.png","hydra-Shield-bubble-active.png","Unclassified","No confident design or filename match"
"6692","6692.png","hydra-Shield-bubble-standard.png","Unclassified","No confident design or filename match"
"8876","8876.png","i8873.png","Unclassified","No confident design or filename match"
"8875","8875.png","i8874.png","Unclassified","No confident design or filename match"
"1940","1940.png","iceEffectAnimation.png","Unclassified","No confident design or filename match"
"6347","6347.png","Icon_NoSuperWeapion.png","Unclassified","No confident design or filename match"
"4170","4170.png","Immu.png","Unclassified","No confident design or filename match"
"1721","1721.png","Immu_ZH.png","Unclassified","No confident design or filename match"
"568","568.png","inAppPurchaseStarBuxImgs.png","Unclassified","No confident design or filename match"
"6245","6245.png","Independence2021Promo.png","Unclassified","No confident design or filename match"
"6759","6759.png","IndependencePromo2022.png","Unclassified","No confident design or filename match"
"3548","3548.png","Individual_Frame.png","Unclassified","No confident design or filename match"
"3546","3546.png","Individual-icon.png","Unclassified","No confident design or filename match"
"3542","3542.png","individual-trophy.png","Unclassified","No confident design or filename match"
"4665","4665.png","IndoorPlant_Lv1.png","Unclassified","No confident design or filename match"
"4666","4666.png","IndoorPlant_Lv2.png","Unclassified","No confident design or filename match"
"4667","4667.png","IndoorPlant_Lv3.png","Unclassified","No confident design or filename match"
"4668","4668.png","IndoorPlant_Lv4.png","Unclassified","No confident design or filename match"
"379","379.png","introUi_1.png","Unclassified","No confident design or filename match"
"6210","6210.png","InventoryDetailPanel.png","Unclassified","No confident design or filename match"
"9485","9485.png","IonCannon_CrescentCannon.png","Unclassified","No confident design or filename match"
"6363","6363.png","IonCannon_dove_Reward.png","Unclassified","No confident design or filename match"
"6362","6362.png","IonCannon_Hydra_Reward.png","Unclassified","No confident design or filename match"
"10110","10110.png","IonCannon_Lv6_animationsheet.png","Unclassified","No confident design or filename match"
"10659","10659.png","IonCannonLaserAnimation_Compressed.png","Unclassified","No confident design or filename match"
"7324","7324.png","IonCannonLaserAnimation_Overcharged.png","Unclassified","No confident design or filename match"
"7325","7325.png","IonCannonLaserAnimation_Unstable.png","Unclassified","No confident design or filename match"
"1399","1399.png","IronCannon_Hit-Animation.png","Unclassified","No confident design or filename match"
"1398","1398.png","IronCannon_Launch_Animation.png","Unclassified","No confident design or filename match"
"3406","3406.png","IronMask_Lv2.png","Unclassified","No confident design or filename match"
"10634","10634.png","IronSandbug.png","Unclassified","No confident design or filename match"
"10167","10167.png","Irraditor_Lv10.png","Unclassified","No confident design or filename match"
"6291","6291.png","ItaSoccerJersey.png","Unclassified","No confident design or filename match"
"4469","4469.png","jackolanternicon.png","Unclassified","No confident design or filename match"
"6829","6829.png","JesterHat.png","Unclassified","No confident design or filename match"
"6130","6130.png","jetpack-bunny.png","Unclassified","No confident design or filename match"
"2012","2012.png","JobsPorfile.png","Unclassified","No confident design or filename match"
"4632","4632.png","jungle-qta-background-pixelate.png","Unclassified","No confident design or filename match"
"7052","7052.png","KamikazeHitAnimation.png","Unclassified","No confident design or filename match"
"3651","3651.png","KiasCannonSmoke.png","Unclassified","No confident design or filename match"
"3640","3640.png","KiasKannon.png","Unclassified","No confident design or filename match"
"3648","3648.png","KiasKannonDestoried.png","Unclassified","No confident design or filename match"
"3639","3639.png","KiasKannonExterior.png","Unclassified","No confident design or filename match"
"606","606.png","KickstarterPhaser.png","Unclassified","No confident design or filename match"
"10127","10127.png","KingCraftAnimation.png","Unclassified","No confident design or filename match"
"9455","9455.png","kitsune_ico.png","Unclassified","No confident design or filename match"
"1713","1713.png","KnifeAnimation.png","Unclassified","No confident design or filename match"
"1595","1595.png","Landmine_1.png","Unclassified","No confident design or filename match"
"4547","4547.png","Landmine_Lv3.png","Unclassified","No confident design or filename match"
"4573","4573.png","Landmine_Lv4.png","Unclassified","No confident design or filename match"
"1581","1581.png","Landmine-Animation.png","Unclassified","No confident design or filename match"
"7540","7540.png","lantern coin 32x32.png","Unclassified","No confident design or filename match"
"1853","1853.png","LargeDrone.png","Unclassified","No confident design or filename match"
"4846","4846.png","LargerLeagueIcons.png","Unclassified","No confident design or filename match"
"131","131.png","Laser.png","Unclassified","No confident design or filename match"
"197","197.png","Laser_hit_explosion.png","Unclassified","No confident design or filename match"
"4044","4044.png","LaserBlaster_destoryed.png","Unclassified","No confident design or filename match"
"8248","8248.png","LaserBlaster_Gerbil.png","Unclassified","No confident design or filename match"
"8247","8247.png","LaserBlaster_Tournament.png","Unclassified","No confident design or filename match"
"4019","4019.png","LaserBlasterBeamAnimation.png","Unclassified","No confident design or filename match"
"4240","4240.png","LaserSpikes.png","Unclassified","No confident design or filename match"
"7331","7331.png","LaunchpadCraft.png","Unclassified","No confident design or filename match"
"6253","6253.png","LeagueIconGlow.png","Unclassified","No confident design or filename match"
"9275","9275.png","Lift_Cosmosome.png","Unclassified","No confident design or filename match"
"1532","1532.png","LiftTrack_Blue.png","Unclassified","No confident design or filename match"
"1534","1534.png","LiftTrack_Dark.png","Unclassified","No confident design or filename match"
"1535","1535.png","LiftTrack_Green.png","Unclassified","No confident design or filename match"
"1536","1536.png","LiftTrack_Red.png","Unclassified","No confident design or filename match"
"1533","1533.png","LiftTrack_Yellow.png","Unclassified","No confident design or filename match"
"1901","1901.png","LightHouseExterior_Animation.png","Unclassified","No confident design or filename match"
"9278","9278.png","Lion L.png","Unclassified","No confident design or filename match"
"7385","7385.png","LIONCannonExterior.png","Unclassified","No confident design or filename match"
"6433","6433.png","Liquid_2x2.png","Unclassified","No confident design or filename match"
"9779","9779.png","littile_spinder_icon.png","Unclassified","No confident design or filename match"
"3299","3299.png","LoadingAnimation.png","Unclassified","No confident design or filename match"
"9904","9904.png","LoadingScene_GITS_L.png","Unclassified","No confident design or filename match"
"9905","9905.png","LoadingScene_GITS_R.png","Unclassified","No confident design or filename match"
"10652","10652.png","LoadingScene_Kennysgifs_L.png","Unclassified","No confident design or filename match"
"10653","10653.png","LoadingScene_Kennysgifs_R.png","Unclassified","No confident design or filename match"
"4167","4167.png","localization_UI.png","Unclassified","No confident design or filename match"
"6894","6894.png","localization_UI_AR.png","Unclassified","No confident design or filename match"
"6887","6887.png","localization_UI_DE.png","Unclassified","No confident design or filename match"
"6889","6889.png","localization_UI_ES.png","Unclassified","No confident design or filename match"
"6888","6888.png","localization_UI_FR.png","Unclassified","No confident design or filename match"
"6897","6897.png","localization_UI_ID.png","Unclassified","No confident design or filename match"
"6891","6891.png","localization_UI_JA.png","Unclassified","No confident design or filename match"
"6892","6892.png","localization_UI_KO.png","Unclassified","No confident design or filename match"
"6909","6909.png","localization_UI_PT.png","Unclassified","No confident design or filename match"
"5413","5413.png","localization_UI_RU.png","Unclassified","No confident design or filename match"
"6893","6893.png","localization_UI_TR.png","Unclassified","No confident design or filename match"
"6895","6895.png","localization_UI_VI.png","Unclassified","No confident design or filename match"
"4168","4168.png","localization_UI_ZH.png","Unclassified","No confident design or filename match"
"6898","6898.png","localization_UI_ZHT.png","Unclassified","No confident design or filename match"
"1519","1519.png","LottoScratch.png","Unclassified","No confident design or filename match"
"1517","1517.png","LottoTicket.png","Unclassified","No confident design or filename match"
"1722","1722.png","LottoTicket_ZH.png","Unclassified","No confident design or filename match"
"1518","1518.png","LottoTicketTable.png","Unclassified","No confident design or filename match"
"6737","6737.png","Lv2PackIcon.png","Unclassified","No confident design or filename match"
"6736","6736.png","Lv2Promo.png","Unclassified","No confident design or filename match"
"6504","6504.png","Lv9Promo.png","Unclassified","No confident design or filename match"
"4835","4835.png","MadAdmiral_horror.png","Unclassified","No confident design or filename match"
"3445","3445.png","MagazineBlock_1.png","Unclassified","No confident design or filename match"
"3577","3577.png","MagazineBlock_11.png","Unclassified","No confident design or filename match"
"3446","3446.png","MagazineBlock_2.png","Unclassified","No confident design or filename match"
"3448","3448.png","MagazineBlock_4.png","Unclassified","No confident design or filename match"
"3449","3449.png","MagazineBlock_5.png","Unclassified","No confident design or filename match"
"3566","3566.png","MagazineBlock_6.png","Unclassified","No confident design or filename match"
"3567","3567.png","MagazineBlock_7.png","Unclassified","No confident design or filename match"
"3568","3568.png","MagazineBlock_8.png","Unclassified","No confident design or filename match"
"3569","3569.png","MagazineBlock_9.png","Unclassified","No confident design or filename match"
"4658","4658.png","magzine_xmas_2.png","Unclassified","No confident design or filename match"
"4660","4660.png","magzine_xmas_large.png","Unclassified","No confident design or filename match"
"6121","6121.png","mars rover.png","Unclassified","No confident design or filename match"
"3942","3942.png","MaskyAssassinAmor.png","Unclassified","No confident design or filename match"
"3943","3943.png","MaskyAssassinFoot.png","Unclassified","No confident design or filename match"
"1996","1996.png","McGreg.png","Unclassified","No confident design or filename match"
"8474","8474.png","MedBay_VenomExtractor.png","Unclassified","No confident design or filename match"
"8089","8089.png","MeleeAttackAnimation.png","Unclassified","No confident design or filename match"
"1847","1847.png","menu_info_box_assets.png","Unclassified","No confident design or filename match"
"57","57.png","menu-UI_Final-Version.png","Unclassified","No confident design or filename match"
"4095","4095.png","MiniAutoLaser.png","Unclassified","No confident design or filename match"
"8050","8050.png","MiniDoomSphere.png","Unclassified","No confident design or filename match"
"10145","10145.png","MiningGasLaser_Lv18Animation.png","Unclassified","No confident design or filename match"
"5667","5667.png","MiningGasLaser_Lv1Animation.png","Unclassified","No confident design or filename match"
"5668","5668.png","MiningGasLaser_Lv2Animation.png","Unclassified","No confident design or filename match"
"5669","5669.png","MiningGasLaser_Lv3Animation.png","Unclassified","No confident design or filename match"
"5670","5670.png","MiningGasLaser_Lv4Animation.png","Unclassified","No confident design or filename match"
"5671","5671.png","MiningGasLaser_Lv5Animation.png","Unclassified","No confident design or filename match"
"5672","5672.png","MiningGasLaser_Lv6Animation.png","Unclassified","No confident design or filename match"
"5673","5673.png","MiningGasLaser_Lv7Animation.png","Unclassified","No confident design or filename match"
"5674","5674.png","MiningGasLaser_Lv8Animation.png","Unclassified","No confident design or filename match"
"7977","7977.png","MiningGasLaser_Lv9.png","Unclassified","No confident design or filename match"
"3371","3371.png","MiniReaper.png","Unclassified","No confident design or filename match"
"8525","8525.png","MiniSummitStarbreaker.png","Unclassified","No confident design or filename match"
"10144","10144.png","MinningLaser_Lv18_Animation.png","Unclassified","No confident design or filename match"
"218","218.png","Missile rear smoke.png","Unclassified","No confident design or filename match"
"1088","1088.png","MissileLaunchSmoke.png","Unclassified","No confident design or filename match"
"688","688.png","missile-new-design.png","Unclassified","No confident design or filename match"
"8308","8308.png","MissilePod_ext.png","Unclassified","No confident design or filename match"
"10150","10150.png","MissilePod_lv2_animationsheet.png","Unclassified","No confident design or filename match"
"10151","10151.png","MissilePod_lv3_animationsheet.png","Unclassified","No confident design or filename match"
"10152","10152.png","MissilePod_lv4_animationsheet.png","Unclassified","No confident design or filename match"
"10153","10153.png","MissilePod_lv5_animationsheet.png","Unclassified","No confident design or filename match"
"10154","10154.png","MissilePod_lv6_animationsheet.png","Unclassified","No confident design or filename match"
"217","217.png","missle_hit_explosion.psd.png","Unclassified","No confident design or filename match"
"6380","6380.png","Moon2021Promo.png","Unclassified","No confident design or filename match"
"6378","6378.png","moonfest_accessary_luna.png","Unclassified","No confident design or filename match"
"6369","6369.png","moon-fest-space-bg-parallax.png","Unclassified","No confident design or filename match"
"4973","4973.png","MothersDay_Garden_Priz.png","Unclassified","No confident design or filename match"
"6207","6207.png","MothersDay2021Promo.png","Unclassified","No confident design or filename match"
"7217","7217.png","Multi-targetAAMissile_Destroyed.png","Unclassified","No confident design or filename match"
"7218","7218.png","Multi-targetAAMissile_ext.png","Unclassified","No confident design or filename match"
"7214","7214.png","Multi-targetAAMissile_Lv1.png","Unclassified","No confident design or filename match"
"7215","7215.png","Multi-targetAAMissile_Lv2.png","Unclassified","No confident design or filename match"
"7216","7216.png","Multi-targetAAMissile_Lv3.png","Unclassified","No confident design or filename match"
"259","259.png","nebula_cloud_1.png","Unclassified","No confident design or filename match"
"260","260.png","nebula_cloud_2.png","Unclassified","No confident design or filename match"
"967","967.png","New_Aerolite.png","Unclassified","No confident design or filename match"
"5986","5986.png","New_asteroid.png","Unclassified","No confident design or filename match"
"6129","6129.png","New_Easter_Aerolite.png","Unclassified","No confident design or filename match"
"5298","5298.png","New_text_Drone.png","Unclassified","No confident design or filename match"
"4045","4045.png","New-AI-Assistant.png","Unclassified","No confident design or filename match"
"3844","3844.png","NewHaloEFX.png","Unclassified","No confident design or filename match"
"4994","4994.png","NewTourRewardDrone.png","Unclassified","No confident design or filename match"
"5018","5018.png","NewTourRewardDrone_Clone.png","Unclassified","No confident design or filename match"
"7371","7371.png","Nova-pixel.png","Unclassified","No confident design or filename match"
"6450","6450.png","NuclearEngineCard.png","Unclassified","No confident design or filename match"
"5435","5435.png","Nuke_destory_animation.png","Unclassified","No confident design or filename match"
"5436","5436.png","Nuke_destory_animation_2.png","Unclassified","No confident design or filename match"
"5437","5437.png","Nuke_destory_animation_type2_hole.png","Unclassified","No confident design or filename match"
"7219","7219.png","NukeExplotionAnimation.png","Unclassified","No confident design or filename match"
"5133","5133.png","OctReward_Sprinkle.png","Unclassified","No confident design or filename match"
"5134","5134.png","OctReward_SprinkleAlter.png","Unclassified","No confident design or filename match"
"8576","8576.png","OmeggaEggsRay.png","Unclassified","No confident design or filename match"
"4522","4522.png","OrangeBun.png","Unclassified","No confident design or filename match"
"6370","6370.png","orbit-planet.png","Unclassified","No confident design or filename match"
"4997","4997.png","PageCircle.png","Unclassified","No confident design or filename match"
"4998","4998.png","PageCircle8x8.png","Unclassified","No confident design or filename match"
"5215","5215.png","Particle_Snowflake.png","Unclassified","No confident design or filename match"
"7838","7838.png","PaulVoltaire.png","Unclassified","No confident design or filename match"
"9456","9456.png","penguin_knight_ico.png","Unclassified","No confident design or filename match"
"9909","9909.png","Pet_Li15P.png","Unclassified","No confident design or filename match"
"8607","8607.png","Pet_Lizard.png","Unclassified","No confident design or filename match"
"8608","8608.png","Pet_Strongbird.png","Unclassified","No confident design or filename match"
"5060","5060.png","PetDrone.png","Unclassified","No confident design or filename match"
"4848","4848.png","PetRabbit.png","Unclassified","No confident design or filename match"
"4889","4889.png","PetSnake.png","Unclassified","No confident design or filename match"
"5212","5212.png","PetSnowman.png","Unclassified","No confident design or filename match"
"1118","1118.png","PhacerLaunchAnimaition.png","Unclassified","No confident design or filename match"
"4771","4771.png","photon_2x2_Destroyed.png","Unclassified","No confident design or filename match"
"4755","4755.png","Photon2x2_Lv1_Animation.png","Unclassified","No confident design or filename match"
"4756","4756.png","Photon2x2_Lv2_Animation.png","Unclassified","No confident design or filename match"
"4757","4757.png","Photon2x2_Lv3_Animation.png","Unclassified","No confident design or filename match"
"4758","4758.png","Photon2x2_Lv4_Animation.png","Unclassified","No confident design or filename match"
"4759","4759.png","Photon2x2_Lv5_Animation.png","Unclassified","No confident design or filename match"
"4760","4760.png","Photon2x2_Lv6_Animation.png","Unclassified","No confident design or filename match"
"4761","4761.png","Photon2x2_Lv7_Animation.png","Unclassified","No confident design or filename match"
"4803","4803.png","PhotonBeamAnimation.png","Unclassified","No confident design or filename match"
"4804","4804.png","PhotonBeamHitAnimation.png","Unclassified","No confident design or filename match"
"8022","8022.png","PhotonDisrupter_Lv7.png","Unclassified","No confident design or filename match"
"4026","4026.png","PhotonDisrupterAnimation.png","Unclassified","No confident design or filename match"
"4043","4043.png","PhotonDisruptor_destoryed.png","Unclassified","No confident design or filename match"
"4799","4799.png","PhotonDisruptorExterior2X2.png","Unclassified","No confident design or filename match"
"4805","4805.png","PhotonLaunchAnimation.png","Unclassified","No confident design or filename match"
"4213","4213.png","pilot_NavySetPant_Lv1.png","Unclassified","No confident design or filename match"
"4219","4219.png","pilot_NavySetPant_Lv3.png","Unclassified","No confident design or filename match"
"7225","7225.png","pilot_NavySetPant_Lv4.png","Unclassified","No confident design or filename match"
"4212","4212.png","pilot_NavySetSuit_Lv1.png","Unclassified","No confident design or filename match"
"4215","4215.png","pilot_NavySetSuit_Lv2.png","Unclassified","No confident design or filename match"
"4218","4218.png","pilot_NavySetSuit_Lv3.png","Unclassified","No confident design or filename match"
"7224","7224.png","pilot_NavySetSuit_Lv4.png","Unclassified","No confident design or filename match"
"4939","4939.png","PinkPetRabbit.png","Unclassified","No confident design or filename match"
"5439","5439.png","PinkPetRabbit_Lv2.png","Unclassified","No confident design or filename match"
"4972","4972.png","pink-scalf.png","Unclassified","No confident design or filename match"
"9259","9259.png","pirlfagicon.png","Unclassified","No confident design or filename match"
"9887","9887.png","PodCard_BP32.png","Unclassified","No confident design or filename match"
"10636","10636.png","PodCard_BP35.png","Unclassified","No confident design or filename match"
"1709","1709.png","PointingArrowAnimation.png","Unclassified","No confident design or filename match"
"5350","5350.png","Poison_damage_hole.png","Unclassified","No confident design or filename match"
"1237","1237.png","PoisonGas.png","Unclassified","No confident design or filename match"
"6131","6131.png","poison-Laser-beam-animation.png","Unclassified","No confident design or filename match"
"7709","7709.png","PortableHoopSprinkler.png","Unclassified","No confident design or filename match"
"7646","7646.png","PowerPeep.png","Unclassified","No confident design or filename match"
"4656","4656.png","presitge-pod-parts.png","Unclassified","No confident design or filename match"
"7333","7333.png","PretzelTurret.png","Unclassified","No confident design or filename match"
"7332","7332.png","PretzelTurretIdle.png","Unclassified","No confident design or filename match"
"10534","10534.png","Pride2026Promo.png","Unclassified","No confident design or filename match"
"7805","7805.png","Pride-month-promo.png","Unclassified","No confident design or filename match"
"7806","7806.png","Pride-month-promo-icon.png","Unclassified","No confident design or filename match"
"7721","7721.png","Prologue CardBg BP19.png","Unclassified","No confident design or filename match"
"9615","9615.png","PrologueBg_BP31.png","Unclassified","No confident design or filename match"
"9885","9885.png","PrologueBg_BP32.png","Unclassified","No confident design or filename match"
"9956","9956.png","PrologueBg_BP33.png","Unclassified","No confident design or filename match"
"10443","10443.png","PrologueBg_BP34.png","Unclassified","No confident design or filename match"
"10624","10624.png","PrologueBg_BP35.png","Unclassified","No confident design or filename match"
"9614","9614.png","PrologueFg_BP31.png","Unclassified","No confident design or filename match"
"9886","9886.png","PrologueFg_BP32.png","Unclassified","No confident design or filename match"
"9957","9957.png","PrologueFg_BP33.png","Unclassified","No confident design or filename match"
"10444","10444.png","PrologueFg_BP34.png","Unclassified","No confident design or filename match"
"10625","10625.png","PrologueFg_BP35.png","Unclassified","No confident design or filename match"
"7647","7647.png","ProtonPeep.png","Unclassified","No confident design or filename match"
"9494","9494.png","PSCB-1_Placeholder.png","Unclassified","No confident design or filename match"
"9571","9571.png","PSCB-11_PodCard.png","Unclassified","No confident design or filename match"
"9554","9554.png","PSCB-13 CardBG_BP30_Paceholder.png","Unclassified","No confident design or filename match"
"9322","9322.png","PSCB-19_Crafts.png","Unclassified","No confident design or filename match"
"9495","9495.png","PSCB-2_Placeholder.png","Unclassified","No confident design or filename match"
"9496","9496.png","PSCB-3_Placeholder.png","Unclassified","No confident design or filename match"
"9497","9497.png","PSCB-4_Placeholder.png","Unclassified","No confident design or filename match"
"9492","9492.png","PSCB-5_Pet_Placeholder.png","Unclassified","No confident design or filename match"
"9493","9493.png","PSCB-5_Placeholder.png","Unclassified","No confident design or filename match"
"9502","9502.png","PSCB-6_Placeholder.png","Unclassified","No confident design or filename match"
"9555","9555.png","PSCB-7_Placeholder.png","Unclassified","No confident design or filename match"
"4662","4662.png","PSS_Cap_ver1.png","Unclassified","No confident design or filename match"
"6472","6472.png","pss-2021-xmas-bg.png","Unclassified","No confident design or filename match"
"7111","7111.png","PSS-Bpass-S10-landmine.png","Unclassified","No confident design or filename match"
"7227","7227.png","PSS-Bpass-S13-bg__7227.png","Unclassified","No confident design or filename match"
"9298","9298.png","PSS-Bpass-S27-TractorBeamEmitter.png","Unclassified","No confident design or filename match"
"6933","6933.png","PSS-Bpass-S9-deep-freeze-bg.png","Unclassified","No confident design or filename match"
"6497","6497.png","PSS-main-title-default.png","Unclassified","No confident design or filename match"
"5129","5129.png","PumpkinPetLarge.png","Unclassified","No confident design or filename match"
"5128","5128.png","PumpkinPetSmall.png","Unclassified","No confident design or filename match"
"1625","1625.png","PVP-UI-animation.png","Unclassified","No confident design or filename match"
"1640","1640.png","PVP-UI-animation_Active.png","Unclassified","No confident design or filename match"
"1711","1711.png","PVP-UI-animation_ZH.png","Unclassified","No confident design or filename match"
"10396","10396.png","pwez_ico.png","Unclassified","No confident design or filename match"
"9260","9260.png","qtaflagicon.png","Unclassified","No confident design or filename match"
"6715","6715.png","QtaMarker.png","Unclassified","No confident design or filename match"
"6716","6716.png","QtaMarker_Lv2.png","Unclassified","No confident design or filename match"
"4702","4702.png","quiz-scene.png","Unclassified","No confident design or filename match"
"5024","5024.png","quiz-scene_box.png","Unclassified","No confident design or filename match"
"10397","10397.png","rabbitgirl_ico.png","Unclassified","No confident design or filename match"
"4950","4950.png","RadarScan.png","Unclassified","No confident design or filename match"
"4840","4840.png","radial glare.png","Unclassified","No confident design or filename match"
"9457","9457.png","radiant_dog_ico.png","Unclassified","No confident design or filename match"
"10486","10486.png","RadiationEffect.png","Unclassified","No confident design or filename match"
"5385","5385.png","Radience_beacon_Exterior.png","Unclassified","No confident design or filename match"
"7786","7786.png","Rainbow.png","Unclassified","No confident design or filename match"
"10398","10398.png","raldorian_ico.png","Unclassified","No confident design or filename match"
"8470","8470.png","RattleSnakeTurret_Attack.png","Unclassified","No confident design or filename match"
"7832","7832.png","ReadyDozerbelt.png","Unclassified","No confident design or filename match"
"9331","9331.png","RecallBeacon_SausageGrill.png","Unclassified","No confident design or filename match"
"8124","8124.png","RecallBeacon_Stick.png","Unclassified","No confident design or filename match"
"4035","4035.png","RedLaser.png","Unclassified","No confident design or filename match"
"8751","8751.png","RepairDroneBeam.png","Unclassified","No confident design or filename match"
"6282","6282.png","ResurrectionAnimation.png","Unclassified","No confident design or filename match"
"5382","5382.png","Reward_beacon_Samll.png","Unclassified","No confident design or filename match"
"5383","5383.png","Reward_beacon_Samll_Exterior.png","Unclassified","No confident design or filename match"
"5677","5677.png","reward_capacitor_2x1.png","Unclassified","No confident design or filename match"
"4384","4384.png","RewardBarrier.png","Unclassified","No confident design or filename match"
"4752","4752.png","RewardBlockBronzeMid.png","Unclassified","No confident design or filename match"
"4679","4679.png","RewardBlockGoldLarge.png","Unclassified","No confident design or filename match"
"4681","4681.png","RewardBlockGoldMid.png","Unclassified","No confident design or filename match"
"4680","4680.png","RewardBlockSilverLarge.png","Unclassified","No confident design or filename match"
"4682","4682.png","RewardBlockSilverMid.png","Unclassified","No confident design or filename match"
"10580","10580.png","RewardCardBg_BP35.png","Unclassified","No confident design or filename match"
"6246","6246.png","RewardFrame.png","Unclassified","No confident design or filename match"
"5717","5717.png","RewardMaksBlue.png","Unclassified","No confident design or filename match"
"5718","5718.png","RewardMaksRed.png","Unclassified","No confident design or filename match"
"9277","9277.png","Ribbons.png","Unclassified","No confident design or filename match"
"5036","5036.png","RiceCrop.png","Unclassified","No confident design or filename match"
"3241","3241.png","RoboticsBay_Lv1_Destoryed.png","Unclassified","No confident design or filename match"
"6799","6799.png","RobotMerchantBg.png","Unclassified","No confident design or filename match"
"6800","6800.png","RobotMerchantLogo.png","Unclassified","No confident design or filename match"
"2026","2026.png","RobotServant.png","Unclassified","No confident design or filename match"
"3051","3051.png","RobotServant2.png","Unclassified","No confident design or filename match"
"3052","3052.png","RobotServant3.png","Unclassified","No confident design or filename match"
"6125","6125.png","RocketArtilleryLauncher_ext_ardent.png","Unclassified","No confident design or filename match"
"9566","9566.png","RocketArtilleryLauncher_ext_destroyed.png","Unclassified","No confident design or filename match"
"707","707.png","RocketArtilleryLauncher_ext_fed.png","Unclassified","No confident design or filename match"
"709","709.png","RocketArtilleryLauncher_ext_gray.png","Unclassified","No confident design or filename match"
"708","708.png","RocketArtilleryLauncher_ext_pir.png","Unclassified","No confident design or filename match"
"706","706.png","RocketArtilleryLauncher_ext_qta.png","Unclassified","No confident design or filename match"
"5062","5062.png","RocketArtilleryLauncher_ext_visiri.png","Unclassified","No confident design or filename match"
"4832","4832.png","RoseMask.png","Unclassified","No confident design or filename match"
"5441","5441.png","RushExplorationRadarIcon.png","Unclassified","No confident design or filename match"
"6773","6773.png","RuskBucketTitleBg.png","Unclassified","No confident design or filename match"
"8403","8403.png","sakura_icon.png","Unclassified","No confident design or filename match"
"6942","6942.png","sale-stamps.png","Unclassified","No confident design or filename match"
"6944","6944.png","sale-stamps_ZH.png","Unclassified","No confident design or filename match"
"10064","10064.png","SaviorCraftAnimation.png","Unclassified","No confident design or filename match"
"1651","1651.png","School_Lv1.png","Unclassified","No confident design or filename match"
"1652","1652.png","School_Lv2.png","Unclassified","No confident design or filename match"
"1653","1653.png","School_Lv3.png","Unclassified","No confident design or filename match"
"1668","1668.png","School_Lv4.png","Unclassified","No confident design or filename match"
"1669","1669.png","School_Lv5.png","Unclassified","No confident design or filename match"
"1670","1670.png","School_Lv6.png","Unclassified","No confident design or filename match"
"1704","1704.png","School_Lv7.png","Unclassified","No confident design or filename match"
"1803","1803.png","School_Lv8.png","Unclassified","No confident design or filename match"
"1804","1804.png","School_Lv9.png","Unclassified","No confident design or filename match"
"3047","3047.png","Scourge_type1.png","Unclassified","No confident design or filename match"
"6776","6776.png","scracth-post.png","Unclassified","No confident design or filename match"
"8575","8575.png","ScrambledEggsRay.png","Unclassified","No confident design or filename match"
"69","69.png","searching-bg.png","Unclassified","No confident design or filename match"
"7967","7967.png","SecurityGate_Acid.png","Unclassified","No confident design or filename match"
"9578","9578.png","SecurityGate_Beer.png","Unclassified","No confident design or filename match"
"7966","7966.png","SecurityGate_StoneGate.png","Unclassified","No confident design or filename match"
"8028","8028.png","SeekerDefence_Lv4.png","Unclassified","No confident design or filename match"
"10173","10173.png","SeekerLv5.png","Unclassified","No confident design or filename match"
"6110","6110.png","SeekerMissile_Lv1.png","Unclassified","No confident design or filename match"
"6111","6111.png","SeekerMissile_Lv2.png","Unclassified","No confident design or filename match"
"6112","6112.png","SeekerMissile_Lv3.png","Unclassified","No confident design or filename match"
"6117","6117.png","SeekerMissileExterior.png","Unclassified","No confident design or filename match"
"5245","5245.png","self_invulnerability_animation.png","Unclassified","No confident design or filename match"
"6872","6872.png","Senate-City-Background-int.png","Unclassified","No confident design or filename match"
"6873","6873.png","SenatePlanetBackground.png","Unclassified","No confident design or filename match"
"127","127.png","shield.png","Unclassified","No confident design or filename match"
"9483","9483.png","Shield_Gerbil.png","Unclassified","No confident design or filename match"
"9484","9484.png","Shield_GerbilActive.png","Unclassified","No confident design or filename match"
"8527","8527.png","Shield_RewardTrek.png","Unclassified","No confident design or filename match"
"8528","8528.png","Shield_RewardTrekActive.png","Unclassified","No confident design or filename match"
"128","128.png","shieldActive.png","Unclassified","No confident design or filename match"
"10440","10440.png","ShieldCapacitor_SporocarpAspirator.png","Unclassified","No confident design or filename match"
"8596","8596.png","ShieldCapacitor_Yarn.png","Unclassified","No confident design or filename match"
"4171","4171.png","ShieldDamageAnimation.png","Unclassified","No confident design or filename match"
"7449","7449.png","ShieldDiamond.png","Unclassified","No confident design or filename match"
"7450","7450.png","ShieldDiamondActive.png","Unclassified","No confident design or filename match"
"7451","7451.png","ShieldIce.png","Unclassified","No confident design or filename match"
"7452","7452.png","ShieldIceActive.png","Unclassified","No confident design or filename match"
"9963","9963.png","ShieldOvercharger_CosmicAnomaly.png","Unclassified","No confident design or filename match"
"9333","9333.png","ShieldOvercharger_Infected.png","Unclassified","No confident design or filename match"
"8526","8526.png","ShieldRoon_RewardTrek.png","Unclassified","No confident design or filename match"
"4827","4827.png","ShopCrrewTapIcon.png","Unclassified","No confident design or filename match"
"4826","4826.png","ShopTabButton.png","Unclassified","No confident design or filename match"
"8204","8204.png","SIDRAT_1.2_only_lift_tube__8204.png","Unclassified","No confident design or filename match"
"8005","8005.png","SilkStockings.png","Unclassified","No confident design or filename match"
"7360","7360.png","SingularityMine.png","Unclassified","No confident design or filename match"
"3854","3854.png","Skill_Critical.png","Unclassified","No confident design or filename match"
"7731","7731.png","Skill_CryoField.png","Unclassified","No confident design or filename match"
"7732","7732.png","Skill_Explosion.png","Unclassified","No confident design or filename match"
"7733","7733.png","Skill_Feedback.png","Unclassified","No confident design or filename match"
"3855","3855.png","Skill_InstantKill.png","Unclassified","No confident design or filename match"
"7734","7734.png","Skill_Mariners.png","Unclassified","No confident design or filename match"
"7735","7735.png","Skill_PrinterRepair.png","Unclassified","No confident design or filename match"
"7738","7738.png","Skill_Reinforced.png","Unclassified","No confident design or filename match"
"3853","3853.png","Skill_Resurection.png","Unclassified","No confident design or filename match"
"7736","7736.png","Skill_Slippery.png","Unclassified","No confident design or filename match"
"7737","7737.png","Skill_Warp.png","Unclassified","No confident design or filename match"
"7753","7753.png","Skill_Zombie.png","Unclassified","No confident design or filename match"
"9782","9782.png","skull_icon_02.png","Unclassified","No confident design or filename match"
"10484","10484.png","SlowEffect.png","Unclassified","No confident design or filename match"
"6434","6434.png","SludgePipes.png","Unclassified","No confident design or filename match"
"6449","6449.png","SlugPipeCard.png","Unclassified","No confident design or filename match"
"6959","6959.png","SnowballLight_2x2.png","Unclassified","No confident design or filename match"
"4577","4577.png","SnowCanon.png","Unclassified","No confident design or filename match"
"7444","7444.png","Snowflake_32x32.png","Unclassified","No confident design or filename match"
"7445","7445.png","Snowflake_98x98.png","Unclassified","No confident design or filename match"
"6916","6916.png","SnowSprinkler.png","Unclassified","No confident design or filename match"
"6917","6917.png","SnowSprinklerAnimation.png","Unclassified","No confident design or filename match"
"3925","3925.png","SoccerJerseys.png","Unclassified","No confident design or filename match"
"5652","5652.png","SocialMediaLogos.png","Unclassified","No confident design or filename match"
"9468","9468.png","Socks.png","Unclassified","No confident design or filename match"
"1093","1093.png","SolarFlame.png","Unclassified","No confident design or filename match"
"4466","4466.png","space-background.png","Unclassified","No confident design or filename match"
"236","236.png","Space-background_1.png","Unclassified","No confident design or filename match"
"257","257.png","Space-background_2__257.png","Unclassified","No confident design or filename match"
"601","601.png","Space-background_2__601.png","Unclassified","No confident design or filename match"
"966","966.png","Space-background_3.png","Unclassified","No confident design or filename match"
"10584","10584.png","SpaceBg_BP35.png","Unclassified","No confident design or filename match"
"232","232.png","SpaceTrashes.png","Unclassified","No confident design or filename match"
"9458","9458.png","spartan_ico.png","Unclassified","No confident design or filename match"
"10434","10434.png","SporeSprinklerAnimation.png","Unclassified","No confident design or filename match"
"1827","1827.png","Sprinkle.png","Unclassified","No confident design or filename match"
"1984","1984.png","Sprinkle_Lv2.png","Unclassified","No confident design or filename match"
"1985","1985.png","Sprinkle_Lv3.png","Unclassified","No confident design or filename match"
"1986","1986.png","Sprinkle_Lv4.png","Unclassified","No confident design or filename match"
"2008","2008.png","Sprinkle_water_splash_animation.png","Unclassified","No confident design or filename match"
"6838","6838.png","SprinklerCard.png","Unclassified","No confident design or filename match"
"3440","3440.png","StandardRank.png","Unclassified","No confident design or filename match"
"10399","10399.png","staradmiral_ico.png","Unclassified","No confident design or filename match"
"3364","3364.png","StarPort_Destoryed.png","Unclassified","No confident design or filename match"
"3335","3335.png","starport_Extriror.png","Unclassified","No confident design or filename match"
"5379","5379.png","StarSystemPanel.png","Unclassified","No confident design or filename match"
"4830","4830.png","StarSystemsIcon.png","Unclassified","No confident design or filename match"
"3527","3527.png","Steampunk_Suit.png","Unclassified","No confident design or filename match"
"6745","6745.png","Steampunk-engine-animation.png","Unclassified","No confident design or filename match"
"6748","6748.png","Steampunk-gas-laser-animation.png","Unclassified","No confident design or filename match"
"6747","6747.png","Steampunk-mining-laser-animation.png","Unclassified","No confident design or filename match"
"6743","6743.png","Steampunk-missile.png","Unclassified","No confident design or filename match"
"6750","6750.png","SteampunkPackIcon.png","Unclassified","No confident design or filename match"
"6749","6749.png","SteampunkPromo.png","Unclassified","No confident design or filename match"
"6744","6744.png","Steampunk-trap-animation.png","Unclassified","No confident design or filename match"
"6801","6801.png","StoreSceneBg_Gray.png","Unclassified","No confident design or filename match"
"6771","6771.png","StoreSceneBg_RustBucket.png","Unclassified","No confident design or filename match"
"8206","8206.png","Stunanimationsheet.png","Unclassified","No confident design or filename match"
"6852","6852.png","suimmit-wrap.png","Unclassified","No confident design or filename match"
"6853","6853.png","suimmit-wrap-icon.png","Unclassified","No confident design or filename match"
"6395","6395.png","SummaryFrame3.png","Unclassified","No confident design or filename match"
"6285","6285.png","summer-event-bg.png","Unclassified","No confident design or filename match"
"6284","6284.png","summer-rock.png","Unclassified","No confident design or filename match"
"7179","7179.png","SunnyPet.png","Unclassified","No confident design or filename match"
"7323","7323.png","SunspotPet.png","Unclassified","No confident design or filename match"
"5423","5423.png","super-laser-hit_electric.png","Unclassified","No confident design or filename match"
"5427","5427.png","super-laser-launch-animation.png","Unclassified","No confident design or filename match"
"3422","3422.png","SuperMissile_exterior.png","Unclassified","No confident design or filename match"
"3426","3426.png","SuperMissile_exterior_destoryed.png","Unclassified","No confident design or filename match"
"3420","3420.png","SuperMissile_Lv1.png","Unclassified","No confident design or filename match"
"3424","3424.png","SuperMissile_Lv1_Destoryed.png","Unclassified","No confident design or filename match"
"3227","3227.png","SuperMissileExterior.png","Unclassified","No confident design or filename match"
"3228","3228.png","SuperMissileExteriorDestoryed.png","Unclassified","No confident design or filename match"
"3235","3235.png","SuperMissileLauncher_Destoryed.png","Unclassified","No confident design or filename match"
"3223","3223.png","SuperMissileLauncher_Lv3.png","Unclassified","No confident design or filename match"
"3224","3224.png","SuperMissileLauncher_Lv4.png","Unclassified","No confident design or filename match"
"3225","3225.png","SuperMissileLauncher_Lv5.png","Unclassified","No confident design or filename match"
"3226","3226.png","SuperMissileLauncher_Lv6.png","Unclassified","No confident design or filename match"
"9784","9784.png","supernova_icon.png","Unclassified","No confident design or filename match"
"4907","4907.png","Swallow_Angry.png","Unclassified","No confident design or filename match"
"4910","4910.png","SwallowInfected_Horror.png","Unclassified","No confident design or filename match"
"8305","8305.png","TacticalNukeLauncher_ext.png","Unclassified","No confident design or filename match"
"8045","8045.png","TelepportInterdictorGate_Lv1.png","Unclassified","No confident design or filename match"
"8046","8046.png","TelepportInterdictorGate_Lv2.png","Unclassified","No confident design or filename match"
"9459","9459.png","terror_field_ico.png","Unclassified","No confident design or filename match"
"9603","9603.png","TimeBomb.png","Unclassified","No confident design or filename match"
"9617","9617.png","TimeMachineEngineTrail.png","Unclassified","No confident design or filename match"
"1539","1539.png","timeout.png","Unclassified","No confident design or filename match"
"10582","10582.png","Title_BP35.png","Unclassified","No confident design or filename match"
"10619","10619.png","Tomato_Mine.png","Unclassified","No confident design or filename match"
"10483","10483.png","TorpedoAnimation_Chimera.png","Unclassified","No confident design or filename match"
"8090","8090.png","TorpedoAnimation_EMP.png","Unclassified","No confident design or filename match"
"8091","8091.png","TorpedoAnimation_Freeze.png","Unclassified","No confident design or filename match"
"6669","6669.png","tour_fleet-council.png","Unclassified","No confident design or filename match"
"3437","3437.png","Tour1ST.png","Unclassified","No confident design or filename match"
"3438","3438.png","Tour2nd.png","Unclassified","No confident design or filename match"
"3439","3439.png","Tour3rd.png","Unclassified","No confident design or filename match"
"6878","6878.png","tour-dove-EMP.png","Unclassified","No confident design or filename match"
"4844","4844.png","Tournament2019FEB.png","Unclassified","No confident design or filename match"
"5628","5628.png","TournamentBattle_Banner.png","Unclassified","No confident design or filename match"
"5627","5627.png","TournamentBattleButton.png","Unclassified","No confident design or filename match"
"3444","3444.png","TournamentSenceDot.png","Unclassified","No confident design or filename match"
"6452","6452.png","TourNov2021_ExplosiveMine.png","Unclassified","No confident design or filename match"
"6453","6453.png","TourNov2021_ExplosiveMineAlter.png","Unclassified","No confident design or filename match"
"6154","6154.png","TourReward_GasStorage.png","Unclassified","No confident design or filename match"
"5877","5877.png","TourReward_MinStorage.png","Unclassified","No confident design or filename match"
"6696","6696.png","tour-reward-battery.png","Unclassified","No confident design or filename match"
"8315","8315.png","TracorBeamEmitter_ext.png","Unclassified","No confident design or filename match"
"8318","8318.png","TractorBeamAnimation.png","Unclassified","No confident design or filename match"
"1275","1275.png","TrainingResearch.png","Unclassified","No confident design or filename match"
"3659","3659.png","Trap_Destoried.png","Unclassified","No confident design or filename match"
"1672","1672.png","Trap_Lv2_Animation.png","Unclassified","No confident design or filename match"
"1675","1675.png","Trap_Lv3_Animation.png","Unclassified","No confident design or filename match"
"1900","1900.png","Trap_Lv5_Animation.png","Unclassified","No confident design or filename match"
"1909","1909.png","Trap_Lv6_Animation.png","Unclassified","No confident design or filename match"
"1910","1910.png","Trap_Lv7_Animation.png","Unclassified","No confident design or filename match"
"1912","1912.png","Trap_Lv8_Animation.png","Unclassified","No confident design or filename match"
"6724","6724.png","TrashCannonCard.png","Unclassified","No confident design or filename match"
"6623","6623.png","TrashCompactorCard.png","Unclassified","No confident design or filename match"
"8312","8312.png","TurboLaser_beam.png","Unclassified","No confident design or filename match"
"8306","8306.png","TurboLaser_ext.png","Unclassified","No confident design or filename match"
"8313","8313.png","TurboLaser_hit.png","Unclassified","No confident design or filename match"
"8314","8314.png","TurboLaser_launch.png","Unclassified","No confident design or filename match"
"2004","2004.png","TurnBasePie.png","Unclassified","No confident design or filename match"
"1095","1095.png","TurretFire.png","Unclassified","No confident design or filename match"
"325","325.png","Tutorial-Girl.png","Unclassified","No confident design or filename match"
"402","402.png","tutorial-sign.png","Unclassified","No confident design or filename match"
"7858","7858.png","Vent_Tournament.png","Unclassified","No confident design or filename match"
"4943","4943.png","versus_screen_asset.png","Unclassified","No confident design or filename match"
"5159","5159.png","versus_screen_asset_ZH.png","Unclassified","No confident design or filename match"
"254","254.png","Victory.png","Unclassified","No confident design or filename match"
"10400","10400.png","vikinggraf_ico.png","Unclassified","No confident design or filename match"
"6803","6803.png","Visiri-Emissary-bg.png","Unclassified","No confident design or filename match"
"6805","6805.png","Visiri-Emissary-logo.png","Unclassified","No confident design or filename match"
"10658","10658.png","VisiriMechbay_Galatic.png","Unclassified","No confident design or filename match"
"10401","10401.png","voidfed_ico.png","Unclassified","No confident design or filename match"
"4620","4620.png","Volcanic-World.png","Unclassified","No confident design or filename match"
"8884","8884.png","WargameButton.png","Unclassified","No confident design or filename match"
"8890","8890.png","WargameButtonFrame.png","Unclassified","No confident design or filename match"
"8889","8889.png","WargameButtonMask.png","Unclassified","No confident design or filename match"
"8885","8885.png","WargameButtonSelectFrame.png","Unclassified","No confident design or filename match"
"9262","9262.png","WargameIcon_CraftKiller.png","Unclassified","No confident design or filename match"
"9263","9263.png","WargameIcon_ExplosionEMP.png","Unclassified","No confident design or filename match"
"8886","8886.png","WargameIcon_TimeTrial.png","Unclassified","No confident design or filename match"
"1681","1681.png","warp_effect_1.png","Unclassified","No confident design or filename match"
"5014","5014.png","warp_effect_1_red.png","Unclassified","No confident design or filename match"
"1682","1682.png","warp_effect_2.png","Unclassified","No confident design or filename match"
"5015","5015.png","warp_effect_2_red.png","Unclassified","No confident design or filename match"
"4986","4986.png","WarpAnimation.png","Unclassified","No confident design or filename match"
"6685","6685.png","WaterEngineCard.png","Unclassified","No confident design or filename match"
"10485","10485.png","WeakenEffect.png","Unclassified","No confident design or filename match"
"5224","5224.png","Whale_sprinkler.png","Unclassified","No confident design or filename match"
"5007","5007.png","WhatsNewArt.png","Unclassified","No confident design or filename match"
"8750","8750.png","WhatsNewArt_CAH.png","Unclassified","No confident design or filename match"
"9846","9846.png","WhatsNewArt_FleetWars.png","Unclassified","No confident design or filename match"
"10462","10462.png","WhatsNewArt_Wishlist.png","Unclassified","No confident design or filename match"
"8888","8888.png","whitePixel.png","Unclassified","No confident design or filename match"
"9261","9261.png","wolficon.png","Unclassified","No confident design or filename match"
"5016","5016.png","WorkShop_Reward01.png","Unclassified","No confident design or filename match"
"5017","5017.png","WorkShop_Reward02.png","Unclassified","No confident design or filename match"
"4995","4995.png","WormDefender.png","Unclassified","No confident design or filename match"
"4643","4643.png","XmasLightball_Lv1.png","Unclassified","No confident design or filename match"
"4644","4644.png","XmasLightball_Lv2.png","Unclassified","No confident design or filename match"
"4645","4645.png","XmasLightball_Lv3.png","Unclassified","No confident design or filename match"
"5297","5297.png","Year_text_Drone.png","Unclassified","No confident design or filename match"
"378","378.png","zoom-in-_UI-Background-layer_4.png","Unclassified","No confident design or filename match"
